"type","choice","old","new","question","required","relevant","constraint","calculation","Continua","Discreta","Binaria","Categorica","Promedio","Suma","Maximo","Minimo","Porcentaje","IfAny","Count","Moda","area_total","area_coffee","area_productive","area_all","weight_produced","weight_sold","distance_between","distance_within","price_min","price_max","baseline","endline","bl_loop","el_loop","force_join","bar_plot_avg","bar_plot_cnt","line_plot_y","line_plot_x","donut_plot","choropleth_plot","grouping_var","type_column","logarithm"
"integer",NA,"J7","accessedCreditOrLoan","Cuantas deudas adquirieron durante el ciclo 2023/2024?",TRUE,NA,".>=0 and .<=30",NA,0,1,0,0,NA,NA,NA,NA,NA,NA,NA,NA,NA,NA,NA,NA,NA,NA,NA,NA,NA,NA,1,1,NA,NA,NA,NA,NA,NA,NA,NA,NA,NA,NA,NA
"select_one","sn",NA,"accessedFormalCredit","Accedieron al credito o prestamo?",TRUE,"selected(${triedFormalCredit}, 'Y')",NA,NA,0,0,1,0,NA,NA,NA,NA,NA,NA,NA,NA,NA,NA,NA,NA,NA,NA,NA,NA,NA,NA,0,1,NA,NA,NA,NA,NA,NA,NA,NA,NA,NA,NA,NA
"select_one","sn","E45A","acquiredSeedlings","Adquirio plantulas?",TRUE,"sourceOfNewSeeds == 'No adquirio semillas'",NA,NA,0,0,1,0,NA,NA,NA,NA,NA,NA,NA,NA,NA,NA,NA,NA,NA,NA,NA,NA,NA,NA,1,0,NA,NA,NA,NA,NA,NA,NA,NA,NA,NA,NA,NA
"integer",NA,NA,"Additional_respondents","ENCUESTADOR Cuantas personas contribuyeron a completar la encuesta?",TRUE,NA,NA,NA,0,1,0,0,NA,NA,NA,NA,NA,NA,NA,NA,NA,NA,NA,NA,NA,NA,NA,NA,NA,NA,0,1,NA,NA,26,NA,NA,NA,NA,NA,NA,NA,NA,NA
"integer",NA,NA,"ADDITIONAL_RESPONDENTS","ENCUESTADOR Cuantas personas contribuyeron a completar la encuesta?",TRUE,NA,NA,NA,0,1,0,0,NA,NA,NA,NA,NA,NA,NA,NA,NA,NA,NA,NA,NA,NA,NA,NA,NA,NA,1,0,NA,NA,26,NA,NA,NA,NA,NA,NA,NA,NA,NA
"select_one","snn","F1","adoptedRecommendedTechnologies","Teniendo en cuenta el periodo anterior a la cosecha 2023/2024 adopto alguna tecnologia o practica recomendada por una organizacion externa o divulgador durante ese ciclo? Incluso si ya no la utiliza por favor informenos.",TRUE,NA,NA,NA,0,0,1,0,NA,NA,NA,NA,NA,NA,NA,NA,NA,NA,NA,NA,NA,NA,NA,NA,NA,NA,1,1,NA,NA,NA,NA,NA,NA,NA,NA,NA,NA,NA,NA
"select_one","yes_no","G4","affiliationWithCoffeeOrganization","Algun miembro del hogar esta afiliado a una organizacion gremial de cafe?",TRUE,NA,NA,NA,0,0,1,0,NA,NA,NA,NA,NA,NA,NA,NA,NA,NA,NA,NA,NA,NA,NA,NA,NA,NA,1,0,NA,NA,NA,NA,NA,NA,NA,NA,NA,NA,NA,NA
"select_one","sn",NA,"agreesToDataUse","Esta de acuerdo con el uso de los datos?",TRUE,NA,NA,NA,0,0,1,0,NA,NA,NA,NA,NA,NA,NA,NA,NA,NA,NA,NA,NA,NA,NA,NA,NA,NA,0,1,NA,NA,NA,NA,NA,NA,NA,NA,NA,NA,NA,NA
"select_one","sn","A9","agreesToSurveyParticipation","Consiente en proporcionar informacion para esta encuesta?",TRUE,NA,NA,NA,0,0,1,0,NA,NA,NA,NA,NA,NA,NA,NA,NA,NA,NA,NA,NA,NA,NA,NA,NA,NA,1,1,NA,NA,NA,NA,NA,NA,NA,NA,NA,NA,NA,NA
"select_multiple","other_commun","D5","alternativeCommunicationMeans","Dado que no utiliza WhatsApp como se comunica con familiares y amigos usando su celular?",TRUE,"${usesWhatsAppForMessages} = 'N'",NA,NA,0,0,0,2,NA,NA,NA,NA,NA,NA,NA,NA,NA,NA,NA,NA,NA,NA,NA,NA,NA,NA,1,1,NA,NA,NA,NA,NA,NA,NA,NA,NA,NA,NA,NA
"dummies","other_commun",NA,"alternativeCommunicationMeans/Facebook","Dado que no utiliza WhatsApp como se comunica con su familia y amigos a traves del telefono movil/celular?/Facebook",NA,NA,NA,NA,0,0,1,0,NA,NA,NA,NA,NA,NA,NA,NA,NA,NA,NA,NA,NA,NA,NA,NA,NA,NA,1,1,NA,NA,NA,NA,NA,NA,NA,NA,NA,NA,NA,NA
"dummies","other_commun",NA,"alternativeCommunicationMeans/Instagram","Dado que no utiliza WhatsApp como se comunica con su familia y amigos a traves del telefono movil/celular?/Instagram",NA,NA,NA,NA,0,0,1,0,NA,NA,NA,NA,NA,NA,NA,NA,NA,NA,NA,NA,NA,NA,NA,NA,NA,NA,0,1,NA,NA,NA,NA,NA,NA,NA,NA,NA,NA,NA,NA
"dummies","other_commun",NA,"alternativeCommunicationMeans/other","Dado que no utiliza WhatsApp como se comunica con su familia y amigos a traves del telefono movil/celular?/Otro",NA,NA,NA,NA,0,0,1,0,NA,NA,NA,NA,NA,NA,NA,NA,NA,NA,NA,NA,NA,NA,NA,NA,NA,NA,1,1,NA,NA,NA,NA,NA,NA,NA,NA,NA,NA,NA,NA
"dummies","other_commun",NA,"alternativeCommunicationMeans/SMS","Dado que no utiliza WhatsApp como se comunica con su familia y amigos a traves del telefono movil/celular?/SMS",NA,NA,NA,NA,0,0,1,0,NA,NA,NA,NA,NA,NA,NA,NA,NA,NA,NA,NA,NA,NA,NA,NA,NA,NA,1,1,NA,NA,NA,NA,NA,NA,NA,NA,NA,NA,NA,NA
"dummies","other_commun",NA,"alternativeCommunicationMeans/voice","Dado que no utiliza WhatsApp como se comunica con su familia y amigos a traves del telefono movil/celular?/Yo no mando mensajes de texto solo hago llamadas de voz",NA,NA,NA,NA,0,0,1,0,NA,NA,NA,NA,NA,NA,NA,NA,NA,NA,NA,NA,NA,NA,NA,NA,NA,NA,1,1,NA,NA,NA,NA,NA,NA,NA,NA,NA,NA,NA,NA
"decimal",NA,"E64X","amountCoffeeSold","De los ${amountOfCoffeeProducedLastHarvest} (${coffeeProductionMeasurementUnitLabel}) que produjo en la anterior cosecha cuantos ${coffeeProductionMeasurementUnit} vendio a ${buyer}?",TRUE,NA,".<=${amountOfCoffeeProducedLastHarvest}",NA,1,0,0,0,NA,NA,NA,NA,NA,NA,NA,NA,NA,NA,NA,NA,NA,NA,NA,NA,NA,NA,1,1,"sales_repeat",NA,NA,NA,NA,NA,NA,NA,NA,NA,NA,NA
"decimal",NA,"E22","amountOfCoffeeProducedLastHarvest","Cuanto cafe produjo en la ultima cosecha?",TRUE,NA,NA,NA,1,0,0,0,NA,NA,NA,NA,NA,NA,NA,NA,0,0,0,0,2,0,0,0,0,0,1,1,NA,NA,NA,NA,NA,NA,NA,NA,NA,NA,NA,NA
"decimal",NA,NA,"amountOfCoffeeProducedLastHarvestInKgGreen","Cuanto cafe produjo en la ultima cosecha?",TRUE,NA,NA,NA,1,0,0,0,NA,NA,NA,NA,NA,NA,NA,NA,NA,NA,NA,NA,NA,NA,NA,NA,NA,NA,1,1,NA,NA,NA,1,NA,NA,NA,NA,1,NA,1,1
"decimal",NA,"E69","amountSold","De los/las ${coffeeProductionMeasurementUnitLabel} vendidos a ${buyer} cuantos ${coffeeProductionMeasurementUnitLabel} correspondieron a ventas de ${TCX}?",TRUE,NA,NA,NA,1,0,0,0,0,0,0,0,0,0,0,0,0,0,0,0,0,2,0,0,0,0,1,1,"sales_process_repeat","sales_process_repeat",NA,NA,NA,NA,NA,NA,NA,NA,NA,NA
"decimal",NA,NA,"amountSoldInKgGreen","De los/las ${coffeeProductionMeasurementUnitLabel} vendidos a ${buyer} cuantos ${coffeeProductionMeasurementUnitLabel} correspondieron a ventas de ${TCX}?",TRUE,NA,NA,NA,1,0,0,0,0,1,0,0,0,0,0,0,NA,NA,NA,NA,NA,NA,NA,NA,NA,NA,1,1,"sales_process_repeat","sales_process_repeat",NA,NA,NA,NA,NA,NA,NA,NA,NA,NA
"calculate",NA,"E69CA","amountSoldInKgGreen_aux","Cantidad de cafe vendida, en cafe verde y kg",NA,NA,NA,"sum(${E69C})",1,0,0,0,0,0,0,0,0,0,0,0,NA,NA,NA,NA,NA,NA,NA,NA,NA,NA,1,0,NA,NA,NA,NA,NA,NA,NA,NA,NA,NA,NA,NA
"calculate",NA,NA,"amountSoldInKgGreen_typ","Cantidad de cafe vendida a comprador X por tipo de cafe, en cafe verde y kg",NA,NA,NA,"if(selected(${salesMeasurementUnit}, ""lb""),${E70CA}*0.46,if(selected(${salesMeasurementUnit}, ""qq""),${E70CA}*46,${E70CA}*1000))",1,0,0,0,0,1,0,0,0,0,0,0,NA,NA,NA,NA,NA,NA,NA,NA,NA,NA,1,1,"sales_repeat","sales_repeat",NA,NA,NA,NA,NA,NA,NA,NA,NA,NA
"calculate",NA,"E69CA","amountSoldInKgGreen_typ_buy","Cantidad de cafe vendida al comprador X, en cafe verde y kg",NA,NA,NA,"sum(${E70CB})",1,0,0,0,NA,NA,NA,NA,NA,NA,NA,NA,NA,NA,NA,NA,NA,NA,NA,NA,NA,NA,1,1,NA,NA,NA,1,NA,NA,NA,NA,NA,NA,1,1
"integer",NA,NA,"area_terr_rowid","Identificador de numero de parcela",NA,NA,NA,NA,0,1,0,0,0,0,0,0,0,0,0,0,NA,NA,NA,NA,NA,NA,NA,NA,NA,NA,1,0,"area_terr",NA,NA,NA,NA,NA,NA,NA,NA,NA,NA,NA
"calculate",NA,"F5","aspectImproved","Identificador de tecnologia usada por el agricultor",NA,NA,NA,NA,0,0,0,1,NA,NA,NA,NA,NA,NA,NA,NA,NA,NA,NA,NA,NA,NA,NA,NA,NA,NA,1,0,"tech_repeat",NA,NA,NA,NA,NA,NA,NA,NA,NA,NA,NA
"calculate",NA,NA,"aspectImproved_conservation","Identificador de tecnologia usada por el agricultor/Conservacion del suelo y gestion de las malas hierbas",NA,NA,NA,NA,0,0,1,0,0,0,0,0,0,1,0,0,NA,NA,NA,NA,NA,NA,NA,NA,NA,NA,1,0,"tech_repeat",NA,NA,NA,NA,NA,NA,NA,NA,NA,NA,NA
"calculate",NA,NA,"aspectImproved_conservation_tec","Identificador de tecnologia usada por el agricultor/Conservacion del suelo y gestion de las malas hierbas",NA,NA,NA,NA,0,0,1,0,NA,NA,NA,NA,NA,NA,NA,NA,NA,NA,NA,NA,NA,NA,NA,NA,NA,NA,1,0,NA,NA,NA,NA,NA,NA,NA,NA,NA,NA,NA,NA
"calculate",NA,NA,"aspectImproved_establishment","Identificador de tecnologia usada por el agricultor/Establecimiento de plantaciones",NA,NA,NA,NA,0,0,1,0,0,0,0,0,0,1,0,0,NA,NA,NA,NA,NA,NA,NA,NA,NA,NA,1,0,"tech_repeat",NA,NA,NA,NA,NA,NA,NA,NA,NA,NA,NA
"calculate",NA,NA,"aspectImproved_establishment_tec","Identificador de tecnologia usada por el agricultor/Establecimiento de plantaciones",NA,NA,NA,NA,0,0,1,0,NA,NA,NA,NA,NA,NA,NA,NA,NA,NA,NA,NA,NA,NA,NA,NA,NA,NA,1,0,NA,NA,NA,NA,NA,NA,NA,NA,NA,NA,NA,NA
"calculate",NA,NA,"aspectImproved_fertility","Identificador de tecnologia usada por el agricultor/Fertilidad del suelo y nutricion de las plantas",NA,NA,NA,NA,0,0,1,0,0,0,0,0,0,1,0,0,NA,NA,NA,NA,NA,NA,NA,NA,NA,NA,1,0,"tech_repeat",NA,NA,NA,NA,NA,NA,NA,NA,NA,NA,NA
"calculate",NA,NA,"aspectImproved_fertility_tec","Identificador de tecnologia usada por el agricultor/Fertilidad del suelo y nutricion de las plantas",NA,NA,NA,NA,0,0,1,0,NA,NA,NA,NA,NA,NA,NA,NA,NA,NA,NA,NA,NA,NA,NA,NA,NA,NA,1,0,NA,NA,NA,NA,NA,NA,NA,NA,NA,NA,NA,NA
"calculate",NA,NA,"aspectImproved_ipm","Identificador de tecnologia usada por el agricultor/Gestion integrada de plagas y enfermedades",NA,NA,NA,NA,0,0,1,0,0,0,0,0,0,1,0,0,NA,NA,NA,NA,NA,NA,NA,NA,NA,NA,1,0,"tech_repeat",NA,NA,NA,NA,NA,NA,NA,NA,NA,NA,NA
"calculate",NA,NA,"aspectImproved_ipm_tec","Identificador de tecnologia usada por el agricultor/Gestion integrada de plagas y enfermedades",NA,NA,NA,NA,0,0,1,0,NA,NA,NA,NA,NA,NA,NA,NA,NA,NA,NA,NA,NA,NA,NA,NA,NA,NA,1,0,NA,NA,NA,NA,NA,NA,NA,NA,NA,NA,NA,NA
"calculate",NA,NA,"aspectImproved_none","Identificador de tecnologia usada por el agricultor/Ninguno",NA,NA,NA,NA,0,0,1,0,0,0,0,0,0,1,0,0,NA,NA,NA,NA,NA,NA,NA,NA,NA,NA,0,0,"tech_repeat",NA,NA,NA,NA,NA,NA,NA,NA,NA,NA,NA
"calculate",NA,NA,"aspectImproved_none_tec","Identificador de tecnologia usada por el agricultor/Ninguno",NA,NA,NA,NA,0,0,1,0,NA,NA,NA,NA,NA,NA,NA,NA,NA,NA,NA,NA,NA,NA,NA,NA,NA,NA,0,0,NA,NA,NA,NA,NA,NA,NA,NA,NA,NA,NA,NA
"calculate",NA,NA,"aspectImproved_nursery","Identificador de tecnologia usada por el agricultor/Semilleros y viveros",NA,NA,NA,NA,0,0,1,0,0,0,0,0,0,1,0,0,NA,NA,NA,NA,NA,NA,NA,NA,NA,NA,1,0,"tech_repeat",NA,NA,NA,NA,NA,NA,NA,NA,NA,NA,NA
"calculate",NA,NA,"aspectImproved_nursery_tec","Identificador de tecnologia usada por el agricultor/Semilleros y viveros",NA,NA,NA,NA,0,0,1,0,NA,NA,NA,NA,NA,NA,NA,NA,NA,NA,NA,NA,NA,NA,NA,NA,NA,NA,1,0,NA,NA,NA,NA,NA,NA,NA,NA,NA,NA,NA,NA
"calculate",NA,NA,"aspectImproved_pruning","Identificador de tecnologia usada por el agricultor/Poda de bandolas (poda sanitaria)",NA,NA,NA,NA,0,0,1,0,0,0,0,0,0,1,0,0,NA,NA,NA,NA,NA,NA,NA,NA,NA,NA,0,0,"tech_repeat",NA,NA,NA,NA,NA,NA,NA,NA,NA,NA,NA
"calculate",NA,NA,"aspectImproved_pruning_tec","Identificador de tecnologia usada por el agricultor/Poda de bandolas (poda sanitaria)",NA,NA,NA,NA,0,0,1,0,NA,NA,NA,NA,NA,NA,NA,NA,NA,NA,NA,NA,NA,NA,NA,NA,NA,NA,0,0,NA,NA,NA,NA,NA,NA,NA,NA,NA,NA,NA,NA
"calculate",NA,NA,"aspectImproved_quality","Identificador de tecnologia usada por el agricultor/Control de calidad y recoleccion selectiva",NA,NA,NA,NA,0,0,1,0,0,0,0,0,0,1,0,0,NA,NA,NA,NA,NA,NA,NA,NA,NA,NA,1,0,"tech_repeat",NA,NA,NA,NA,NA,NA,NA,NA,NA,NA,NA
"calculate",NA,NA,"aspectImproved_quality_tec","Identificador de tecnologia usada por el agricultor/Control de calidad y recoleccion selectiva",NA,NA,NA,NA,0,0,1,0,NA,NA,NA,NA,NA,NA,NA,NA,NA,NA,NA,NA,NA,NA,NA,NA,NA,NA,1,0,NA,NA,NA,NA,NA,NA,NA,NA,NA,NA,NA,NA
"calculate",NA,NA,"aspectImproved_records","Identificador de tecnologia usada por el agricultor/Mantenimiento de registros y planes de inversion",NA,NA,NA,NA,0,0,1,0,0,0,0,0,0,1,0,0,NA,NA,NA,NA,NA,NA,NA,NA,NA,NA,1,0,"tech_repeat",NA,NA,NA,NA,NA,NA,NA,NA,NA,NA,NA
"calculate",NA,NA,"aspectImproved_records_tec","Identificador de tecnologia usada por el agricultor/Mantenimiento de registros y planes de inversion",NA,NA,NA,NA,0,0,1,0,NA,NA,NA,NA,NA,NA,NA,NA,NA,NA,NA,NA,NA,NA,NA,NA,NA,NA,1,0,NA,NA,NA,NA,NA,NA,NA,NA,NA,NA,NA,NA
"calculate",NA,NA,"aspectImproved_rnr","Identificador de tecnologia usada por el agricultor/Rehabilitacion y renovacion",NA,NA,NA,NA,0,0,1,0,0,0,0,0,0,1,0,0,NA,NA,NA,NA,NA,NA,NA,NA,NA,NA,1,0,"tech_repeat",NA,NA,NA,NA,NA,NA,NA,NA,NA,NA,NA
"calculate",NA,NA,"aspectImproved_rnr_tec","Identificador de tecnologia usada por el agricultor/Rehabilitacion y renovacion",NA,NA,NA,NA,0,0,1,0,NA,NA,NA,NA,NA,NA,NA,NA,NA,NA,NA,NA,NA,NA,NA,NA,NA,NA,1,0,NA,NA,NA,NA,NA,NA,NA,NA,NA,NA,NA,NA
"calculate",NA,NA,"aspectImproved_shade","Identificador de tecnologia usada por el agricultor/Gestion de la sombra de los arboles",NA,NA,NA,NA,0,0,1,0,0,0,0,0,0,1,0,0,NA,NA,NA,NA,NA,NA,NA,NA,NA,NA,1,0,"tech_repeat",NA,NA,NA,NA,NA,NA,NA,NA,NA,NA,NA
"calculate",NA,NA,"aspectImproved_shade_tec","Identificador de tecnologia usada por el agricultor/Gestion de la sombra de los arboles",NA,NA,NA,NA,0,0,1,0,NA,NA,NA,NA,NA,NA,NA,NA,NA,NA,NA,NA,NA,NA,NA,NA,NA,NA,1,0,NA,NA,NA,NA,NA,NA,NA,NA,NA,NA,NA,NA
"calculate",NA,NA,"aspectImproved_tissue","Identificador de tecnologia usada por el agricultor/Manejo de tejidos",NA,NA,NA,NA,0,0,1,0,0,0,0,0,0,1,0,0,NA,NA,NA,NA,NA,NA,NA,NA,NA,NA,1,0,"tech_repeat",NA,NA,NA,NA,NA,NA,NA,NA,NA,NA,NA
"calculate",NA,NA,"aspectImproved_tissue_tec","Identificador de tecnologia usada por el agricultor/Manejo de tejidos",NA,NA,NA,NA,0,0,1,0,NA,NA,NA,NA,NA,NA,NA,NA,NA,NA,NA,NA,NA,NA,NA,NA,NA,NA,1,0,NA,NA,NA,NA,NA,NA,NA,NA,NA,NA,NA,NA
"calculate",NA,"F5A","aspectImprovedId","Filtro para aspectos mejorados en la finca",NA,NA,NA,"if(${TIX}=""Fertilidad del suelo y nutrición de las plantas"",1, if(${TIX}=""Gestión integrada de plagas y enfermedades"",2, if(${TIX}=""Gestión de la sombra de los árboles"",3, if(${TIX}=""Semilleros y viveros"",4, if(${TIX}=""Establecimiento de plantaciones"",5, if(${TIX}=""Conservación del suelo y gestión de las malas hierbas"",6, if(${TIX}=""Rehabilitación y renovación"",7, if(${TIX}=""Manejo de tejidos"",8, if(${TIX}=""Mantenimiento de registros y planes de inversión"",9, if(${TIX}=""Control de calidad y recolección selectiva"",10,  if(${TIX}=""Poda de bandolas (poda sanitaria)"",11,12)))))))))))",0,1,0,0,0,0,0,0,0,0,0,0,NA,NA,NA,NA,NA,NA,NA,NA,NA,NA,1,1,"tech_repeat","tech_repeat",NA,NA,NA,NA,NA,NA,NA,NA,NA,NA
"select_multiple","interventions","F6","aspectsExperimentedWith","Que aspectos de ${TIX} ensayo?",NA,"${receivedTechnicalAssistance} = 'indiv' or ${receivedTechnicalAssistance} = 'group' or ${receivedTechnicalAssistance} = 'both'","not((selected(${aspectsExperimentedWith}, '7') or selected(${aspectsExperimentedWith}, '12') or selected(${aspectsExperimentedWith}, '16') or selected(${aspectsExperimentedWith}, '20') or selected(${aspectsExperimentedWith}, '23') or selected(${aspectsExperimentedWith}, '31') or selected(${aspectsExperimentedWith}, '36') or selected(${aspectsExperimentedWith}, '41') or selected(${aspectsExperimentedWith}, '46') or selected(${aspectsExperimentedWith}, '53')) and count-selected(${aspectsExperimentedWith}) > 1)",NA,0,0,0,2,0,0,0,0,0,0,0,0,NA,NA,NA,NA,NA,NA,NA,NA,NA,NA,1,1,"tech_repeat","tech_repeat",NA,NA,NA,NA,NA,NA,NA,NA,NA,NA
"dummies","interventions",NA,"aspectsExperimentedWith/1","Que aspectos de ${TIX} ensayo?/Minimo 3 fertilizaciones al ano",NA,NA,NA,NA,0,0,1,0,0,0,0,0,0,1,0,0,NA,NA,NA,NA,NA,NA,NA,NA,NA,NA,1,1,"tech_repeat","tech_repeat",NA,NA,NA,NA,NA,NA,NA,NA,NA,NA
"dummies","interventions",NA,"aspectsExperimentedWith/1_tec","Que aspectos de ${TIX} ensayo?/Minimo 3 fertilizaciones al ano",NA,NA,NA,NA,0,0,1,0,NA,NA,NA,NA,NA,NA,NA,NA,NA,NA,NA,NA,NA,NA,NA,NA,NA,NA,1,1,NA,NA,NA,NA,NA,NA,NA,NA,NA,NA,NA,NA
"dummies","interventions",NA,"aspectsExperimentedWith/10","Que aspectos de ${TIX} ensayo?/Aplicacion de practicas agricolas climaticamente inteligentes que incluyan acolchado sombra a corto plazo arboles perennes diversificacion",NA,NA,NA,NA,0,0,1,0,0,0,0,0,0,1,0,0,NA,NA,NA,NA,NA,NA,NA,NA,NA,NA,0,1,"tech_repeat","tech_repeat",NA,NA,NA,NA,NA,NA,NA,NA,NA,NA
"dummies","interventions",NA,"aspectsExperimentedWith/10_tec","Que aspectos de ${TIX} ensayo?/Aplicacion de practicas agricolas climaticamente inteligentes que incluyan acolchado sombra a corto plazo arboles perennes diversificacion",NA,NA,NA,NA,0,0,1,0,NA,NA,NA,NA,NA,NA,NA,NA,NA,NA,NA,NA,NA,NA,NA,NA,NA,NA,0,1,NA,NA,NA,NA,NA,NA,NA,NA,NA,NA,NA,NA
"dummies","interventions",NA,"aspectsExperimentedWith/11","Que aspectos de ${TIX} ensayo?/Conocimiento de la variedad y el origen del material de plantacion",NA,NA,NA,NA,0,0,1,0,0,0,0,0,0,1,0,0,NA,NA,NA,NA,NA,NA,NA,NA,NA,NA,1,1,"tech_repeat","tech_repeat",NA,NA,NA,NA,NA,NA,NA,NA,NA,NA
"dummies","interventions",NA,"aspectsExperimentedWith/11_tec","Que aspectos de ${TIX} ensayo?/Conocimiento de la variedad y el origen del material de plantacion",NA,NA,NA,NA,0,0,1,0,NA,NA,NA,NA,NA,NA,NA,NA,NA,NA,NA,NA,NA,NA,NA,NA,NA,NA,1,1,NA,NA,NA,NA,NA,NA,NA,NA,NA,NA,NA,NA
"dummies","interventions",NA,"aspectsExperimentedWith/12","Que aspectos de ${TIX} ensayo?/Ninguno de estos",NA,NA,NA,NA,0,0,1,0,0,0,0,0,0,1,0,0,NA,NA,NA,NA,NA,NA,NA,NA,NA,NA,1,1,"tech_repeat","tech_repeat",NA,NA,NA,NA,NA,NA,NA,NA,NA,NA
"dummies","interventions",NA,"aspectsExperimentedWith/12_tec","Que aspectos de ${TIX} ensayo?/Ninguno de estos",NA,NA,NA,NA,0,0,1,0,NA,NA,NA,NA,NA,NA,NA,NA,NA,NA,NA,NA,NA,NA,NA,NA,NA,NA,1,1,NA,NA,NA,NA,NA,NA,NA,NA,NA,NA,NA,NA
"dummies","interventions",NA,"aspectsExperimentedWith/13","Que aspectos de ${TIX} ensayo?/Emplea metodos para el control de plagas",NA,NA,NA,NA,0,0,1,0,0,0,0,0,0,1,0,0,NA,NA,NA,NA,NA,NA,NA,NA,NA,NA,1,1,"tech_repeat","tech_repeat",NA,NA,NA,NA,NA,NA,NA,NA,NA,NA
"dummies","interventions",NA,"aspectsExperimentedWith/13_tec","Que aspectos de ${TIX} ensayo?/Emplea metodos para el control de plagas",NA,NA,NA,NA,0,0,1,0,NA,NA,NA,NA,NA,NA,NA,NA,NA,NA,NA,NA,NA,NA,NA,NA,NA,NA,1,1,NA,NA,NA,NA,NA,NA,NA,NA,NA,NA,NA,NA
"dummies","interventions",NA,"aspectsExperimentedWith/14","Que aspectos de ${TIX} ensayo?/Emplea metodos para el control de enfermedades",NA,NA,NA,NA,0,0,1,0,0,0,0,0,0,1,0,0,NA,NA,NA,NA,NA,NA,NA,NA,NA,NA,1,1,"tech_repeat","tech_repeat",NA,NA,NA,NA,NA,NA,NA,NA,NA,NA
"dummies","interventions",NA,"aspectsExperimentedWith/14_tec","Que aspectos de ${TIX} ensayo?/Emplea metodos para el control de enfermedades",NA,NA,NA,NA,0,0,1,0,NA,NA,NA,NA,NA,NA,NA,NA,NA,NA,NA,NA,NA,NA,NA,NA,NA,NA,1,1,NA,NA,NA,NA,NA,NA,NA,NA,NA,NA,NA,NA
"dummies","interventions",NA,"aspectsExperimentedWith/15","Que aspectos de ${TIX} ensayo?/Utiliza productos autorizados por SENASA",NA,NA,NA,NA,0,0,1,0,0,0,0,0,0,1,0,0,NA,NA,NA,NA,NA,NA,NA,NA,NA,NA,1,1,"tech_repeat","tech_repeat",NA,NA,NA,NA,NA,NA,NA,NA,NA,NA
"dummies","interventions",NA,"aspectsExperimentedWith/15_tec","Que aspectos de ${TIX} ensayo?/Utiliza productos autorizados por SENASA",NA,NA,NA,NA,0,0,1,0,NA,NA,NA,NA,NA,NA,NA,NA,NA,NA,NA,NA,NA,NA,NA,NA,NA,NA,1,1,NA,NA,NA,NA,NA,NA,NA,NA,NA,NA,NA,NA
"dummies","interventions",NA,"aspectsExperimentedWith/16","Que aspectos de ${TIX} ensayo?/Ninguno de estos",NA,NA,NA,NA,0,0,1,0,0,0,0,0,0,1,0,0,NA,NA,NA,NA,NA,NA,NA,NA,NA,NA,1,1,"tech_repeat","tech_repeat",NA,NA,NA,NA,NA,NA,NA,NA,NA,NA
"dummies","interventions",NA,"aspectsExperimentedWith/16_tec","Que aspectos de ${TIX} ensayo?/Ninguno de estos",NA,NA,NA,NA,0,0,1,0,NA,NA,NA,NA,NA,NA,NA,NA,NA,NA,NA,NA,NA,NA,NA,NA,NA,NA,1,1,NA,NA,NA,NA,NA,NA,NA,NA,NA,NA,NA,NA
"dummies","interventions",NA,"aspectsExperimentedWith/17","Que aspectos de ${TIX} ensayo?/Seleccion de semillas",NA,NA,NA,NA,0,0,1,0,0,0,0,0,0,1,0,0,NA,NA,NA,NA,NA,NA,NA,NA,NA,NA,1,1,"tech_repeat","tech_repeat",NA,NA,NA,NA,NA,NA,NA,NA,NA,NA
"dummies","interventions",NA,"aspectsExperimentedWith/17_tec","Que aspectos de ${TIX} ensayo?/Seleccion de semillas",NA,NA,NA,NA,0,0,1,0,NA,NA,NA,NA,NA,NA,NA,NA,NA,NA,NA,NA,NA,NA,NA,NA,NA,NA,1,1,NA,NA,NA,NA,NA,NA,NA,NA,NA,NA,NA,NA
"dummies","interventions",NA,"aspectsExperimentedWith/18","Que aspectos de ${TIX} ensayo?/Desinfeccion del sustrato",NA,NA,NA,NA,0,0,1,0,0,0,0,0,0,1,0,0,NA,NA,NA,NA,NA,NA,NA,NA,NA,NA,1,1,"tech_repeat","tech_repeat",NA,NA,NA,NA,NA,NA,NA,NA,NA,NA
"dummies","interventions",NA,"aspectsExperimentedWith/18_tec","Que aspectos de ${TIX} ensayo?/Desinfeccion del sustrato",NA,NA,NA,NA,0,0,1,0,NA,NA,NA,NA,NA,NA,NA,NA,NA,NA,NA,NA,NA,NA,NA,NA,NA,NA,1,1,NA,NA,NA,NA,NA,NA,NA,NA,NA,NA,NA,NA
"dummies","interventions",NA,"aspectsExperimentedWith/19","Que aspectos de ${TIX} ensayo?/Aclareo de plantas",NA,NA,NA,NA,0,0,1,0,0,0,0,0,0,1,0,0,NA,NA,NA,NA,NA,NA,NA,NA,NA,NA,1,1,"tech_repeat","tech_repeat",NA,NA,NA,NA,NA,NA,NA,NA,NA,NA
"dummies","interventions",NA,"aspectsExperimentedWith/19_tec","Que aspectos de ${TIX} ensayo?/Aclareo de plantas",NA,NA,NA,NA,0,0,1,0,NA,NA,NA,NA,NA,NA,NA,NA,NA,NA,NA,NA,NA,NA,NA,NA,NA,NA,1,1,NA,NA,NA,NA,NA,NA,NA,NA,NA,NA,NA,NA
"dummies","interventions",NA,"aspectsExperimentedWith/2","Que aspectos de ${TIX} ensayo?/Fertilizacion basada en analisis del suelo",NA,NA,NA,NA,0,0,1,0,0,0,0,0,0,1,0,0,NA,NA,NA,NA,NA,NA,NA,NA,NA,NA,1,1,"tech_repeat","tech_repeat",NA,NA,NA,NA,NA,NA,NA,NA,NA,NA
"dummies","interventions",NA,"aspectsExperimentedWith/2_tec","Que aspectos de ${TIX} ensayo?/Fertilizacion basada en analisis del suelo",NA,NA,NA,NA,0,0,1,0,NA,NA,NA,NA,NA,NA,NA,NA,NA,NA,NA,NA,NA,NA,NA,NA,NA,NA,1,1,NA,NA,NA,NA,NA,NA,NA,NA,NA,NA,NA,NA
"dummies","interventions",NA,"aspectsExperimentedWith/20","Que aspectos de ${TIX} ensayo?/Ninguno de estos",NA,NA,NA,NA,0,0,1,0,0,0,0,0,0,1,0,0,NA,NA,NA,NA,NA,NA,NA,NA,NA,NA,1,1,"tech_repeat","tech_repeat",NA,NA,NA,NA,NA,NA,NA,NA,NA,NA
"dummies","interventions",NA,"aspectsExperimentedWith/20_tec","Que aspectos de ${TIX} ensayo?/Ninguno de estos",NA,NA,NA,NA,0,0,1,0,NA,NA,NA,NA,NA,NA,NA,NA,NA,NA,NA,NA,NA,NA,NA,NA,NA,NA,1,1,NA,NA,NA,NA,NA,NA,NA,NA,NA,NA,NA,NA
"dummies","interventions",NA,"aspectsExperimentedWith/21","Que aspectos de ${TIX} ensayo?/25-50 de sombra dependiendo de la temperatura",NA,NA,NA,NA,0,0,1,0,0,0,0,0,0,1,0,0,NA,NA,NA,NA,NA,NA,NA,NA,NA,NA,1,1,"tech_repeat","tech_repeat",NA,NA,NA,NA,NA,NA,NA,NA,NA,NA
"dummies","interventions",NA,"aspectsExperimentedWith/21_tec","Que aspectos de ${TIX} ensayo?/25-50 de sombra dependiendo de la temperatura",NA,NA,NA,NA,0,0,1,0,NA,NA,NA,NA,NA,NA,NA,NA,NA,NA,NA,NA,NA,NA,NA,NA,NA,NA,1,1,NA,NA,NA,NA,NA,NA,NA,NA,NA,NA,NA,NA
"dummies","interventions",NA,"aspectsExperimentedWith/22","Que aspectos de ${TIX} ensayo?/Manejo de tejidos y poda de arboles de sombra",NA,NA,NA,NA,0,0,1,0,0,0,0,0,0,1,0,0,NA,NA,NA,NA,NA,NA,NA,NA,NA,NA,1,1,"tech_repeat","tech_repeat",NA,NA,NA,NA,NA,NA,NA,NA,NA,NA
"dummies","interventions",NA,"aspectsExperimentedWith/22_tec","Que aspectos de ${TIX} ensayo?/Manejo de tejidos y poda de arboles de sombra",NA,NA,NA,NA,0,0,1,0,NA,NA,NA,NA,NA,NA,NA,NA,NA,NA,NA,NA,NA,NA,NA,NA,NA,NA,1,1,NA,NA,NA,NA,NA,NA,NA,NA,NA,NA,NA,NA
"dummies","interventions",NA,"aspectsExperimentedWith/23","Que aspectos de ${TIX} ensayo?/Ninguno de estos",NA,NA,NA,NA,0,0,1,0,0,0,0,0,0,1,0,0,NA,NA,NA,NA,NA,NA,NA,NA,NA,NA,1,1,"tech_repeat","tech_repeat",NA,NA,NA,NA,NA,NA,NA,NA,NA,NA
"dummies","interventions",NA,"aspectsExperimentedWith/23_tec","Que aspectos de ${TIX} ensayo?/Ninguno de estos",NA,NA,NA,NA,0,0,1,0,NA,NA,NA,NA,NA,NA,NA,NA,NA,NA,NA,NA,NA,NA,NA,NA,NA,NA,1,1,NA,NA,NA,NA,NA,NA,NA,NA,NA,NA,NA,NA
"dummies","interventions",NA,"aspectsExperimentedWith/24","Que aspectos de ${TIX} ensayo?/Barreras vivas",NA,NA,NA,NA,0,0,1,0,0,0,0,0,0,1,0,0,NA,NA,NA,NA,NA,NA,NA,NA,NA,NA,1,1,"tech_repeat","tech_repeat",NA,NA,NA,NA,NA,NA,NA,NA,NA,NA
"dummies","interventions",NA,"aspectsExperimentedWith/24_tec","Que aspectos de ${TIX} ensayo?/Barreras vivas",NA,NA,NA,NA,0,0,1,0,NA,NA,NA,NA,NA,NA,NA,NA,NA,NA,NA,NA,NA,NA,NA,NA,NA,NA,1,1,NA,NA,NA,NA,NA,NA,NA,NA,NA,NA,NA,NA
"dummies","interventions",NA,"aspectsExperimentedWith/25","Que aspectos de ${TIX} ensayo?/Barreras muertas",NA,NA,NA,NA,0,0,1,0,0,0,0,0,0,1,0,0,NA,NA,NA,NA,NA,NA,NA,NA,NA,NA,1,1,"tech_repeat","tech_repeat",NA,NA,NA,NA,NA,NA,NA,NA,NA,NA
"dummies","interventions",NA,"aspectsExperimentedWith/25_tec","Que aspectos de ${TIX} ensayo?/Barreras muertas",NA,NA,NA,NA,0,0,1,0,NA,NA,NA,NA,NA,NA,NA,NA,NA,NA,NA,NA,NA,NA,NA,NA,NA,NA,1,1,NA,NA,NA,NA,NA,NA,NA,NA,NA,NA,NA,NA
"dummies","interventions",NA,"aspectsExperimentedWith/26","Que aspectos de ${TIX} ensayo?/Cobertura de suelo",NA,NA,NA,NA,0,0,1,0,0,0,0,0,0,1,0,0,NA,NA,NA,NA,NA,NA,NA,NA,NA,NA,1,1,"tech_repeat","tech_repeat",NA,NA,NA,NA,NA,NA,NA,NA,NA,NA
"dummies","interventions",NA,"aspectsExperimentedWith/26_tec","Que aspectos de ${TIX} ensayo?/Cobertura de suelo",NA,NA,NA,NA,0,0,1,0,NA,NA,NA,NA,NA,NA,NA,NA,NA,NA,NA,NA,NA,NA,NA,NA,NA,NA,1,1,NA,NA,NA,NA,NA,NA,NA,NA,NA,NA,NA,NA
"dummies","interventions",NA,"aspectsExperimentedWith/27","Que aspectos de ${TIX} ensayo?/Diques",NA,NA,NA,NA,0,0,1,0,0,0,0,0,0,1,0,0,NA,NA,NA,NA,NA,NA,NA,NA,NA,NA,0,1,"tech_repeat","tech_repeat",NA,NA,NA,NA,NA,NA,NA,NA,NA,NA
"dummies","interventions",NA,"aspectsExperimentedWith/27_tec","Que aspectos de ${TIX} ensayo?/Diques",NA,NA,NA,NA,0,0,1,0,NA,NA,NA,NA,NA,NA,NA,NA,NA,NA,NA,NA,NA,NA,NA,NA,NA,NA,0,1,NA,NA,NA,NA,NA,NA,NA,NA,NA,NA,NA,NA
"dummies","interventions",NA,"aspectsExperimentedWith/28","Que aspectos de ${TIX} ensayo?/Zanjas",NA,NA,NA,NA,0,0,1,0,0,0,0,0,0,1,0,0,NA,NA,NA,NA,NA,NA,NA,NA,NA,NA,1,1,"tech_repeat","tech_repeat",NA,NA,NA,NA,NA,NA,NA,NA,NA,NA
"dummies","interventions",NA,"aspectsExperimentedWith/28_tec","Que aspectos de ${TIX} ensayo?/Zanjas",NA,NA,NA,NA,0,0,1,0,NA,NA,NA,NA,NA,NA,NA,NA,NA,NA,NA,NA,NA,NA,NA,NA,NA,NA,1,1,NA,NA,NA,NA,NA,NA,NA,NA,NA,NA,NA,NA
"dummies","interventions",NA,"aspectsExperimentedWith/29","Que aspectos de ${TIX} ensayo?/Curvas a nivel",NA,NA,NA,NA,0,0,1,0,0,0,0,0,0,1,0,0,NA,NA,NA,NA,NA,NA,NA,NA,NA,NA,1,1,"tech_repeat","tech_repeat",NA,NA,NA,NA,NA,NA,NA,NA,NA,NA
"dummies","interventions",NA,"aspectsExperimentedWith/29_tec","Que aspectos de ${TIX} ensayo?/Curvas a nivel",NA,NA,NA,NA,0,0,1,0,NA,NA,NA,NA,NA,NA,NA,NA,NA,NA,NA,NA,NA,NA,NA,NA,NA,NA,1,1,NA,NA,NA,NA,NA,NA,NA,NA,NA,NA,NA,NA
"dummies","interventions",NA,"aspectsExperimentedWith/3","Que aspectos de ${TIX} ensayo?/Dosis ajustada a la edad de la planta",NA,NA,NA,NA,0,0,1,0,0,0,0,0,0,1,0,0,NA,NA,NA,NA,NA,NA,NA,NA,NA,NA,1,1,"tech_repeat","tech_repeat",NA,NA,NA,NA,NA,NA,NA,NA,NA,NA
"dummies","interventions",NA,"aspectsExperimentedWith/3_tec","Que aspectos de ${TIX} ensayo?/Dosis ajustada a la edad de la planta",NA,NA,NA,NA,0,0,1,0,NA,NA,NA,NA,NA,NA,NA,NA,NA,NA,NA,NA,NA,NA,NA,NA,NA,NA,1,1,NA,NA,NA,NA,NA,NA,NA,NA,NA,NA,NA,NA
"dummies","interventions",NA,"aspectsExperimentedWith/30","Que aspectos de ${TIX} ensayo?/Hierbas estabilizadoras",NA,NA,NA,NA,0,0,1,0,0,0,0,0,0,1,0,0,NA,NA,NA,NA,NA,NA,NA,NA,NA,NA,1,1,"tech_repeat","tech_repeat",NA,NA,NA,NA,NA,NA,NA,NA,NA,NA
"dummies","interventions",NA,"aspectsExperimentedWith/30_tec","Que aspectos de ${TIX} ensayo?/Hierbas estabilizadoras",NA,NA,NA,NA,0,0,1,0,NA,NA,NA,NA,NA,NA,NA,NA,NA,NA,NA,NA,NA,NA,NA,NA,NA,NA,1,1,NA,NA,NA,NA,NA,NA,NA,NA,NA,NA,NA,NA
"dummies","interventions",NA,"aspectsExperimentedWith/31","Que aspectos de ${TIX} ensayo?/Ninguno de estos",NA,NA,NA,NA,0,0,1,0,0,0,0,0,0,1,0,0,NA,NA,NA,NA,NA,NA,NA,NA,NA,NA,1,1,"tech_repeat","tech_repeat",NA,NA,NA,NA,NA,NA,NA,NA,NA,NA
"dummies","interventions",NA,"aspectsExperimentedWith/31_tec","Que aspectos de ${TIX} ensayo?/Ninguno de estos",NA,NA,NA,NA,0,0,1,0,NA,NA,NA,NA,NA,NA,NA,NA,NA,NA,NA,NA,NA,NA,NA,NA,NA,NA,1,1,NA,NA,NA,NA,NA,NA,NA,NA,NA,NA,NA,NA
"dummies","interventions",NA,"aspectsExperimentedWith/32","Que aspectos de ${TIX} ensayo?/Resiembra",NA,NA,NA,NA,0,0,1,0,0,0,0,0,0,1,0,0,NA,NA,NA,NA,NA,NA,NA,NA,NA,NA,1,1,"tech_repeat","tech_repeat",NA,NA,NA,NA,NA,NA,NA,NA,NA,NA
"dummies","interventions",NA,"aspectsExperimentedWith/32_tec","Que aspectos de ${TIX} ensayo?/Resiembra",NA,NA,NA,NA,0,0,1,0,NA,NA,NA,NA,NA,NA,NA,NA,NA,NA,NA,NA,NA,NA,NA,NA,NA,NA,1,1,NA,NA,NA,NA,NA,NA,NA,NA,NA,NA,NA,NA
"dummies","interventions",NA,"aspectsExperimentedWith/33","Que aspectos de ${TIX} ensayo?/Recepa",NA,NA,NA,NA,0,0,1,0,0,0,0,0,0,1,0,0,NA,NA,NA,NA,NA,NA,NA,NA,NA,NA,1,1,"tech_repeat","tech_repeat",NA,NA,NA,NA,NA,NA,NA,NA,NA,NA
"dummies","interventions",NA,"aspectsExperimentedWith/33_tec","Que aspectos de ${TIX} ensayo?/Recepa",NA,NA,NA,NA,0,0,1,0,NA,NA,NA,NA,NA,NA,NA,NA,NA,NA,NA,NA,NA,NA,NA,NA,NA,NA,1,1,NA,NA,NA,NA,NA,NA,NA,NA,NA,NA,NA,NA
"dummies","interventions",NA,"aspectsExperimentedWith/34","Que aspectos de ${TIX} ensayo?/Sustituir plantas muertas (falla fisica)",NA,NA,NA,NA,0,0,1,0,0,0,0,0,0,1,0,0,NA,NA,NA,NA,NA,NA,NA,NA,NA,NA,1,1,"tech_repeat","tech_repeat",NA,NA,NA,NA,NA,NA,NA,NA,NA,NA
"dummies","interventions",NA,"aspectsExperimentedWith/34_tec","Que aspectos de ${TIX} ensayo?/Sustituir plantas muertas (falla fisica)",NA,NA,NA,NA,0,0,1,0,NA,NA,NA,NA,NA,NA,NA,NA,NA,NA,NA,NA,NA,NA,NA,NA,NA,NA,1,1,NA,NA,NA,NA,NA,NA,NA,NA,NA,NA,NA,NA
"dummies","interventions",NA,"aspectsExperimentedWith/35","Que aspectos de ${TIX} ensayo?/Siembra nueva",NA,NA,NA,NA,0,0,1,0,0,0,0,0,0,1,0,0,NA,NA,NA,NA,NA,NA,NA,NA,NA,NA,1,1,"tech_repeat","tech_repeat",NA,NA,NA,NA,NA,NA,NA,NA,NA,NA
"dummies","interventions",NA,"aspectsExperimentedWith/35_tec","Que aspectos de ${TIX} ensayo?/Siembra nueva",NA,NA,NA,NA,0,0,1,0,NA,NA,NA,NA,NA,NA,NA,NA,NA,NA,NA,NA,NA,NA,NA,NA,NA,NA,1,1,NA,NA,NA,NA,NA,NA,NA,NA,NA,NA,NA,NA
"dummies","interventions",NA,"aspectsExperimentedWith/36","Que aspectos de ${TIX} ensayo?/Ninguno de estos",NA,NA,NA,NA,0,0,1,0,0,0,0,0,0,1,0,0,NA,NA,NA,NA,NA,NA,NA,NA,NA,NA,1,1,"tech_repeat","tech_repeat",NA,NA,NA,NA,NA,NA,NA,NA,NA,NA
"dummies","interventions",NA,"aspectsExperimentedWith/36_tec","Que aspectos de ${TIX} ensayo?/Ninguno de estos",NA,NA,NA,NA,0,0,1,0,NA,NA,NA,NA,NA,NA,NA,NA,NA,NA,NA,NA,NA,NA,NA,NA,NA,NA,1,1,NA,NA,NA,NA,NA,NA,NA,NA,NA,NA,NA,NA
"dummies","interventions",NA,"aspectsExperimentedWith/37","Que aspectos de ${TIX} ensayo?/Poda alta",NA,NA,NA,NA,0,0,1,0,0,0,0,0,0,1,0,0,NA,NA,NA,NA,NA,NA,NA,NA,NA,NA,1,1,"tech_repeat","tech_repeat",NA,NA,NA,NA,NA,NA,NA,NA,NA,NA
"dummies","interventions",NA,"aspectsExperimentedWith/37_tec","Que aspectos de ${TIX} ensayo?/Poda alta",NA,NA,NA,NA,0,0,1,0,NA,NA,NA,NA,NA,NA,NA,NA,NA,NA,NA,NA,NA,NA,NA,NA,NA,NA,1,1,NA,NA,NA,NA,NA,NA,NA,NA,NA,NA,NA,NA
"dummies","interventions",NA,"aspectsExperimentedWith/38","Que aspectos de ${TIX} ensayo?/Poda baja",NA,NA,NA,NA,0,0,1,0,0,0,0,0,0,1,0,0,NA,NA,NA,NA,NA,NA,NA,NA,NA,NA,1,1,"tech_repeat","tech_repeat",NA,NA,NA,NA,NA,NA,NA,NA,NA,NA
"dummies","interventions",NA,"aspectsExperimentedWith/38_tec","Que aspectos de ${TIX} ensayo?/Poda baja",NA,NA,NA,NA,0,0,1,0,NA,NA,NA,NA,NA,NA,NA,NA,NA,NA,NA,NA,NA,NA,NA,NA,NA,NA,1,1,NA,NA,NA,NA,NA,NA,NA,NA,NA,NA,NA,NA
"dummies","interventions",NA,"aspectsExperimentedWith/39","Que aspectos de ${TIX} ensayo?/Deshije",NA,NA,NA,NA,0,0,1,0,0,0,0,0,0,1,0,0,NA,NA,NA,NA,NA,NA,NA,NA,NA,NA,1,1,"tech_repeat","tech_repeat",NA,NA,NA,NA,NA,NA,NA,NA,NA,NA
"dummies","interventions",NA,"aspectsExperimentedWith/39_tec","Que aspectos de ${TIX} ensayo?/Deshije",NA,NA,NA,NA,0,0,1,0,NA,NA,NA,NA,NA,NA,NA,NA,NA,NA,NA,NA,NA,NA,NA,NA,NA,NA,1,1,NA,NA,NA,NA,NA,NA,NA,NA,NA,NA,NA,NA
"dummies","interventions",NA,"aspectsExperimentedWith/4","Que aspectos de ${TIX} ensayo?/Fertilizacion aplicada durante la temporada de lluvias",NA,NA,NA,NA,0,0,1,0,0,0,0,0,0,1,0,0,NA,NA,NA,NA,NA,NA,NA,NA,NA,NA,1,1,"tech_repeat","tech_repeat",NA,NA,NA,NA,NA,NA,NA,NA,NA,NA
"dummies","interventions",NA,"aspectsExperimentedWith/4_tec","Que aspectos de ${TIX} ensayo?/Fertilizacion aplicada durante la temporada de lluvias",NA,NA,NA,NA,0,0,1,0,NA,NA,NA,NA,NA,NA,NA,NA,NA,NA,NA,NA,NA,NA,NA,NA,NA,NA,1,1,NA,NA,NA,NA,NA,NA,NA,NA,NA,NA,NA,NA
"dummies","interventions",NA,"aspectsExperimentedWith/40","Que aspectos de ${TIX} ensayo?/Descope",NA,NA,NA,NA,0,0,1,0,0,0,0,0,0,1,0,0,NA,NA,NA,NA,NA,NA,NA,NA,NA,NA,1,1,"tech_repeat","tech_repeat",NA,NA,NA,NA,NA,NA,NA,NA,NA,NA
"dummies","interventions",NA,"aspectsExperimentedWith/40_tec","Que aspectos de ${TIX} ensayo?/Descope",NA,NA,NA,NA,0,0,1,0,NA,NA,NA,NA,NA,NA,NA,NA,NA,NA,NA,NA,NA,NA,NA,NA,NA,NA,1,1,NA,NA,NA,NA,NA,NA,NA,NA,NA,NA,NA,NA
"dummies","interventions",NA,"aspectsExperimentedWith/41","Que aspectos de ${TIX} ensayo?/Ninguno de estos",NA,NA,NA,NA,0,0,1,0,0,0,0,0,0,1,0,0,NA,NA,NA,NA,NA,NA,NA,NA,NA,NA,1,1,"tech_repeat","tech_repeat",NA,NA,NA,NA,NA,NA,NA,NA,NA,NA
"dummies","interventions",NA,"aspectsExperimentedWith/41_tec","Que aspectos de ${TIX} ensayo?/Ninguno de estos",NA,NA,NA,NA,0,0,1,0,NA,NA,NA,NA,NA,NA,NA,NA,NA,NA,NA,NA,NA,NA,NA,NA,NA,NA,1,1,NA,NA,NA,NA,NA,NA,NA,NA,NA,NA,NA,NA
"dummies","interventions",NA,"aspectsExperimentedWith/42","Que aspectos de ${TIX} ensayo?/Registro de practica",NA,NA,NA,NA,0,0,1,0,0,0,0,0,0,1,0,0,NA,NA,NA,NA,NA,NA,NA,NA,NA,NA,0,1,"tech_repeat","tech_repeat",NA,NA,NA,NA,NA,NA,NA,NA,NA,NA
"dummies","interventions",NA,"aspectsExperimentedWith/42_tec","Que aspectos de ${TIX} ensayo?/Registro de practica",NA,NA,NA,NA,0,0,1,0,NA,NA,NA,NA,NA,NA,NA,NA,NA,NA,NA,NA,NA,NA,NA,NA,NA,NA,0,1,NA,NA,NA,NA,NA,NA,NA,NA,NA,NA,NA,NA
"dummies","interventions",NA,"aspectsExperimentedWith/43","Que aspectos de ${TIX} ensayo?/Planillas",NA,NA,NA,NA,0,0,1,0,0,0,0,0,0,1,0,0,NA,NA,NA,NA,NA,NA,NA,NA,NA,NA,1,1,"tech_repeat","tech_repeat",NA,NA,NA,NA,NA,NA,NA,NA,NA,NA
"dummies","interventions",NA,"aspectsExperimentedWith/43_tec","Que aspectos de ${TIX} ensayo?/Planillas",NA,NA,NA,NA,0,0,1,0,NA,NA,NA,NA,NA,NA,NA,NA,NA,NA,NA,NA,NA,NA,NA,NA,NA,NA,1,1,NA,NA,NA,NA,NA,NA,NA,NA,NA,NA,NA,NA
"dummies","interventions",NA,"aspectsExperimentedWith/44","Que aspectos de ${TIX} ensayo?/Gestion contable",NA,NA,NA,NA,0,0,1,0,0,0,0,0,0,1,0,0,NA,NA,NA,NA,NA,NA,NA,NA,NA,NA,1,1,"tech_repeat","tech_repeat",NA,NA,NA,NA,NA,NA,NA,NA,NA,NA
"dummies","interventions",NA,"aspectsExperimentedWith/44_tec","Que aspectos de ${TIX} ensayo?/Gestion contable",NA,NA,NA,NA,0,0,1,0,NA,NA,NA,NA,NA,NA,NA,NA,NA,NA,NA,NA,NA,NA,NA,NA,NA,NA,1,1,NA,NA,NA,NA,NA,NA,NA,NA,NA,NA,NA,NA
"dummies","interventions",NA,"aspectsExperimentedWith/45","Que aspectos de ${TIX} ensayo?/Planes de inversion",NA,NA,NA,NA,0,0,1,0,0,0,0,0,0,1,0,0,NA,NA,NA,NA,NA,NA,NA,NA,NA,NA,1,1,"tech_repeat","tech_repeat",NA,NA,NA,NA,NA,NA,NA,NA,NA,NA
"dummies","interventions",NA,"aspectsExperimentedWith/45_tec","Que aspectos de ${TIX} ensayo?/Planes de inversion",NA,NA,NA,NA,0,0,1,0,NA,NA,NA,NA,NA,NA,NA,NA,NA,NA,NA,NA,NA,NA,NA,NA,NA,NA,1,1,NA,NA,NA,NA,NA,NA,NA,NA,NA,NA,NA,NA
"dummies","interventions",NA,"aspectsExperimentedWith/46","Que aspectos de ${TIX} ensayo?/Ninguno de estos",NA,NA,NA,NA,0,0,1,0,0,0,0,0,0,1,0,0,NA,NA,NA,NA,NA,NA,NA,NA,NA,NA,1,1,"tech_repeat","tech_repeat",NA,NA,NA,NA,NA,NA,NA,NA,NA,NA
"dummies","interventions",NA,"aspectsExperimentedWith/46_tec","Que aspectos de ${TIX} ensayo?/Ninguno de estos",NA,NA,NA,NA,0,0,1,0,NA,NA,NA,NA,NA,NA,NA,NA,NA,NA,NA,NA,NA,NA,NA,NA,NA,NA,1,1,NA,NA,NA,NA,NA,NA,NA,NA,NA,NA,NA,NA
"dummies","interventions",NA,"aspectsExperimentedWith/47","Que aspectos de ${TIX} ensayo?/Calibracion",NA,NA,NA,NA,0,0,1,0,0,0,0,0,0,1,0,0,NA,NA,NA,NA,NA,NA,NA,NA,NA,NA,1,1,"tech_repeat","tech_repeat",NA,NA,NA,NA,NA,NA,NA,NA,NA,NA
"dummies","interventions",NA,"aspectsExperimentedWith/47_tec","Que aspectos de ${TIX} ensayo?/Calibracion",NA,NA,NA,NA,0,0,1,0,NA,NA,NA,NA,NA,NA,NA,NA,NA,NA,NA,NA,NA,NA,NA,NA,NA,NA,1,1,NA,NA,NA,NA,NA,NA,NA,NA,NA,NA,NA,NA
"dummies","interventions",NA,"aspectsExperimentedWith/48","Que aspectos de ${TIX} ensayo?/Catacion",NA,NA,NA,NA,0,0,1,0,0,0,0,0,0,1,0,0,NA,NA,NA,NA,NA,NA,NA,NA,NA,NA,1,1,"tech_repeat","tech_repeat",NA,NA,NA,NA,NA,NA,NA,NA,NA,NA
"dummies","interventions",NA,"aspectsExperimentedWith/48_tec","Que aspectos de ${TIX} ensayo?/Catacion",NA,NA,NA,NA,0,0,1,0,NA,NA,NA,NA,NA,NA,NA,NA,NA,NA,NA,NA,NA,NA,NA,NA,NA,NA,1,1,NA,NA,NA,NA,NA,NA,NA,NA,NA,NA,NA,NA
"dummies","interventions",NA,"aspectsExperimentedWith/49","Que aspectos de ${TIX} ensayo?/Control cosecha",NA,NA,NA,NA,0,0,1,0,0,0,0,0,0,1,0,0,NA,NA,NA,NA,NA,NA,NA,NA,NA,NA,1,1,"tech_repeat","tech_repeat",NA,NA,NA,NA,NA,NA,NA,NA,NA,NA
"dummies","interventions",NA,"aspectsExperimentedWith/49_tec","Que aspectos de ${TIX} ensayo?/Control cosecha",NA,NA,NA,NA,0,0,1,0,NA,NA,NA,NA,NA,NA,NA,NA,NA,NA,NA,NA,NA,NA,NA,NA,NA,NA,1,1,NA,NA,NA,NA,NA,NA,NA,NA,NA,NA,NA,NA
"dummies","interventions",NA,"aspectsExperimentedWith/5","Que aspectos de ${TIX} ensayo?/Fertilizacion basada en las previsiones de cosecha",NA,NA,NA,NA,0,0,1,0,0,0,0,0,0,1,0,0,NA,NA,NA,NA,NA,NA,NA,NA,NA,NA,1,1,"tech_repeat","tech_repeat",NA,NA,NA,NA,NA,NA,NA,NA,NA,NA
"dummies","interventions",NA,"aspectsExperimentedWith/5_tec","Que aspectos de ${TIX} ensayo?/Fertilizacion basada en las previsiones de cosecha",NA,NA,NA,NA,0,0,1,0,NA,NA,NA,NA,NA,NA,NA,NA,NA,NA,NA,NA,NA,NA,NA,NA,NA,NA,1,1,NA,NA,NA,NA,NA,NA,NA,NA,NA,NA,NA,NA
"dummies","interventions",NA,"aspectsExperimentedWith/50","Que aspectos de ${TIX} ensayo?/Separacion granos cosecha",NA,NA,NA,NA,0,0,1,0,0,0,0,0,0,1,0,0,NA,NA,NA,NA,NA,NA,NA,NA,NA,NA,1,1,"tech_repeat","tech_repeat",NA,NA,NA,NA,NA,NA,NA,NA,NA,NA
"dummies","interventions",NA,"aspectsExperimentedWith/50_tec","Que aspectos de ${TIX} ensayo?/Separacion granos cosecha",NA,NA,NA,NA,0,0,1,0,NA,NA,NA,NA,NA,NA,NA,NA,NA,NA,NA,NA,NA,NA,NA,NA,NA,NA,1,1,NA,NA,NA,NA,NA,NA,NA,NA,NA,NA,NA,NA
"dummies","interventions",NA,"aspectsExperimentedWith/51","Que aspectos de ${TIX} ensayo?/Mejora de proceso",NA,NA,NA,NA,0,0,1,0,0,0,0,0,0,1,0,0,NA,NA,NA,NA,NA,NA,NA,NA,NA,NA,1,1,"tech_repeat","tech_repeat",NA,NA,NA,NA,NA,NA,NA,NA,NA,NA
"dummies","interventions",NA,"aspectsExperimentedWith/51_tec","Que aspectos de ${TIX} ensayo?/Mejora de proceso",NA,NA,NA,NA,0,0,1,0,NA,NA,NA,NA,NA,NA,NA,NA,NA,NA,NA,NA,NA,NA,NA,NA,NA,NA,1,1,NA,NA,NA,NA,NA,NA,NA,NA,NA,NA,NA,NA
"dummies","interventions",NA,"aspectsExperimentedWith/52","Que aspectos de ${TIX} ensayo?/Siembra nueva variedad",NA,NA,NA,NA,0,0,1,0,0,0,0,0,0,1,0,0,NA,NA,NA,NA,NA,NA,NA,NA,NA,NA,1,1,"tech_repeat","tech_repeat",NA,NA,NA,NA,NA,NA,NA,NA,NA,NA
"dummies","interventions",NA,"aspectsExperimentedWith/52_tec","Que aspectos de ${TIX} ensayo?/Siembra nueva variedad",NA,NA,NA,NA,0,0,1,0,NA,NA,NA,NA,NA,NA,NA,NA,NA,NA,NA,NA,NA,NA,NA,NA,NA,NA,1,1,NA,NA,NA,NA,NA,NA,NA,NA,NA,NA,NA,NA
"dummies","interventions",NA,"aspectsExperimentedWith/53","Que aspectos de ${TIX} ensayo?/Ninguno de estos",NA,NA,NA,NA,0,0,1,0,0,0,0,0,0,1,0,0,NA,NA,NA,NA,NA,NA,NA,NA,NA,NA,0,1,"tech_repeat","tech_repeat",NA,NA,NA,NA,NA,NA,NA,NA,NA,NA
"dummies","interventions",NA,"aspectsExperimentedWith/53_tec","Que aspectos de ${TIX} ensayo?/Ninguno de estos",NA,NA,NA,NA,0,0,1,0,NA,NA,NA,NA,NA,NA,NA,NA,NA,NA,NA,NA,NA,NA,NA,NA,NA,NA,0,1,NA,NA,NA,NA,NA,NA,NA,NA,NA,NA,NA,NA
"dummies","interventions",NA,"aspectsExperimentedWith/54","Que aspectos de ${TIX} ensayo?/Poda de bandolas (poda sanitaria)",NA,NA,NA,NA,0,0,1,0,0,0,0,0,0,1,0,0,NA,NA,NA,NA,NA,NA,NA,NA,NA,NA,0,1,"tech_repeat","tech_repeat",NA,NA,NA,NA,NA,NA,NA,NA,NA,NA
"dummies","interventions",NA,"aspectsExperimentedWith/54_tec","Que aspectos de ${TIX} ensayo?/Poda de bandolas (poda sanitaria)",NA,NA,NA,NA,0,0,1,0,NA,NA,NA,NA,NA,NA,NA,NA,NA,NA,NA,NA,NA,NA,NA,NA,NA,NA,0,1,NA,NA,NA,NA,NA,NA,NA,NA,NA,NA,NA,NA
"dummies","interventions",NA,"aspectsExperimentedWith/56","Que aspectos de ${TIX} ensayo?/Otros",NA,NA,NA,NA,0,0,1,0,0,0,0,0,0,1,0,0,NA,NA,NA,NA,NA,NA,NA,NA,NA,NA,0,1,"tech_repeat","tech_repeat",NA,NA,NA,NA,NA,NA,NA,NA,NA,NA
"dummies","interventions",NA,"aspectsExperimentedWith/56_tec","Que aspectos de ${TIX} ensayo?/Otros",NA,NA,NA,NA,0,0,1,0,NA,NA,NA,NA,NA,NA,NA,NA,NA,NA,NA,NA,NA,NA,NA,NA,NA,NA,0,1,NA,NA,NA,NA,NA,NA,NA,NA,NA,NA,NA,NA
"dummies","interventions",NA,"aspectsExperimentedWith/6","Que aspectos de ${TIX} ensayo?/Uso de abono organico para reducir el coste",NA,NA,NA,NA,0,0,1,0,0,0,0,0,0,1,0,0,NA,NA,NA,NA,NA,NA,NA,NA,NA,NA,1,1,"tech_repeat","tech_repeat",NA,NA,NA,NA,NA,NA,NA,NA,NA,NA
"dummies","interventions",NA,"aspectsExperimentedWith/6_tec","Que aspectos de ${TIX} ensayo?/Uso de abono organico para reducir el coste",NA,NA,NA,NA,0,0,1,0,NA,NA,NA,NA,NA,NA,NA,NA,NA,NA,NA,NA,NA,NA,NA,NA,NA,NA,1,1,NA,NA,NA,NA,NA,NA,NA,NA,NA,NA,NA,NA
"dummies","interventions",NA,"aspectsExperimentedWith/7","Que aspectos de ${TIX} ensayo?/Ninguno de estos",NA,NA,NA,NA,0,0,1,0,0,0,0,0,0,1,0,0,NA,NA,NA,NA,NA,NA,NA,NA,NA,NA,1,1,"tech_repeat","tech_repeat",NA,NA,NA,NA,NA,NA,NA,NA,NA,NA
"dummies","interventions",NA,"aspectsExperimentedWith/7_tec","Que aspectos de ${TIX} ensayo?/Ninguno de estos",NA,NA,NA,NA,0,0,1,0,NA,NA,NA,NA,NA,NA,NA,NA,NA,NA,NA,NA,NA,NA,NA,NA,NA,NA,1,1,NA,NA,NA,NA,NA,NA,NA,NA,NA,NA,NA,NA
"dummies","interventions",NA,"aspectsExperimentedWith/8","Que aspectos de ${TIX} ensayo?/Densidad de plantacion 3000-4000 plantas/mz",NA,NA,NA,NA,0,0,1,0,0,0,0,0,0,1,0,0,NA,NA,NA,NA,NA,NA,NA,NA,NA,NA,1,1,"tech_repeat","tech_repeat",NA,NA,NA,NA,NA,NA,NA,NA,NA,NA
"dummies","interventions",NA,"aspectsExperimentedWith/8_tec","Que aspectos de ${TIX} ensayo?/Densidad de plantacion 3000-4000 plantas/mz",NA,NA,NA,NA,0,0,1,0,NA,NA,NA,NA,NA,NA,NA,NA,NA,NA,NA,NA,NA,NA,NA,NA,NA,NA,1,1,NA,NA,NA,NA,NA,NA,NA,NA,NA,NA,NA,NA
"dummies","interventions",NA,"aspectsExperimentedWith/9","Que aspectos de ${TIX} ensayo?/Renovacion de plantas enfermas y agotadas (plantas de mas de 20 anos)",NA,NA,NA,NA,0,0,1,0,0,0,0,0,0,1,0,0,NA,NA,NA,NA,NA,NA,NA,NA,NA,NA,1,1,"tech_repeat","tech_repeat",NA,NA,NA,NA,NA,NA,NA,NA,NA,NA
"dummies","interventions",NA,"aspectsExperimentedWith/9_tec","Que aspectos de ${TIX} ensayo?/Renovacion de plantas enfermas y agotadas (plantas de mas de 20 anos)",NA,NA,NA,NA,0,0,1,0,NA,NA,NA,NA,NA,NA,NA,NA,NA,NA,NA,NA,NA,NA,NA,NA,NA,NA,1,1,NA,NA,NA,NA,NA,NA,NA,NA,NA,NA,NA,NA
"select_one","prod","prod","assignedPersonName","Seleccione el nombre de la persona asignada en lista",TRUE,NA,NA,NA,0,0,0,0,NA,NA,NA,NA,NA,NA,NA,NA,NA,NA,NA,NA,NA,NA,NA,NA,NA,NA,1,0,NA,NA,NA,NA,NA,NA,NA,NA,NA,NA,NA,NA
"calculate",NA,NA,"assisGroup","Indicador de asistencia tecnica grupal",NA,NA,NA,"if(count(${receivedTechnicalAssistance}[. = 'group' or . = 'both']) > 0, 'Y', 'N')",0,0,1,0,NA,NA,NA,NA,NA,NA,NA,NA,NA,NA,NA,NA,NA,NA,NA,NA,NA,NA,0,1,NA,NA,NA,NA,NA,NA,NA,NA,NA,NA,NA,NA
"calculate",NA,NA,"assisIndiv","Indicador de asistencia tecnica individual",NA,NA,NA,"if(count(${receivedTechnicalAssistance}[. = 'indiv' or . = 'both']) > 0, 'Y', 'N')",0,0,1,0,NA,NA,NA,NA,NA,NA,NA,NA,NA,NA,NA,NA,NA,NA,NA,NA,NA,NA,0,1,NA,NA,NA,NA,NA,NA,NA,NA,NA,NA,NA,NA
"select_one","innov","G6","attitudeTowardsInnovation","Cuando aparece algo nuevo por ejemplo un nuevo cultivo o un nuevo fertilizante es usted el primero en probarlo o espera a ver que tal le funciona a los demas?",TRUE,NA,NA,NA,0,0,0,1,NA,NA,NA,NA,NA,NA,NA,NA,NA,NA,NA,NA,NA,NA,NA,NA,NA,NA,1,0,NA,NA,NA,NA,NA,NA,NA,NA,NA,NA,NA,NA
"select_one","innov",NA,"attitudeTowardsInnovation_Copy","Cuando aparece algo nuevo por ejemplo un nuevo cultivo o un nuevo fertilizante es usted el primero en probarlo o espera a ver que tal le funciona a los demas?/Esperar a ver si funciona para otros",NA,NA,NA,NA,0,0,1,0,NA,NA,NA,NA,NA,NA,NA,NA,NA,NA,NA,NA,NA,NA,NA,NA,NA,NA,1,0,NA,NA,NA,NA,NA,NA,NA,NA,NA,NA,NA,NA
"select_one","innov",NA,"attitudeTowardsInnovation_First","Cuando aparece algo nuevo por ejemplo un nuevo cultivo o un nuevo fertilizante es usted el primero en probarlo o espera a ver que tal le funciona a los demas?/Primero",NA,NA,NA,NA,0,0,1,0,NA,NA,NA,NA,NA,NA,NA,NA,NA,NA,NA,NA,NA,NA,NA,NA,NA,NA,1,0,NA,NA,NA,NA,NA,NA,NA,NA,NA,NA,NA,NA
"select_one","innov",NA,"attitudeTowardsInnovation_Late","Cuando aparece algo nuevo por ejemplo un nuevo cultivo o un nuevo fertilizante es usted el primero en probarlo o espera a ver que tal le funciona a los demas?/Uno de los ultimos",NA,NA,NA,NA,0,0,1,0,NA,NA,NA,NA,NA,NA,NA,NA,NA,NA,NA,NA,NA,NA,NA,NA,NA,NA,1,0,NA,NA,NA,NA,NA,NA,NA,NA,NA,NA,NA,NA
"select_one","innov",NA,"attitudeTowardsInnovation_Never","Cuando aparece algo nuevo por ejemplo un nuevo cultivo o un nuevo fertilizante es usted el primero en probarlo o espera a ver que tal le funciona a los demas?/No pruebo cosas nuevas",NA,NA,NA,NA,0,0,1,0,NA,NA,NA,NA,NA,NA,NA,NA,NA,NA,NA,NA,NA,NA,NA,NA,NA,NA,1,0,NA,NA,NA,NA,NA,NA,NA,NA,NA,NA,NA,NA
"select_one","sn","A11","authorizesPhotography","Autoriza la toma de fotografias durante la entrevista?",TRUE,"${agreesToSurveyParticipation} = 'Y'",NA,NA,0,0,1,0,NA,NA,NA,NA,NA,NA,NA,NA,NA,NA,NA,NA,NA,NA,NA,NA,NA,NA,1,1,NA,NA,NA,NA,NA,NA,NA,NA,NA,NA,NA,NA
"select_one","power","L7","autonomyToAttendTraining","Puede elegir asistir a cursos de formacion?",TRUE,NA,NA,NA,0,0,0,1,NA,NA,NA,NA,NA,NA,NA,NA,NA,NA,NA,NA,NA,NA,NA,NA,NA,NA,1,0,NA,NA,NA,NA,NA,NA,NA,NA,NA,NA,NA,NA
"select_one","power",NA,"autonomyToAttendTraining_1","Puede elegir asistir a cursos de formacion?/No puedo",NA,NA,NA,NA,0,0,1,0,NA,NA,NA,NA,NA,NA,NA,NA,NA,NA,NA,NA,NA,NA,NA,NA,NA,NA,1,0,NA,NA,NA,NA,NA,NA,NA,NA,NA,NA,NA,NA
"select_one","power",NA,"autonomyToAttendTraining_2","Puede elegir asistir a cursos de formacion?/Tengo cierto poder de decision, pero mi conyuge tiene la ultima palabra",NA,NA,NA,NA,0,0,1,0,NA,NA,NA,NA,NA,NA,NA,NA,NA,NA,NA,NA,NA,NA,NA,NA,NA,NA,1,0,NA,NA,NA,NA,NA,NA,NA,NA,NA,NA,NA,NA
"select_one","power",NA,"autonomyToAttendTraining_3","Puede elegir asistir a cursos de formacion?/Hay igualdad de decision (mi conyuge y yo decidimos juntos)",NA,NA,NA,NA,0,0,1,0,NA,NA,NA,NA,NA,NA,NA,NA,NA,NA,NA,NA,NA,NA,NA,NA,NA,NA,1,0,NA,NA,NA,NA,NA,NA,NA,NA,NA,NA,NA,NA
"select_one","power",NA,"autonomyToAttendTraining_4","Puede elegir asistir a cursos de formacion?/Tengo la ultima palabra, pero mi conyuge tiene cierto poder de decision",NA,NA,NA,NA,0,0,1,0,NA,NA,NA,NA,NA,NA,NA,NA,NA,NA,NA,NA,NA,NA,NA,NA,NA,NA,1,0,NA,NA,NA,NA,NA,NA,NA,NA,NA,NA,NA,NA
"select_one","power",NA,"autonomyToAttendTraining_5","Puede elegir asistir a cursos de formacion?/Tengo todo el poder de decidir",NA,NA,NA,NA,0,0,1,0,NA,NA,NA,NA,NA,NA,NA,NA,NA,NA,NA,NA,NA,NA,NA,NA,NA,NA,1,0,NA,NA,NA,NA,NA,NA,NA,NA,NA,NA,NA,NA
"select_multiple","why_adopt_single","F9","barriersToExperimentation","Que le impide probar nuevas practicas?",TRUE,NA,NA,NA,0,0,0,2,0,0,0,0,0,0,0,0,NA,NA,NA,NA,NA,NA,NA,NA,NA,NA,1,0,"tech_repeat",NA,NA,NA,NA,NA,NA,NA,NA,NA,NA,NA
"select_multiple","why_adopt_single",NA,"barriersToExperimentation/already_alot","Que le impide probar nuevas practicas? Por práctica/Ya he adoptado muchas cosas, creo que con lo que he hecho es suficiente",NA,NA,NA,NA,0,0,1,0,0,0,0,0,0,1,0,0,NA,NA,NA,NA,NA,NA,NA,NA,NA,NA,1,0,"tech_repeat",NA,NA,NA,NA,NA,NA,NA,NA,NA,NA,NA
"select_multiple","why_adopt_single",NA,"barriersToExperimentation/already_alot_tec","Que le impide probar nuevas practicas?/Ya he adoptado muchas cosas, creo que con lo que he hecho es suficiente",NA,NA,NA,NA,0,0,1,0,NA,NA,NA,NA,NA,NA,NA,NA,NA,NA,NA,NA,NA,NA,NA,NA,NA,NA,1,0,NA,NA,NA,NA,NA,NA,NA,NA,NA,NA,NA,NA
"select_multiple","why_adopt_single",NA,"barriersToExperimentation/dont_know","Que le impide probar nuevas practicas? Por práctica/No lo se",NA,NA,NA,NA,0,0,1,0,0,0,0,0,0,1,0,0,NA,NA,NA,NA,NA,NA,NA,NA,NA,NA,1,0,"tech_repeat",NA,NA,NA,NA,NA,NA,NA,NA,NA,NA,NA
"select_multiple","why_adopt_single",NA,"barriersToExperimentation/dont_know_tec","Que le impide probar nuevas practicas?/No lo se",NA,NA,NA,NA,0,0,1,0,NA,NA,NA,NA,NA,NA,NA,NA,NA,NA,NA,NA,NA,NA,NA,NA,NA,NA,1,0,NA,NA,NA,NA,NA,NA,NA,NA,NA,NA,NA,NA
"select_multiple","why_adopt_single",NA,"barriersToExperimentation/lack_land","Que le impide probar nuevas practicas? Por práctica/No tengo suficiente terreno o mi finca no se presta para adoptar esas practicas",NA,NA,NA,NA,0,0,1,0,0,0,0,0,0,1,0,0,NA,NA,NA,NA,NA,NA,NA,NA,NA,NA,1,0,"tech_repeat",NA,NA,NA,NA,NA,NA,NA,NA,NA,NA,NA
"select_multiple","why_adopt_single",NA,"barriersToExperimentation/lack_land_tec","Que le impide probar nuevas practicas?/No tengo suficiente terreno o mi finca no se presta para adoptar esas practicas",NA,NA,NA,NA,0,0,1,0,NA,NA,NA,NA,NA,NA,NA,NA,NA,NA,NA,NA,NA,NA,NA,NA,NA,NA,1,0,NA,NA,NA,NA,NA,NA,NA,NA,NA,NA,NA,NA
"select_multiple","why_adopt_single",NA,"barriersToExperimentation/lack_support","Que le impide probar nuevas practicas? Por práctica/No tengo los suficientes conocimientos para implementar esas practias",NA,NA,NA,NA,0,0,1,0,0,0,0,0,0,1,0,0,NA,NA,NA,NA,NA,NA,NA,NA,NA,NA,1,0,"tech_repeat",NA,NA,NA,NA,NA,NA,NA,NA,NA,NA,NA
"select_multiple","why_adopt_single",NA,"barriersToExperimentation/lack_support_tec","Que le impide probar nuevas practicas?/No tengo los suficientes conocimientos para implementar esas practias",NA,NA,NA,NA,0,0,1,0,NA,NA,NA,NA,NA,NA,NA,NA,NA,NA,NA,NA,NA,NA,NA,NA,NA,NA,1,0,NA,NA,NA,NA,NA,NA,NA,NA,NA,NA,NA,NA
"select_multiple","why_adopt_single",NA,"barriersToExperimentation/no_money","Que le impide probar nuevas practicas? Por práctica/Es demasiado caro implementar esas practicas",NA,NA,NA,NA,0,0,1,0,0,0,0,0,0,1,0,0,NA,NA,NA,NA,NA,NA,NA,NA,NA,NA,1,0,"tech_repeat",NA,NA,NA,NA,NA,NA,NA,NA,NA,NA,NA
"select_multiple","why_adopt_single",NA,"barriersToExperimentation/no_money_tec","Que le impide probar nuevas practicas?/Es demasiado caro implementar esas practicas",NA,NA,NA,NA,0,0,1,0,NA,NA,NA,NA,NA,NA,NA,NA,NA,NA,NA,NA,NA,NA,NA,NA,NA,NA,1,0,NA,NA,NA,NA,NA,NA,NA,NA,NA,NA,NA,NA
"select_multiple","why_adopt_single",NA,"barriersToExperimentation/no_need","Que le impide probar nuevas practicas? Por práctica/No necesito otras tecnologias? Por práctica/ No veo beneficios de adpotar esas practicas",NA,NA,NA,NA,0,0,1,0,0,0,0,0,0,1,0,0,NA,NA,NA,NA,NA,NA,NA,NA,NA,NA,1,0,"tech_repeat",NA,NA,NA,NA,NA,NA,NA,NA,NA,NA,NA
"select_multiple","why_adopt_single",NA,"barriersToExperimentation/no_need_tec","Que le impide probar nuevas practicas?/No necesito otras tecnologias / No veo beneficios de adpotar esas practicas",NA,NA,NA,NA,0,0,1,0,NA,NA,NA,NA,NA,NA,NA,NA,NA,NA,NA,NA,NA,NA,NA,NA,NA,NA,1,0,NA,NA,NA,NA,NA,NA,NA,NA,NA,NA,NA,NA
"select_multiple","why_adopt_single",NA,"barriersToExperimentation/no_time","Que le impide probar nuevas practicas? Por práctica/No dispongo de tiempo suficiente para adoptar nuevas practicas",NA,NA,NA,NA,0,0,1,0,0,0,0,0,0,1,0,0,NA,NA,NA,NA,NA,NA,NA,NA,NA,NA,1,0,"tech_repeat",NA,NA,NA,NA,NA,NA,NA,NA,NA,NA,NA
"select_multiple","why_adopt_single",NA,"barriersToExperimentation/no_time_tec","Que le impide probar nuevas practicas?/No dispongo de tiempo suficiente para adoptar nuevas practicas",NA,NA,NA,NA,0,0,1,0,NA,NA,NA,NA,NA,NA,NA,NA,NA,NA,NA,NA,NA,NA,NA,NA,NA,NA,1,0,NA,NA,NA,NA,NA,NA,NA,NA,NA,NA,NA,NA
"select_multiple","why_adopt_single",NA,"barriersToExperimentation/other","Que le impide probar nuevas practicas? Por práctica/Otros",NA,NA,NA,NA,0,0,1,0,0,0,0,0,0,1,0,0,NA,NA,NA,NA,NA,NA,NA,NA,NA,NA,1,0,"tech_repeat",NA,NA,NA,NA,NA,NA,NA,NA,NA,NA,NA
"select_multiple","why_adopt_single",NA,"barriersToExperimentation/other_tec","Que le impide probar nuevas practicas?/Otros",NA,NA,NA,NA,0,0,1,0,NA,NA,NA,NA,NA,NA,NA,NA,NA,NA,NA,NA,NA,NA,NA,NA,NA,NA,1,0,NA,NA,NA,NA,NA,NA,NA,NA,NA,NA,NA,NA
"select_one","nrm_perceptions_1","H4","beliefInClimateForAgriculture","Cree que el clima es mejor o peor para la agricultura?",TRUE,NA,NA,NA,0,0,0,1,NA,NA,NA,NA,NA,NA,NA,NA,NA,NA,NA,NA,NA,NA,NA,NA,NA,NA,1,0,NA,NA,NA,NA,NA,NA,NA,NA,NA,NA,NA,NA
"select_one","nrm_perceptions_1",NA,"beliefInClimateForAgriculture_m1","Cree que el clima es mejor o peor para la agricultura?/Mucho mejor",NA,NA,NA,NA,0,0,1,0,NA,NA,NA,NA,NA,NA,NA,NA,NA,NA,NA,NA,NA,NA,NA,NA,NA,NA,1,0,NA,NA,NA,NA,NA,NA,NA,NA,NA,NA,NA,NA
"select_one","nrm_perceptions_1",NA,"beliefInClimateForAgriculture_m2","Cree que el clima es mejor o peor para la agricultura?/Mejor",NA,NA,NA,NA,0,0,1,0,NA,NA,NA,NA,NA,NA,NA,NA,NA,NA,NA,NA,NA,NA,NA,NA,NA,NA,1,0,NA,NA,NA,NA,NA,NA,NA,NA,NA,NA,NA,NA
"select_one","nrm_perceptions_1",NA,"beliefInClimateForAgriculture_m3","Cree que el clima es mejor o peor para la agricultura?/Igual",NA,NA,NA,NA,0,0,1,0,NA,NA,NA,NA,NA,NA,NA,NA,NA,NA,NA,NA,NA,NA,NA,NA,NA,NA,1,0,NA,NA,NA,NA,NA,NA,NA,NA,NA,NA,NA,NA
"select_one","nrm_perceptions_1",NA,"beliefInClimateForAgriculture_m4","Cree que el clima es mejor o peor para la agricultura?/Peor",NA,NA,NA,NA,0,0,1,0,NA,NA,NA,NA,NA,NA,NA,NA,NA,NA,NA,NA,NA,NA,NA,NA,NA,NA,1,0,NA,NA,NA,NA,NA,NA,NA,NA,NA,NA,NA,NA
"select_one","nrm_perceptions_1",NA,"beliefInClimateForAgriculture_m5","Cree que el clima es mejor o peor para la agricultura?/Mucho peor",NA,NA,NA,NA,0,0,1,0,NA,NA,NA,NA,NA,NA,NA,NA,NA,NA,NA,NA,NA,NA,NA,NA,NA,NA,1,0,NA,NA,NA,NA,NA,NA,NA,NA,NA,NA,NA,NA
"select_one","nrm_perceptions_2","H6","beliefInForestResourceQuantity","Cree que hay mas o menos arboles para madera y lena en los alrededores?",TRUE,NA,NA,NA,0,0,0,1,NA,NA,NA,NA,NA,NA,NA,NA,NA,NA,NA,NA,NA,NA,NA,NA,NA,NA,1,0,NA,NA,NA,NA,NA,NA,NA,NA,NA,NA,NA,NA
"select_one","nrm_perceptions_2",NA,"beliefInForestResourceQuantity_n1","Cree que hay mas o menos arboles para madera y lena en los alrededores?/Mucho mas",NA,NA,NA,NA,0,0,1,0,NA,NA,NA,NA,NA,NA,NA,NA,NA,NA,NA,NA,NA,NA,NA,NA,NA,NA,0,0,NA,NA,NA,NA,NA,NA,NA,NA,NA,NA,NA,NA
"select_one","nrm_perceptions_2",NA,"beliefInForestResourceQuantity_n2","Cree que hay mas o menos arboles para madera y lena en los alrededores?/Mas",NA,NA,NA,NA,0,0,1,0,NA,NA,NA,NA,NA,NA,NA,NA,NA,NA,NA,NA,NA,NA,NA,NA,NA,NA,1,0,NA,NA,NA,NA,NA,NA,NA,NA,NA,NA,NA,NA
"select_one","nrm_perceptions_2",NA,"beliefInForestResourceQuantity_n3","Cree que hay mas o menos arboles para madera y lena en los alrededores?/Igual",NA,NA,NA,NA,0,0,1,0,NA,NA,NA,NA,NA,NA,NA,NA,NA,NA,NA,NA,NA,NA,NA,NA,NA,NA,1,0,NA,NA,NA,NA,NA,NA,NA,NA,NA,NA,NA,NA
"select_one","nrm_perceptions_2",NA,"beliefInForestResourceQuantity_n4","Cree que hay mas o menos arboles para madera y lena en los alrededores?/Menos",NA,NA,NA,NA,0,0,1,0,NA,NA,NA,NA,NA,NA,NA,NA,NA,NA,NA,NA,NA,NA,NA,NA,NA,NA,1,0,NA,NA,NA,NA,NA,NA,NA,NA,NA,NA,NA,NA
"select_one","nrm_perceptions_2",NA,"beliefInForestResourceQuantity_n5","Cree que hay mas o menos arboles para madera y lena en los alrededores?/Mucho menos",NA,NA,NA,NA,0,0,1,0,NA,NA,NA,NA,NA,NA,NA,NA,NA,NA,NA,NA,NA,NA,NA,NA,NA,NA,1,0,NA,NA,NA,NA,NA,NA,NA,NA,NA,NA,NA,NA
"select_one","nrm_perceptions_1","H1","beliefInSoilImprovement","Cree que su suelo esta mejorando o empeorando?",TRUE,NA,NA,NA,0,0,0,1,NA,NA,NA,NA,NA,NA,NA,NA,NA,NA,NA,NA,NA,NA,NA,NA,NA,NA,1,0,NA,NA,NA,NA,NA,NA,NA,NA,NA,NA,NA,NA
"select_one","nrm_perceptions_1",NA,"beliefInSoilImprovement_m1","Cree que su suelo esta mejorando o empeorando?/Mucho mejor",NA,NA,NA,NA,0,0,1,0,NA,NA,NA,NA,NA,NA,NA,NA,NA,NA,NA,NA,NA,NA,NA,NA,NA,NA,1,0,NA,NA,NA,NA,NA,NA,NA,NA,NA,NA,NA,NA
"select_one","nrm_perceptions_1",NA,"beliefInSoilImprovement_m2","Cree que su suelo esta mejorando o empeorando?/Mejor",NA,NA,NA,NA,0,0,1,0,NA,NA,NA,NA,NA,NA,NA,NA,NA,NA,NA,NA,NA,NA,NA,NA,NA,NA,1,0,NA,NA,NA,NA,NA,NA,NA,NA,NA,NA,NA,NA
"select_one","nrm_perceptions_1",NA,"beliefInSoilImprovement_m3","Cree que su suelo esta mejorando o empeorando?/Igual",NA,NA,NA,NA,0,0,1,0,NA,NA,NA,NA,NA,NA,NA,NA,NA,NA,NA,NA,NA,NA,NA,NA,NA,NA,1,0,NA,NA,NA,NA,NA,NA,NA,NA,NA,NA,NA,NA
"select_one","nrm_perceptions_1",NA,"beliefInSoilImprovement_m4","Cree que su suelo esta mejorando o empeorando?/Peor",NA,NA,NA,NA,0,0,1,0,NA,NA,NA,NA,NA,NA,NA,NA,NA,NA,NA,NA,NA,NA,NA,NA,NA,NA,1,0,NA,NA,NA,NA,NA,NA,NA,NA,NA,NA,NA,NA
"select_one","nrm_perceptions_1",NA,"beliefInSoilImprovement_m5","Cree que su suelo esta mejorando o empeorando?/Mucho peor",NA,NA,NA,NA,0,0,1,0,NA,NA,NA,NA,NA,NA,NA,NA,NA,NA,NA,NA,NA,NA,NA,NA,NA,NA,1,0,NA,NA,NA,NA,NA,NA,NA,NA,NA,NA,NA,NA
"select_one","nrm_perceptions_2","H2","beliefInWaterAvailability","Cree que hay mas o menos agua disponible?",TRUE,NA,NA,NA,0,0,0,1,NA,NA,NA,NA,NA,NA,NA,NA,NA,NA,NA,NA,NA,NA,NA,NA,NA,NA,1,0,NA,NA,NA,NA,NA,NA,NA,NA,NA,NA,NA,NA
"select_one","nrm_perceptions_2",NA,"beliefInWaterAvailability_n1","Cree que hay mas o menos agua disponible?/Mucho mas",NA,NA,NA,NA,0,0,1,0,NA,NA,NA,NA,NA,NA,NA,NA,NA,NA,NA,NA,NA,NA,NA,NA,NA,NA,1,0,NA,NA,NA,NA,NA,NA,NA,NA,NA,NA,NA,NA
"select_one","nrm_perceptions_2",NA,"beliefInWaterAvailability_n2","Cree que hay mas o menos agua disponible?/Mas",NA,NA,NA,NA,0,0,1,0,NA,NA,NA,NA,NA,NA,NA,NA,NA,NA,NA,NA,NA,NA,NA,NA,NA,NA,1,0,NA,NA,NA,NA,NA,NA,NA,NA,NA,NA,NA,NA
"select_one","nrm_perceptions_2",NA,"beliefInWaterAvailability_n3","Cree que hay mas o menos agua disponible?/Igual",NA,NA,NA,NA,0,0,1,0,NA,NA,NA,NA,NA,NA,NA,NA,NA,NA,NA,NA,NA,NA,NA,NA,NA,NA,1,0,NA,NA,NA,NA,NA,NA,NA,NA,NA,NA,NA,NA
"select_one","nrm_perceptions_2",NA,"beliefInWaterAvailability_n4","Cree que hay mas o menos agua disponible?/Menos",NA,NA,NA,NA,0,0,1,0,NA,NA,NA,NA,NA,NA,NA,NA,NA,NA,NA,NA,NA,NA,NA,NA,NA,NA,1,0,NA,NA,NA,NA,NA,NA,NA,NA,NA,NA,NA,NA
"select_one","nrm_perceptions_2",NA,"beliefInWaterAvailability_n5","Cree que hay mas o menos agua disponible?/Mucho menos",NA,NA,NA,NA,0,0,1,0,NA,NA,NA,NA,NA,NA,NA,NA,NA,NA,NA,NA,NA,NA,NA,NA,NA,NA,1,0,NA,NA,NA,NA,NA,NA,NA,NA,NA,NA,NA,NA
"select_one","nrm_perceptions_1","H3","beliefInWaterQuality","Cree que el agua que recibe es de mejor o peor calidad?",TRUE,NA,NA,NA,0,0,0,1,NA,NA,NA,NA,NA,NA,NA,NA,NA,NA,NA,NA,NA,NA,NA,NA,NA,NA,1,0,NA,NA,NA,NA,NA,NA,NA,NA,NA,NA,NA,NA
"select_one","nrm_perceptions_1",NA,"beliefInWaterQuality_m1","Cree que el agua que recibe es de mejor o peor calidad?/Mucho mejor",NA,NA,NA,NA,0,0,1,0,NA,NA,NA,NA,NA,NA,NA,NA,NA,NA,NA,NA,NA,NA,NA,NA,NA,NA,1,0,NA,NA,NA,NA,NA,NA,NA,NA,NA,NA,NA,NA
"select_one","nrm_perceptions_1",NA,"beliefInWaterQuality_m2","Cree que el agua que recibe es de mejor o peor calidad?/Mejor",NA,NA,NA,NA,0,0,1,0,NA,NA,NA,NA,NA,NA,NA,NA,NA,NA,NA,NA,NA,NA,NA,NA,NA,NA,1,0,NA,NA,NA,NA,NA,NA,NA,NA,NA,NA,NA,NA
"select_one","nrm_perceptions_1",NA,"beliefInWaterQuality_m3","Cree que el agua que recibe es de mejor o peor calidad?/Igual",NA,NA,NA,NA,0,0,1,0,NA,NA,NA,NA,NA,NA,NA,NA,NA,NA,NA,NA,NA,NA,NA,NA,NA,NA,1,0,NA,NA,NA,NA,NA,NA,NA,NA,NA,NA,NA,NA
"select_one","nrm_perceptions_1",NA,"beliefInWaterQuality_m4","Cree que el agua que recibe es de mejor o peor calidad?/Peor",NA,NA,NA,NA,0,0,1,0,NA,NA,NA,NA,NA,NA,NA,NA,NA,NA,NA,NA,NA,NA,NA,NA,NA,NA,1,0,NA,NA,NA,NA,NA,NA,NA,NA,NA,NA,NA,NA
"select_one","nrm_perceptions_1",NA,"beliefInWaterQuality_m5","Cree que el agua que recibe es de mejor o peor calidad?/Mucho peor",NA,NA,NA,NA,0,0,1,0,NA,NA,NA,NA,NA,NA,NA,NA,NA,NA,NA,NA,NA,NA,NA,NA,NA,NA,1,0,NA,NA,NA,NA,NA,NA,NA,NA,NA,NA,NA,NA
"select_one","nrm_perceptions_2","H5","beliefInWildlifePopulation","Cree que hay mas o menos animales y peces?",TRUE,NA,NA,NA,0,0,0,1,NA,NA,NA,NA,NA,NA,NA,NA,NA,NA,NA,NA,NA,NA,NA,NA,NA,NA,1,0,NA,NA,NA,NA,NA,NA,NA,NA,NA,NA,NA,NA
"select_one","nrm_perceptions_2",NA,"beliefInWildlifePopulation_n1","Cree que hay mas o menos animales y peces?/Mucho mas",NA,NA,NA,NA,0,0,1,0,NA,NA,NA,NA,NA,NA,NA,NA,NA,NA,NA,NA,NA,NA,NA,NA,NA,NA,1,0,NA,NA,NA,NA,NA,NA,NA,NA,NA,NA,NA,NA
"select_one","nrm_perceptions_2",NA,"beliefInWildlifePopulation_n2","Cree que hay mas o menos animales y peces?/Mas",NA,NA,NA,NA,0,0,1,0,NA,NA,NA,NA,NA,NA,NA,NA,NA,NA,NA,NA,NA,NA,NA,NA,NA,NA,1,0,NA,NA,NA,NA,NA,NA,NA,NA,NA,NA,NA,NA
"select_one","nrm_perceptions_2",NA,"beliefInWildlifePopulation_n3","Cree que hay mas o menos animales y peces?/Igual",NA,NA,NA,NA,0,0,1,0,NA,NA,NA,NA,NA,NA,NA,NA,NA,NA,NA,NA,NA,NA,NA,NA,NA,NA,1,0,NA,NA,NA,NA,NA,NA,NA,NA,NA,NA,NA,NA
"select_one","nrm_perceptions_2",NA,"beliefInWildlifePopulation_n4","Cree que hay mas o menos animales y peces?/Menos",NA,NA,NA,NA,0,0,1,0,NA,NA,NA,NA,NA,NA,NA,NA,NA,NA,NA,NA,NA,NA,NA,NA,NA,NA,1,0,NA,NA,NA,NA,NA,NA,NA,NA,NA,NA,NA,NA
"select_one","nrm_perceptions_2",NA,"beliefInWildlifePopulation_n5","Cree que hay mas o menos animales y peces?/Mucho menos",NA,NA,NA,NA,0,0,1,0,NA,NA,NA,NA,NA,NA,NA,NA,NA,NA,NA,NA,NA,NA,NA,NA,NA,NA,1,0,NA,NA,NA,NA,NA,NA,NA,NA,NA,NA,NA,NA
"select_one","months","I4","bestMonthForFoodAvailability","Cual es el mejor mes del ano en terminos de disponibilidad de alimentos?",TRUE,"seasonsWithLessFoodAvailability == 'Si'",NA,NA,0,0,0,1,NA,NA,NA,NA,NA,NA,NA,NA,NA,NA,NA,NA,NA,NA,NA,NA,NA,NA,1,0,NA,NA,NA,NA,NA,NA,NA,NA,NA,NA,NA,NA
"select_one","months",NA,"bestMonthForFoodAvailability_apr","Cual es el mejor mes del ano en terminos de disponibilidad de alimentos?/Abr",NA,NA,NA,NA,0,0,1,0,NA,NA,NA,NA,NA,NA,NA,NA,NA,NA,NA,NA,NA,NA,NA,NA,NA,NA,1,0,NA,NA,NA,NA,NA,NA,NA,NA,NA,NA,NA,NA
"select_one","months",NA,"bestMonthForFoodAvailability_aug","Cual es el mejor mes del ano en terminos de disponibilidad de alimentos?/Ago",NA,NA,NA,NA,0,0,1,0,NA,NA,NA,NA,NA,NA,NA,NA,NA,NA,NA,NA,NA,NA,NA,NA,NA,NA,1,0,NA,NA,NA,NA,NA,NA,NA,NA,NA,NA,NA,NA
"select_one","months",NA,"bestMonthForFoodAvailability_dec","Cual es el mejor mes del ano en terminos de disponibilidad de alimentos?/Dic",NA,NA,NA,NA,0,0,1,0,NA,NA,NA,NA,NA,NA,NA,NA,NA,NA,NA,NA,NA,NA,NA,NA,NA,NA,1,0,NA,NA,NA,NA,NA,NA,NA,NA,NA,NA,NA,NA
"select_one","months",NA,"bestMonthForFoodAvailability_feb","Cual es el mejor mes del ano en terminos de disponibilidad de alimentos?/Feb",NA,NA,NA,NA,0,0,1,0,NA,NA,NA,NA,NA,NA,NA,NA,NA,NA,NA,NA,NA,NA,NA,NA,NA,NA,1,0,NA,NA,NA,NA,NA,NA,NA,NA,NA,NA,NA,NA
"select_one","months",NA,"bestMonthForFoodAvailability_jan","Cual es el mejor mes del ano en terminos de disponibilidad de alimentos?/Ene",NA,NA,NA,NA,0,0,1,0,NA,NA,NA,NA,NA,NA,NA,NA,NA,NA,NA,NA,NA,NA,NA,NA,NA,NA,1,0,NA,NA,NA,NA,NA,NA,NA,NA,NA,NA,NA,NA
"select_one","months",NA,"bestMonthForFoodAvailability_jul","Cual es el mejor mes del ano en terminos de disponibilidad de alimentos?/Jul",NA,NA,NA,NA,0,0,1,0,NA,NA,NA,NA,NA,NA,NA,NA,NA,NA,NA,NA,NA,NA,NA,NA,NA,NA,1,0,NA,NA,NA,NA,NA,NA,NA,NA,NA,NA,NA,NA
"select_one","months",NA,"bestMonthForFoodAvailability_jun","Cual es el mejor mes del ano en terminos de disponibilidad de alimentos?/Jun",NA,NA,NA,NA,0,0,1,0,NA,NA,NA,NA,NA,NA,NA,NA,NA,NA,NA,NA,NA,NA,NA,NA,NA,NA,1,0,NA,NA,NA,NA,NA,NA,NA,NA,NA,NA,NA,NA
"select_one","months",NA,"bestMonthForFoodAvailability_mar","Cual es el mejor mes del ano en terminos de disponibilidad de alimentos?/Mar",NA,NA,NA,NA,0,0,1,0,NA,NA,NA,NA,NA,NA,NA,NA,NA,NA,NA,NA,NA,NA,NA,NA,NA,NA,1,0,NA,NA,NA,NA,NA,NA,NA,NA,NA,NA,NA,NA
"select_one","months",NA,"bestMonthForFoodAvailability_may","Cual es el mejor mes del ano en terminos de disponibilidad de alimentos?/May",NA,NA,NA,NA,0,0,1,0,NA,NA,NA,NA,NA,NA,NA,NA,NA,NA,NA,NA,NA,NA,NA,NA,NA,NA,1,0,NA,NA,NA,NA,NA,NA,NA,NA,NA,NA,NA,NA
"select_one","months",NA,"bestMonthForFoodAvailability_no_answer","Cual es el mejor mes del ano en terminos de disponibilidad de alimentos?/Sin respuesta",NA,NA,NA,NA,0,0,1,0,NA,NA,NA,NA,NA,NA,NA,NA,NA,NA,NA,NA,NA,NA,NA,NA,NA,NA,1,0,NA,NA,NA,NA,NA,NA,NA,NA,NA,NA,NA,NA
"select_one","months",NA,"bestMonthForFoodAvailability_nov","Cual es el mejor mes del ano en terminos de disponibilidad de alimentos?/Nov",NA,NA,NA,NA,0,0,1,0,NA,NA,NA,NA,NA,NA,NA,NA,NA,NA,NA,NA,NA,NA,NA,NA,NA,NA,1,0,NA,NA,NA,NA,NA,NA,NA,NA,NA,NA,NA,NA
"select_one","months",NA,"bestMonthForFoodAvailability_oct","Cual es el mejor mes del ano en terminos de disponibilidad de alimentos?/Oct",NA,NA,NA,NA,0,0,1,0,NA,NA,NA,NA,NA,NA,NA,NA,NA,NA,NA,NA,NA,NA,NA,NA,NA,NA,1,0,NA,NA,NA,NA,NA,NA,NA,NA,NA,NA,NA,NA
"select_one","months",NA,"bestMonthForFoodAvailability_sep","Cual es el mejor mes del ano en terminos de disponibilidad de alimentos?/Sep",NA,NA,NA,NA,0,0,1,0,NA,NA,NA,NA,NA,NA,NA,NA,NA,NA,NA,NA,NA,NA,NA,NA,NA,NA,1,0,NA,NA,NA,NA,NA,NA,NA,NA,NA,NA,NA,NA
"calculate",NA,NA,"buyer","Nombre del comprador",NA,NA,NA,"if(${NCX}=1, ${buyerName1}, if(${NCX}=2, ${buyerName2}, if(${NCX}=3, ${buyerName3}, if(${NCX}=4, ${buyerName4}, if(${NCX}=5, ${buyerName5}, if(${NCX}=6, ${buyerName6}, if(${NCX}=7, ${buyerName7}, if(${NCX}=8, ${buyerName8}, if(${NCX}=9, ${buyerName9}, if(${NCX}=10, ${buyerName10}, ""No comprador""))))))))))",0,0,0,0,0,0,0,0,0,0,0,0,NA,NA,NA,NA,NA,NA,NA,NA,NA,NA,0,1,NA,"sales_repeat",NA,NA,NA,NA,NA,NA,NA,NA,NA,NA
"calculate",NA,"E64C","buyerCategory","Tipo de comprador",NA,NA,NA,"jr:choice-name(${buyerType}, '${buyerType}')",0,0,0,1,0,0,0,0,0,0,0,0,NA,NA,NA,NA,NA,NA,NA,NA,NA,NA,1,1,"sales_repeat","sales_repeat",NA,NA,NA,NA,NA,NA,NA,NA,NA,NA
"calculate",NA,"NCX","buyerName","Identificador numerico de comprador",TRUE,NA,NA,"position(..)",0,1,0,0,0,0,0,0,0,0,0,0,NA,NA,NA,NA,NA,NA,NA,NA,NA,NA,1,1,"sales_repeat","sales_repeat",NA,NA,NA,NA,NA,NA,NA,NA,NA,NA
"text",NA,"NC1","buyerName1","Por favor digame el nombre del comprador al que le vendio la mayor cantidad de cafe en la Cosecha CAFETALERA de 2023/2024",TRUE,"${numberDifferentBuyersLastHarvest}>=1",NA,NA,0,0,0,0,NA,NA,NA,NA,NA,NA,NA,NA,NA,NA,NA,NA,NA,NA,NA,NA,NA,NA,0,1,NA,NA,NA,NA,NA,NA,NA,NA,NA,NA,NA,NA
"text",NA,NA,"buyerName10","Por favor digame el nombre del comprador al que le vendio la decima mayor cantidad de cafe en la Cosecha CAFETALERA de 2023/2024",TRUE,"${numberDifferentBuyersLastHarvest}>=10",NA,NA,0,0,0,0,NA,NA,NA,NA,NA,NA,NA,NA,NA,NA,NA,NA,NA,NA,NA,NA,NA,NA,0,1,NA,NA,NA,NA,NA,NA,NA,NA,NA,NA,NA,NA
"text",NA,"NC2","buyerName2","Por favor digame el nombre del comprador al que le vendio la segunda mayor cantidad de cafe en la Cosecha CAFETALERA de 2023/2024",TRUE,"${numberDifferentBuyersLastHarvest}>=2",NA,NA,0,0,0,0,NA,NA,NA,NA,NA,NA,NA,NA,NA,NA,NA,NA,NA,NA,NA,NA,NA,NA,0,1,NA,NA,NA,NA,NA,NA,NA,NA,NA,NA,NA,NA
"text",NA,"NC3","buyerName3","Por favor digame el nombre del comprador al que le vendio la tercera mayor cantidad de cafe en la Cosecha CAFETALERA de 2023/2024",TRUE,"${numberDifferentBuyersLastHarvest}>=3",NA,NA,0,0,0,0,NA,NA,NA,NA,NA,NA,NA,NA,NA,NA,NA,NA,NA,NA,NA,NA,NA,NA,0,1,NA,NA,NA,NA,NA,NA,NA,NA,NA,NA,NA,NA
"text",NA,NA,"buyerName4","Por favor digame el nombre del comprador al que le vendio la cuarta mayor cantidad de cafe en la Cosecha CAFETALERA de 2023/2024",TRUE,"${numberDifferentBuyersLastHarvest}>=4",NA,NA,0,0,0,0,NA,NA,NA,NA,NA,NA,NA,NA,NA,NA,NA,NA,NA,NA,NA,NA,NA,NA,0,1,NA,NA,NA,NA,NA,NA,NA,NA,NA,NA,NA,NA
"text",NA,NA,"buyerName5","Por favor digame el nombre del comprador al que le vendio la quinta mayor cantidad de cafe en la Cosecha CAFETALERA de 2023/2024",TRUE,"${numberDifferentBuyersLastHarvest}>=5",NA,NA,0,0,0,0,NA,NA,NA,NA,NA,NA,NA,NA,NA,NA,NA,NA,NA,NA,NA,NA,NA,NA,0,1,NA,NA,NA,NA,NA,NA,NA,NA,NA,NA,NA,NA
"text",NA,NA,"buyerName6","Por favor digame el nombre del comprador al que le vendio la sexta mayor cantidad de cafe en la Cosecha CAFETALERA de 2023/2024",TRUE,"${numberDifferentBuyersLastHarvest}>=6",NA,NA,0,0,0,0,NA,NA,NA,NA,NA,NA,NA,NA,NA,NA,NA,NA,NA,NA,NA,NA,NA,NA,0,1,NA,NA,NA,NA,NA,NA,NA,NA,NA,NA,NA,NA
"text",NA,NA,"buyerName7","Por favor digame el nombre del comprador al que le vendio la septima mayor cantidad de cafe en la Cosecha CAFETALERA de 2023/2024",TRUE,"${numberDifferentBuyersLastHarvest}>=7",NA,NA,0,0,0,0,NA,NA,NA,NA,NA,NA,NA,NA,NA,NA,NA,NA,NA,NA,NA,NA,NA,NA,0,1,NA,NA,NA,NA,NA,NA,NA,NA,NA,NA,NA,NA
"text",NA,NA,"buyerName8","Por favor digame el nombre del comprador al que le vendio la octava mayor cantidad de cafe en la Cosecha CAFETALERA de 2023/2024",TRUE,"${numberDifferentBuyersLastHarvest}>=8",NA,NA,0,0,0,0,NA,NA,NA,NA,NA,NA,NA,NA,NA,NA,NA,NA,NA,NA,NA,NA,NA,NA,0,1,NA,NA,NA,NA,NA,NA,NA,NA,NA,NA,NA,NA
"text",NA,NA,"buyerName9","Por favor digame el nombre del comprador al que le vendio la novena mayor cantidad de cafe en la Cosecha CAFETALERA de 2023/2024",TRUE,"${numberDifferentBuyersLastHarvest}>=9",NA,NA,0,0,0,0,NA,NA,NA,NA,NA,NA,NA,NA,NA,NA,NA,NA,NA,NA,NA,NA,NA,NA,0,1,NA,NA,NA,NA,NA,NA,NA,NA,NA,NA,NA,NA
"integer",NA,NA,"buyerNumber","Identificador numerico de comprador",NA,NA,NA,NA,0,1,0,0,NA,NA,NA,NA,NA,NA,NA,NA,NA,NA,NA,NA,NA,NA,NA,NA,NA,NA,1,0,"sales_repeat",NA,NA,NA,NA,NA,NA,NA,NA,NA,NA,NA
"select_one","sales_list_name","E64","buyerType","Que tipo de comprador era?",TRUE,NA,NA,NA,0,0,0,1,0,0,0,0,0,0,0,0,NA,NA,NA,NA,NA,NA,NA,NA,NA,NA,1,1,"sales_repeat","sales_repeat",NA,NA,NA,NA,NA,NA,NA,NA,NA,NA
"dummies","sales_list_name",NA,"buyerType_buyer","Que tipo de comprador era ${buyer}?/Intermediario privado",NA,NA,NA,NA,0,0,1,0,0,0,0,0,0,0,1,0,NA,NA,NA,NA,NA,NA,NA,NA,NA,NA,1,1,"sales_repeat","sales_repeat",NA,NA,NA,NA,NA,NA,NA,NA,NA,NA
"dummies","sales_list_name",NA,"buyerType_buyer_buy","Que tipo de comprador era ${buyer}?/Intermediario privado",NA,NA,NA,NA,0,1,0,0,NA,NA,NA,NA,NA,NA,NA,NA,NA,NA,NA,NA,NA,NA,NA,NA,NA,NA,1,1,NA,NA,NA,NA,NA,NA,NA,NA,NA,NA,NA,NA
"dummies","sales_list_name",NA,"buyerType_cooperative","Que tipo de comprador era ${buyer}?/Cooperativa o asociacion",NA,NA,NA,NA,0,0,1,0,0,0,0,0,0,0,1,0,NA,NA,NA,NA,NA,NA,NA,NA,NA,NA,1,1,"sales_repeat","sales_repeat",NA,NA,NA,NA,NA,NA,NA,NA,NA,NA
"dummies","sales_list_name",NA,"buyerType_cooperative_buy","Que tipo de comprador era ${buyer}?/Cooperativa o asociacion",NA,NA,NA,NA,0,1,0,0,NA,NA,NA,NA,NA,NA,NA,NA,NA,NA,NA,NA,NA,NA,NA,NA,NA,NA,1,1,NA,NA,NA,NA,NA,NA,NA,NA,NA,NA,NA,NA
"dummies","sales_list_name",NA,"buyerType_exporter","Que tipo de comprador era ${buyer}?/Exportador",NA,NA,NA,NA,0,0,1,0,0,0,0,0,0,0,1,0,NA,NA,NA,NA,NA,NA,NA,NA,NA,NA,1,1,"sales_repeat","sales_repeat",NA,NA,NA,NA,NA,NA,NA,NA,NA,NA
"dummies","sales_list_name",NA,"buyerType_exporter_buy","Que tipo de comprador era ${buyer}?/Exportador",NA,NA,NA,NA,0,1,0,0,NA,NA,NA,NA,NA,NA,NA,NA,NA,NA,NA,NA,NA,NA,NA,NA,NA,NA,1,1,NA,NA,NA,NA,NA,NA,NA,NA,NA,NA,NA,NA
"dummies","sales_list_name",NA,"buyerType_exports_directly","Que tipo de comprador era ${buyer}?/Exporta directamente",NA,NA,NA,NA,0,0,1,0,0,0,0,0,0,0,1,0,NA,NA,NA,NA,NA,NA,NA,NA,NA,NA,1,1,"sales_repeat","sales_repeat",NA,NA,NA,NA,NA,NA,NA,NA,NA,NA
"dummies","sales_list_name",NA,"buyerType_exports_directly_buy","Que tipo de comprador era ${buyer}?/Exporta directamente",NA,NA,NA,NA,0,1,0,0,NA,NA,NA,NA,NA,NA,NA,NA,NA,NA,NA,NA,NA,NA,NA,NA,NA,NA,1,1,NA,NA,NA,NA,NA,NA,NA,NA,NA,NA,NA,NA
"dummies","sales_list_name",NA,"buyerType_informal","Que tipo de comprador era ${buyer}?/Comprador informal",NA,NA,NA,NA,0,0,1,0,0,0,0,0,0,0,1,0,NA,NA,NA,NA,NA,NA,NA,NA,NA,NA,0,1,NA,"sales_repeat",NA,NA,NA,NA,NA,NA,NA,NA,NA,NA
"dummies","sales_list_name",NA,"buyerType_informal_buy","Que tipo de comprador era ${buyer}?/Comprador informal",NA,NA,NA,NA,0,1,0,0,NA,NA,NA,NA,NA,NA,NA,NA,NA,NA,NA,NA,NA,NA,NA,NA,NA,NA,0,1,NA,NA,NA,NA,NA,NA,NA,NA,NA,NA,NA,NA
"dummies","sales_list_name",NA,"buyerType_national_roaster","Que tipo de comprador era ${buyer}?/Tostador nacional",NA,NA,NA,NA,0,0,1,0,0,0,0,0,0,0,1,0,NA,NA,NA,NA,NA,NA,NA,NA,NA,NA,0,1,NA,"sales_repeat",NA,NA,NA,NA,NA,NA,NA,NA,NA,NA
"dummies","sales_list_name",NA,"buyerType_national_roaster_buy","Que tipo de comprador era ${buyer}?/Tostador nacional",NA,NA,NA,NA,0,1,0,0,NA,NA,NA,NA,NA,NA,NA,NA,NA,NA,NA,NA,NA,NA,NA,NA,NA,NA,0,1,NA,NA,NA,NA,NA,NA,NA,NA,NA,NA,NA,NA
"dummies","sales_list_name",NA,"buyerType_other_farmer","Que tipo de comprador era ${buyer}?/Otro agricultor",NA,NA,NA,NA,0,0,1,0,0,0,0,0,0,0,1,0,NA,NA,NA,NA,NA,NA,NA,NA,NA,NA,1,1,"sales_repeat","sales_repeat",NA,NA,NA,NA,NA,NA,NA,NA,NA,NA
"dummies","sales_list_name",NA,"buyerType_other_farmer_buy","Que tipo de comprador era ${buyer}?/Otro agricultor",NA,NA,NA,NA,0,1,0,0,NA,NA,NA,NA,NA,NA,NA,NA,NA,NA,NA,NA,NA,NA,NA,NA,NA,NA,1,1,NA,NA,NA,NA,NA,NA,NA,NA,NA,NA,NA,NA
"select_one","sn","C2","canProvideManagementInfo","Puede usted facilitarnos informacion del manejo",TRUE,"selected(${producedCoffeeLastHarvest2}, 'Y') or selected(${produceCoffeeFutureHarvest}, 'Y')",NA,NA,0,0,1,0,NA,NA,NA,NA,NA,NA,NA,NA,NA,NA,NA,NA,NA,NA,NA,NA,NA,NA,1,1,NA,NA,NA,NA,NA,NA,NA,NA,NA,NA,NA,NA
"select_one","sn",NA,"ceilingMaterial","El techo de la vivienda es de teja o de cemento/concreto?",TRUE,NA,NA,NA,0,0,1,0,NA,NA,NA,NA,NA,NA,NA,NA,NA,NA,NA,NA,NA,NA,NA,NA,NA,NA,0,1,NA,NA,NA,NA,NA,NA,NA,NA,NA,NA,NA,NA
"select_one","use_tech","F11","changeInPracticeFrequency","En comparacion con cuando empezo a aplicar las practicas ha aumentado la frecuencia con que las utiliza?",TRUE,NA,NA,NA,0,0,0,1,0,0,0,0,0,0,0,0,NA,NA,NA,NA,NA,NA,NA,NA,NA,NA,1,0,"tech_repeat",NA,NA,NA,NA,NA,NA,NA,NA,NA,NA,NA
"select_one","use_tech",NA,"changeInPracticeFrequency_less","En comparacion con cuando empezo a aplicar las practicas ha aumentado la frecuencia con que las utiliza? Por práctica /Disminucion",NA,NA,NA,NA,0,0,1,0,0,0,0,0,0,1,0,0,NA,NA,NA,NA,NA,NA,NA,NA,NA,NA,1,0,"tech_repeat",NA,NA,NA,NA,NA,NA,NA,NA,NA,NA,NA
"select_one","use_tech",NA,"changeInPracticeFrequency_less_tec","En comparacion con cuando empezo a aplicar las practicas ha aumentado la frecuencia con que las utiliza?/Disminucion",NA,NA,NA,NA,0,0,1,0,NA,NA,NA,NA,NA,NA,NA,NA,NA,NA,NA,NA,NA,NA,NA,NA,NA,NA,1,0,NA,NA,NA,NA,NA,NA,NA,NA,NA,NA,NA,NA
"select_one","use_tech",NA,"changeInPracticeFrequency_more","En comparacion con cuando empezo a aplicar las practicas ha aumentado la frecuencia con que las utiliza? Por práctica /Aumento",NA,NA,NA,NA,0,0,1,0,0,0,0,0,0,1,0,0,NA,NA,NA,NA,NA,NA,NA,NA,NA,NA,1,0,"tech_repeat",NA,NA,NA,NA,NA,NA,NA,NA,NA,NA,NA
"select_one","use_tech",NA,"changeInPracticeFrequency_more_tec","En comparacion con cuando empezo a aplicar las practicas ha aumentado la frecuencia con que las utiliza?/Aumento",NA,NA,NA,NA,0,0,1,0,NA,NA,NA,NA,NA,NA,NA,NA,NA,NA,NA,NA,NA,NA,NA,NA,NA,NA,1,0,NA,NA,NA,NA,NA,NA,NA,NA,NA,NA,NA,NA
"select_one","use_tech",NA,"changeInPracticeFrequency_much_more","En comparacion con cuando empezo a aplicar las practicas ha aumentado la frecuencia con que las utiliza? Por práctica /Gran aumento (por ejemplo, el doble o mas)",NA,NA,NA,NA,0,0,1,0,0,0,0,0,0,1,0,0,NA,NA,NA,NA,NA,NA,NA,NA,NA,NA,1,0,"tech_repeat",NA,NA,NA,NA,NA,NA,NA,NA,NA,NA,NA
"select_one","use_tech",NA,"changeInPracticeFrequency_much_more_tec","En comparacion con cuando empezo a aplicar las practicas ha aumentado la frecuencia con que las utiliza?/Gran aumento (por ejemplo, el doble o mas)",NA,NA,NA,NA,0,0,1,0,NA,NA,NA,NA,NA,NA,NA,NA,NA,NA,NA,NA,NA,NA,NA,NA,NA,NA,1,0,NA,NA,NA,NA,NA,NA,NA,NA,NA,NA,NA,NA
"select_one","use_tech",NA,"changeInPracticeFrequency_same","En comparacion con cuando empezo a aplicar las practicas ha aumentado la frecuencia con que las utiliza? Por práctica /Igual",NA,NA,NA,NA,0,0,1,0,0,0,0,0,0,1,0,0,NA,NA,NA,NA,NA,NA,NA,NA,NA,NA,1,0,"tech_repeat",NA,NA,NA,NA,NA,NA,NA,NA,NA,NA,NA
"select_one","use_tech",NA,"changeInPracticeFrequency_same_tec","En comparacion con cuando empezo a aplicar las practicas ha aumentado la frecuencia con que las utiliza?/Igual",NA,NA,NA,NA,0,0,1,0,NA,NA,NA,NA,NA,NA,NA,NA,NA,NA,NA,NA,NA,NA,NA,NA,NA,NA,1,0,NA,NA,NA,NA,NA,NA,NA,NA,NA,NA,NA,NA
"select_one","childcadre_availability",NA,"childcareAvailability","Si usted quisiera salir de su casa para hacer algun mandado y no pudiera llevar a sus hijos hay alguien que pueda cuidarlos en su ausencia?",TRUE,NA,NA,NA,0,0,0,1,NA,NA,NA,NA,NA,NA,NA,NA,NA,NA,NA,NA,NA,NA,NA,NA,NA,NA,0,1,NA,NA,NA,NA,NA,NA,NA,NA,NA,NA,NA,NA
"dummies","childcadre_availability",NA,"childcareAvailability_1","Si usted quisiera salir de su casa para hacer algun mandado y no pudiera llevar a los menores de edad que estan a su cargo hay alguien que pueda cuidarlos en su ausencia?/Si",NA,NA,NA,NA,0,0,1,0,NA,NA,NA,NA,NA,NA,NA,NA,NA,NA,NA,NA,NA,NA,NA,NA,NA,NA,0,1,NA,NA,NA,NA,NA,NA,NA,NA,NA,NA,NA,NA
"dummies","childcadre_availability",NA,"childcareAvailability_2","Si usted quisiera salir de su casa para hacer algun mandado y no pudiera llevar a los menores de edad que estan a su cargo hay alguien que pueda cuidarlos en su ausencia?/No",NA,NA,NA,NA,0,0,1,0,NA,NA,NA,NA,NA,NA,NA,NA,NA,NA,NA,NA,NA,NA,NA,NA,NA,NA,0,1,NA,NA,NA,NA,NA,NA,NA,NA,NA,NA,NA,NA
"dummies","childcadre_availability",NA,"childcareAvailability_3","Si usted quisiera salir de su casa para hacer algun mandado y no pudiera llevar a los menores de edad que estan a su cargo hay alguien que pueda cuidarlos en su ausencia?/No tiene menores de edad a su cargo o no  necesitan cuidado",NA,NA,NA,NA,0,0,1,0,NA,NA,NA,NA,NA,NA,NA,NA,NA,NA,NA,NA,NA,NA,NA,NA,NA,NA,0,1,NA,NA,NA,NA,NA,NA,NA,NA,NA,NA,NA,NA
"dummies","childcadre_availability",NA,"childcareAvailability_78","Si usted quisiera salir de su casa para hacer algun mandado y no pudiera llevar a los menores de edad que estan a su cargo hay alguien que pueda cuidarlos en su ausencia?/No sabe",NA,NA,NA,NA,0,0,1,0,NA,NA,NA,NA,NA,NA,NA,NA,NA,NA,NA,NA,NA,NA,NA,NA,NA,NA,0,1,NA,NA,NA,NA,NA,NA,NA,NA,NA,NA,NA,NA
"select_one","child_farm","G9","childrensInterestInFarming","Sus hijos quieren ser agricultores?",TRUE,NA,NA,NA,0,0,0,1,NA,NA,NA,NA,NA,NA,NA,NA,NA,NA,NA,NA,NA,NA,NA,NA,NA,NA,1,0,NA,NA,NA,NA,NA,NA,NA,NA,NA,NA,NA,NA
"select_one","child_farm",NA,"childrensInterestInFarming_dont_have","Sus hijos quieren ser agricultores?/No tengo",NA,NA,NA,NA,0,0,1,0,NA,NA,NA,NA,NA,NA,NA,NA,NA,NA,NA,NA,NA,NA,NA,NA,NA,NA,1,0,NA,NA,NA,NA,NA,NA,NA,NA,NA,NA,NA,NA
"select_one","child_farm",NA,"childrensInterestInFarming_N","Sus hijos quieren ser agricultores?/No",NA,NA,NA,NA,0,0,1,0,NA,NA,NA,NA,NA,NA,NA,NA,NA,NA,NA,NA,NA,NA,NA,NA,NA,NA,1,0,NA,NA,NA,NA,NA,NA,NA,NA,NA,NA,NA,NA
"select_one","child_farm",NA,"childrensInterestInFarming_too_young","Sus hijos quieren ser agricultores?/Demasiado jovenes para decidir",NA,NA,NA,NA,0,0,1,0,NA,NA,NA,NA,NA,NA,NA,NA,NA,NA,NA,NA,NA,NA,NA,NA,NA,NA,1,0,NA,NA,NA,NA,NA,NA,NA,NA,NA,NA,NA,NA
"select_one","child_farm",NA,"childrensInterestInFarming_Y","Sus hijos quieren ser agricultores?/Si, todos (hijos e hijas)",NA,NA,NA,NA,0,0,1,0,NA,NA,NA,NA,NA,NA,NA,NA,NA,NA,NA,NA,NA,NA,NA,NA,NA,NA,1,0,NA,NA,NA,NA,NA,NA,NA,NA,NA,NA,NA,NA
"select_one","child_farm",NA,"childrensInterestInFarming_Yb","Sus hijos quieren ser agricultores?/Si, mis hijos",NA,NA,NA,NA,0,0,1,0,NA,NA,NA,NA,NA,NA,NA,NA,NA,NA,NA,NA,NA,NA,NA,NA,NA,NA,1,0,NA,NA,NA,NA,NA,NA,NA,NA,NA,NA,NA,NA
"select_one","child_farm",NA,"childrensInterestInFarming_Yg","Sus hijos quieren ser agricultores?/Si, mis hijas",NA,NA,NA,NA,0,0,1,0,NA,NA,NA,NA,NA,NA,NA,NA,NA,NA,NA,NA,NA,NA,NA,NA,NA,NA,1,0,NA,NA,NA,NA,NA,NA,NA,NA,NA,NA,NA,NA
"select_one","power","L11","choiceToJoinCommunityCommittees","Puede elegir participar en los comites del pueblo o de la comunidad?",TRUE,NA,NA,NA,0,0,0,1,NA,NA,NA,NA,NA,NA,NA,NA,NA,NA,NA,NA,NA,NA,NA,NA,NA,NA,1,0,NA,NA,NA,NA,NA,NA,NA,NA,NA,NA,NA,NA
"select_one","power",NA,"choiceToJoinCommunityCommittees_1","Puede elegir participar en los comites del pueblo o de la comunidad?/No puedo",NA,NA,NA,NA,0,0,1,0,NA,NA,NA,NA,NA,NA,NA,NA,NA,NA,NA,NA,NA,NA,NA,NA,NA,NA,1,0,NA,NA,NA,NA,NA,NA,NA,NA,NA,NA,NA,NA
"select_one","power",NA,"choiceToJoinCommunityCommittees_2","Puede elegir participar en los comites del pueblo o de la comunidad?/Tengo cierto poder de decision, pero mi conyuge tiene la ultima palabra",NA,NA,NA,NA,0,0,1,0,NA,NA,NA,NA,NA,NA,NA,NA,NA,NA,NA,NA,NA,NA,NA,NA,NA,NA,1,0,NA,NA,NA,NA,NA,NA,NA,NA,NA,NA,NA,NA
"select_one","power",NA,"choiceToJoinCommunityCommittees_3","Puede elegir participar en los comites del pueblo o de la comunidad?/Hay igualdad de decision (mi conyuge y yo decidimos juntos)",NA,NA,NA,NA,0,0,1,0,NA,NA,NA,NA,NA,NA,NA,NA,NA,NA,NA,NA,NA,NA,NA,NA,NA,NA,1,0,NA,NA,NA,NA,NA,NA,NA,NA,NA,NA,NA,NA
"select_one","power",NA,"choiceToJoinCommunityCommittees_4","Puede elegir participar en los comites del pueblo o de la comunidad?/Tengo la ultima palabra, pero mi conyuge tiene cierto poder de decision",NA,NA,NA,NA,0,0,1,0,NA,NA,NA,NA,NA,NA,NA,NA,NA,NA,NA,NA,NA,NA,NA,NA,NA,NA,1,0,NA,NA,NA,NA,NA,NA,NA,NA,NA,NA,NA,NA
"select_one","power",NA,"choiceToJoinCommunityCommittees_5","Puede elegir participar en los comites del pueblo o de la comunidad?/Tengo todo el poder de decidir",NA,NA,NA,NA,0,0,1,0,NA,NA,NA,NA,NA,NA,NA,NA,NA,NA,NA,NA,NA,NA,NA,NA,NA,NA,1,0,NA,NA,NA,NA,NA,NA,NA,NA,NA,NA,NA,NA
"decimal",NA,"E2X","coffeeAreaLastHarvest","De los/las ${totalAreaUsedForAgriculture} (${measurementUnitOfAreaLabel}) de area usada en agricultura y caficultura en el terreno numero ${landNumber} cuanto es el area sembrada en cafe?",TRUE,NA,NA,NA,1,0,0,0,0,0,0,0,0,0,0,0,0,1,0,0,0,0,0,0,0,0,1,1,NA,"lands",NA,NA,NA,NA,NA,NA,NA,NA,NA,NA
"calculate",NA,"E2XC","coffeeAreaLastHarvestInHa","Area sembrada de cafe, en hectareas",NA,NA,NA,"round(if(selected(${productiveCoffeeAreaUnit}, ""vr""),${coffeeAreaLastHarvest}*0.000070258205,if(selected(${productiveCoffeeAreaUnit}, ""mz""),${coffeeAreaLastHarvest}*0.7,if(selected(${productiveCoffeeAreaUnit}, ""tarea""),${coffeeAreaLastHarvest}*0.06288,if(selected(${productiveCoffeeAreaUnit}, ""hectare""),${coffeeAreaLastHarvest}*1,${coffeeAreaLastHarvest}*0.0001)) )), 2)",1,0,0,0,0,1,0,0,0,0,0,0,NA,NA,NA,NA,NA,NA,NA,NA,NA,NA,1,1,NA,"lands",9,NA,NA,NA,NA,NA,NA,NA,3,NA
"calculate",NA,NA,"coffeeAreaLastHarvestInHa_trr","Area sembrada de cafe, en hectareas",NA,NA,NA,NA,1,0,0,0,NA,NA,NA,NA,NA,NA,NA,NA,NA,NA,NA,NA,NA,NA,NA,NA,NA,NA,0,1,NA,NA,9,NA,NA,NA,NA,NA,NA,NA,3,NA
"select_one","area_units","E2XA","coffeeAreaMeasurementUnit","Unidad de medida de area",TRUE,NA,NA,NA,0,0,0,0,NA,NA,NA,NA,NA,NA,NA,NA,0,2,0,0,0,0,0,0,0,0,1,0,NA,NA,NA,NA,NA,NA,NA,NA,NA,NA,NA,NA
"select_multiple","e53","E53A","coffeeClassificationBeforeSale","Como clasifica su cafe antes de entregar al comprador?",TRUE,NA,NA,NA,0,0,0,1,NA,NA,NA,NA,NA,NA,NA,NA,NA,NA,NA,NA,NA,NA,NA,NA,NA,NA,0,0,NA,NA,NA,NA,NA,NA,NA,NA,NA,NA,NA,NA
"select_one","dry_process","E62","coffeeDryingMethod","Como seco su cafe?",TRUE,"selected(${coffeeProcessingDoneOnFarm}, 'secado')",NA,NA,0,0,0,1,NA,NA,NA,NA,NA,NA,NA,NA,NA,NA,NA,NA,NA,NA,NA,NA,NA,NA,1,1,NA,NA,NA,NA,NA,NA,NA,NA,NA,NA,NA,NA
"dummies","dry_process",NA,"coffeeDryingMethod_beds","Como seco su cafe?/En camas africanas",NA,NA,NA,NA,0,0,1,0,NA,NA,NA,NA,NA,NA,NA,NA,NA,NA,NA,NA,NA,NA,NA,NA,NA,NA,1,1,NA,NA,NA,NA,NA,NA,NA,NA,NA,NA,NA,NA
"dummies","dry_process",NA,"coffeeDryingMethod_blanket","Como seco su cafe?/Sobre carpas (mantas)",NA,NA,NA,NA,0,0,1,0,NA,NA,NA,NA,NA,NA,NA,NA,NA,NA,NA,NA,NA,NA,NA,NA,NA,NA,1,1,NA,NA,NA,NA,NA,NA,NA,NA,NA,NA,NA,NA
"dummies","dry_process",NA,"coffeeDryingMethod_driers","Como seco su cafe?/En secadores solares",NA,NA,NA,NA,0,0,1,0,NA,NA,NA,NA,NA,NA,NA,NA,NA,NA,NA,NA,NA,NA,NA,NA,NA,NA,1,1,NA,NA,NA,NA,NA,NA,NA,NA,NA,NA,NA,NA
"dummies","dry_process",NA,"coffeeDryingMethod_floor_cement","Como seco su cafe?/En el piso (cemento)",NA,NA,NA,NA,0,0,1,0,NA,NA,NA,NA,NA,NA,NA,NA,NA,NA,NA,NA,NA,NA,NA,NA,NA,NA,1,1,NA,NA,NA,NA,NA,NA,NA,NA,NA,NA,NA,NA
"dummies","dry_process",NA,"coffeeDryingMethod_floor_dirt","Como seco su cafe?/En el piso (tierra sin lona)",NA,NA,NA,NA,0,0,1,0,NA,NA,NA,NA,NA,NA,NA,NA,NA,NA,NA,NA,NA,NA,NA,NA,NA,NA,0,1,NA,NA,NA,NA,NA,NA,NA,NA,NA,NA,NA,NA
"dummies","dry_process",NA,"coffeeDryingMethod_N","Como seco su cafe?/No seco",NA,NA,NA,NA,0,0,1,0,NA,NA,NA,NA,NA,NA,NA,NA,NA,NA,NA,NA,NA,NA,NA,NA,NA,NA,0,1,NA,NA,NA,NA,NA,NA,NA,NA,NA,NA,NA,NA
"dummies","dry_process",NA,"coffeeDryingMethod_other","Como seco su cafe?/Otro",NA,NA,NA,NA,0,0,1,0,NA,NA,NA,NA,NA,NA,NA,NA,NA,NA,NA,NA,NA,NA,NA,NA,NA,NA,1,1,NA,NA,NA,NA,NA,NA,NA,NA,NA,NA,NA,NA
"select_multiple","process_on_farm","E56","coffeeProcessingDoneOnFarm","Cuales procesos de beneficio de cafe hizo en su finca?",TRUE,NA,"not(selected(${coffeeProcessingDoneOnFarm}, 'N') and count-selected(${coffeeProcessingDoneOnFarm})>1)",NA,0,0,0,2,NA,NA,NA,NA,NA,NA,NA,NA,NA,NA,NA,NA,NA,NA,NA,NA,NA,NA,1,1,NA,NA,NA,NA,NA,NA,NA,NA,NA,NA,NA,NA
"dummies","process_on_farm",NA,"coffeeProcessingDoneOnFarm/clasificacion","Cuales procesos de beneficio de cafe hizo en su finca?/Clasificacion",NA,NA,NA,NA,0,0,1,0,NA,NA,NA,NA,NA,NA,NA,NA,NA,NA,NA,NA,NA,NA,NA,NA,NA,NA,0,1,NA,NA,NA,NA,NA,NA,NA,NA,NA,NA,NA,NA
"dummies","process_on_farm",NA,"coffeeProcessingDoneOnFarm/despulpado","Cuales procesos de beneficio de cafe hizo en su finca?/Despulpado",NA,NA,NA,NA,0,0,1,0,NA,NA,NA,NA,NA,NA,NA,NA,NA,NA,NA,NA,NA,NA,NA,NA,NA,NA,1,1,NA,NA,NA,NA,NA,NA,NA,NA,NA,NA,NA,NA
"dummies","process_on_farm",NA,"coffeeProcessingDoneOnFarm/empaque","Cuales procesos de beneficio de cafe hizo en su finca?/Empaque",NA,NA,NA,NA,0,0,1,0,NA,NA,NA,NA,NA,NA,NA,NA,NA,NA,NA,NA,NA,NA,NA,NA,NA,NA,0,1,NA,NA,NA,NA,NA,NA,NA,NA,NA,NA,NA,NA
"dummies","process_on_farm",NA,"coffeeProcessingDoneOnFarm/fermentado","Cuales procesos de beneficio de cafe hizo en su finca?/Fermentado",NA,NA,NA,NA,0,0,1,0,NA,NA,NA,NA,NA,NA,NA,NA,NA,NA,NA,NA,NA,NA,NA,NA,NA,NA,1,1,NA,NA,NA,NA,NA,NA,NA,NA,NA,NA,NA,NA
"dummies","process_on_farm",NA,"coffeeProcessingDoneOnFarm/lavado","Cuales procesos de beneficio de cafe hizo en su finca?/Lavado",NA,NA,NA,NA,0,0,1,0,NA,NA,NA,NA,NA,NA,NA,NA,NA,NA,NA,NA,NA,NA,NA,NA,NA,NA,1,1,NA,NA,NA,NA,NA,NA,NA,NA,NA,NA,NA,NA
"dummies","process_on_farm",NA,"coffeeProcessingDoneOnFarm/molienda","Cuales procesos de beneficio de cafe hizo en su finca?/Molienda",NA,NA,NA,NA,0,0,1,0,NA,NA,NA,NA,NA,NA,NA,NA,NA,NA,NA,NA,NA,NA,NA,NA,NA,NA,0,1,NA,NA,NA,NA,NA,NA,NA,NA,NA,NA,NA,NA
"dummies","process_on_farm",NA,"coffeeProcessingDoneOnFarm/N","Cuales procesos de beneficio de cafe hizo en su finca?/No beneficia/procesa",NA,NA,NA,NA,0,0,1,0,NA,NA,NA,NA,NA,NA,NA,NA,NA,NA,NA,NA,NA,NA,NA,NA,NA,NA,1,1,NA,NA,NA,NA,NA,NA,NA,NA,NA,NA,NA,NA
"dummies","process_on_farm",NA,"coffeeProcessingDoneOnFarm/secado","Cuales procesos de beneficio de cafe hizo en su finca?/Secado",NA,NA,NA,NA,0,0,1,0,NA,NA,NA,NA,NA,NA,NA,NA,NA,NA,NA,NA,NA,NA,NA,NA,NA,NA,1,1,NA,NA,NA,NA,NA,NA,NA,NA,NA,NA,NA,NA
"dummies","process_on_farm",NA,"coffeeProcessingDoneOnFarm/tostado","Cuales procesos de beneficio de cafe hizo en su finca?/Tostado",NA,NA,NA,NA,0,0,1,0,NA,NA,NA,NA,NA,NA,NA,NA,NA,NA,NA,NA,NA,NA,NA,NA,NA,NA,0,1,NA,NA,NA,NA,NA,NA,NA,NA,NA,NA,NA,NA
"dummies","process_on_farm",NA,"coffeeProcessingDoneOnFarm/trillado","Cuales procesos de beneficio de cafe hizo en su finca?/Trillado",NA,NA,NA,NA,0,0,1,0,NA,NA,NA,NA,NA,NA,NA,NA,NA,NA,NA,NA,NA,NA,NA,NA,NA,NA,0,1,NA,NA,NA,NA,NA,NA,NA,NA,NA,NA,NA,NA
"select_one","cropyield_units","E23","coffeeProductionMeasurementUnit","Unidades de medida de produccion",TRUE,NA,NA,NA,0,0,0,0,NA,NA,NA,NA,NA,NA,NA,NA,0,0,0,0,3,0,0,0,0,0,1,1,NA,NA,NA,NA,NA,NA,NA,NA,NA,NA,NA,NA
"calculate",NA,NA,"coffeeProductionMeasurementUnitLabel","Etiqueta de unidad de medida del area",NA,NA,NA,"if(selected(${coffeeProductionMeasurementUnit}, ""kg""), 'Kilogramos', if(selected(${coffeeProductionMeasurementUnit}, ""lb""), 'Libras', if(selected(${coffeeProductionMeasurementUnit}, ""qq""), 'Quintales', if(selected(${coffeeProductionMeasurementUnit}, ""carga""), 'Cargas', if(selected(${coffeeProductionMeasurementUnit}, ""lata""), 'Latas', 'Otro')))))",0,0,0,1,NA,NA,NA,NA,NA,NA,NA,NA,NA,NA,NA,NA,NA,NA,NA,NA,NA,NA,0,1,NA,NA,NA,NA,NA,NA,NA,NA,NA,NA,NA,NA
"calculate",NA,"TCX","coffeeType","Tipo de cafe vendido a NCX",NA,NA,NA,"jr:choice-name(selected-at(${formInWhichCoffeeWasSold},(position(..)-1)),'${formInWhichCoffeeWasSold}')",0,0,0,1,0,0,0,0,0,0,0,0,NA,NA,NA,NA,NA,NA,NA,NA,NA,NA,0,0,"sales_repeat",NA,NA,NA,NA,NA,NA,NA,NA,NA,NA,NA
"integer",NA,NA,"commMigrate","En cuantos de estos hogares ha emigrado alguien fuera del pais en los ultimos 12 meses?",TRUE,NA,".<=${commSize}",NA,0,1,0,0,NA,NA,NA,NA,NA,NA,NA,NA,NA,NA,NA,NA,NA,NA,NA,NA,NA,NA,0,1,NA,NA,NA,NA,NA,NA,NA,NA,NA,NA,NA,NA
"integer",NA,NA,"commSize","Aproximadamente cuantos hogares hay en la comunidad donde esta ubicada su finca?",TRUE,NA,NA,NA,0,1,0,0,NA,NA,NA,NA,NA,NA,NA,NA,NA,NA,NA,NA,NA,NA,NA,NA,NA,NA,0,1,NA,NA,NA,NA,NA,NA,NA,NA,NA,NA,NA,NA
"select_one","comm_control_leadership","L17","communityLeadershipRolesHeld","Tiene funciones de liderazgo comunitario?",TRUE,NA,NA,NA,0,0,0,1,NA,NA,NA,NA,NA,NA,NA,NA,NA,NA,NA,NA,NA,NA,NA,NA,NA,NA,1,0,NA,NA,NA,NA,NA,NA,NA,NA,NA,NA,NA,NA
"select_one","comm_control_leadership",NA,"communityLeadershipRolesHeld_equal","Tiene funciones de liderazgo comunitario?/Hay igualdad de oportunidades entre mi conyuge y yo para asumir funciones de liderazgo e influir en los grupos",NA,NA,NA,NA,0,0,1,0,NA,NA,NA,NA,NA,NA,NA,NA,NA,NA,NA,NA,NA,NA,NA,NA,NA,NA,1,0,NA,NA,NA,NA,NA,NA,NA,NA,NA,NA,NA,NA
"select_one","comm_control_leadership",NA,"communityLeadershipRolesHeld_little","Tiene funciones de liderazgo comunitario?/Tengo algunas oportunidades de liderazgo",NA,NA,NA,NA,0,0,1,0,NA,NA,NA,NA,NA,NA,NA,NA,NA,NA,NA,NA,NA,NA,NA,NA,NA,NA,1,0,NA,NA,NA,NA,NA,NA,NA,NA,NA,NA,NA,NA
"select_one","comm_control_leadership",NA,"communityLeadershipRolesHeld_moderate","Tiene funciones de liderazgo comunitario?/Tengo un buen papel de liderazgo, pero no siempre se me escucha ni se toman en serio mis opiniones",NA,NA,NA,NA,0,0,1,0,NA,NA,NA,NA,NA,NA,NA,NA,NA,NA,NA,NA,NA,NA,NA,NA,NA,NA,1,0,NA,NA,NA,NA,NA,NA,NA,NA,NA,NA,NA,NA
"select_one","comm_control_leadership",NA,"communityLeadershipRolesHeld_more_than","Tiene funciones de liderazgo comunitario?/Tengo mas oportunidades que mi conyuge para asumir funciones de liderazgo",NA,NA,NA,NA,0,0,1,0,NA,NA,NA,NA,NA,NA,NA,NA,NA,NA,NA,NA,NA,NA,NA,NA,NA,NA,1,0,NA,NA,NA,NA,NA,NA,NA,NA,NA,NA,NA,NA
"select_one","comm_control_leadership",NA,"communityLeadershipRolesHeld_none","Tiene funciones de liderazgo comunitario?/No se me permite desempenar funciones de liderazgo en la comunidad",NA,NA,NA,NA,0,0,1,0,NA,NA,NA,NA,NA,NA,NA,NA,NA,NA,NA,NA,NA,NA,NA,NA,NA,NA,1,0,NA,NA,NA,NA,NA,NA,NA,NA,NA,NA,NA,NA
"select_one","comunidad","A6","communityOrHamlet","Comunidad o caserio",TRUE,"selected(${same_community}, 'N')",NA,NA,0,0,0,1,NA,NA,NA,NA,NA,NA,NA,NA,NA,NA,NA,NA,NA,NA,NA,NA,NA,NA,1,1,NA,NA,NA,NA,NA,NA,NA,NA,NA,NA,NA,NA
"select_one","comunidad",NA,"communityOrHamlet_aguacatal","En que comunidad o caserio se encuentra su finca?/Aguacatal",NA,NA,NA,NA,0,0,1,0,NA,NA,NA,NA,NA,NA,NA,NA,NA,NA,NA,NA,NA,NA,NA,NA,NA,NA,1,1,NA,NA,NA,NA,NA,NA,NA,NA,NA,NA,NA,NA
"select_one","comunidad",NA,"communityOrHamlet_baires1","En que comunidad o caserio se encuentra su finca?/Buenos Aires",NA,NA,NA,NA,0,0,1,0,NA,NA,NA,NA,NA,NA,NA,NA,NA,NA,NA,NA,NA,NA,NA,NA,NA,NA,1,1,NA,NA,NA,NA,NA,NA,NA,NA,NA,NA,NA,NA
"select_one","comunidad",NA,"communityOrHamlet_baires2","En que comunidad o caserio se encuentra su finca?/Buenos Aires",NA,NA,NA,NA,0,0,1,0,NA,NA,NA,NA,NA,NA,NA,NA,NA,NA,NA,NA,NA,NA,NA,NA,NA,NA,1,1,NA,NA,NA,NA,NA,NA,NA,NA,NA,NA,NA,NA
"select_one","comunidad",NA,"communityOrHamlet_baires3","En que comunidad o caserio se encuentra su finca?/Buenos Aires",NA,NA,NA,NA,0,0,1,0,NA,NA,NA,NA,NA,NA,NA,NA,NA,NA,NA,NA,NA,NA,NA,NA,NA,NA,0,1,NA,NA,NA,NA,NA,NA,NA,NA,NA,NA,NA,NA
"select_one","comunidad",NA,"communityOrHamlet_balastrera","En que comunidad o caserio se encuentra su finca?/La Balastrera",NA,NA,NA,NA,0,0,1,0,NA,NA,NA,NA,NA,NA,NA,NA,NA,NA,NA,NA,NA,NA,NA,NA,NA,NA,1,1,NA,NA,NA,NA,NA,NA,NA,NA,NA,NA,NA,NA
"select_one","comunidad",NA,"communityOrHamlet_balsamo","En que comunidad o caserio se encuentra su finca?/El Balsamo",NA,NA,NA,NA,0,0,1,0,NA,NA,NA,NA,NA,NA,NA,NA,NA,NA,NA,NA,NA,NA,NA,NA,NA,NA,0,1,NA,NA,NA,NA,NA,NA,NA,NA,NA,NA,NA,NA
"select_one","comunidad",NA,"communityOrHamlet_boro1","En que comunidad o caserio se encuentra su finca?/Las Brisas de Oro",NA,NA,NA,NA,0,0,1,0,NA,NA,NA,NA,NA,NA,NA,NA,NA,NA,NA,NA,NA,NA,NA,NA,NA,NA,1,1,NA,NA,NA,NA,NA,NA,NA,NA,NA,NA,NA,NA
"select_one","comunidad",NA,"communityOrHamlet_camoteras","En que comunidad o caserio se encuentra su finca?/Las Camoteras",NA,NA,NA,NA,0,0,1,0,NA,NA,NA,NA,NA,NA,NA,NA,NA,NA,NA,NA,NA,NA,NA,NA,NA,NA,1,1,NA,NA,NA,NA,NA,NA,NA,NA,NA,NA,NA,NA
"select_one","comunidad",NA,"communityOrHamlet_campanario","En que comunidad o caserio se encuentra su finca?/El Campanario",NA,NA,NA,NA,0,0,1,0,NA,NA,NA,NA,NA,NA,NA,NA,NA,NA,NA,NA,NA,NA,NA,NA,NA,NA,1,1,NA,NA,NA,NA,NA,NA,NA,NA,NA,NA,NA,NA
"select_one","comunidad",NA,"communityOrHamlet_candelaria","En que comunidad o caserio se encuentra su finca?/Candelaria",NA,NA,NA,NA,0,0,1,0,NA,NA,NA,NA,NA,NA,NA,NA,NA,NA,NA,NA,NA,NA,NA,NA,NA,NA,1,1,NA,NA,NA,NA,NA,NA,NA,NA,NA,NA,NA,NA
"select_one","comunidad",NA,"communityOrHamlet_caracol","En que comunidad o caserio se encuentra su finca?/El Caracol",NA,NA,NA,NA,0,0,1,0,NA,NA,NA,NA,NA,NA,NA,NA,NA,NA,NA,NA,NA,NA,NA,NA,NA,NA,1,1,NA,NA,NA,NA,NA,NA,NA,NA,NA,NA,NA,NA
"select_one","comunidad",NA,"communityOrHamlet_caulotales","En que comunidad o caserio se encuentra su finca?/Caulotales",NA,NA,NA,NA,0,0,1,0,NA,NA,NA,NA,NA,NA,NA,NA,NA,NA,NA,NA,NA,NA,NA,NA,NA,NA,1,1,NA,NA,NA,NA,NA,NA,NA,NA,NA,NA,NA,NA
"select_one","comunidad",NA,"communityOrHamlet_cedrales","En que comunidad o caserio se encuentra su finca?/Cedrales",NA,NA,NA,NA,0,0,1,0,NA,NA,NA,NA,NA,NA,NA,NA,NA,NA,NA,NA,NA,NA,NA,NA,NA,NA,1,1,NA,NA,NA,NA,NA,NA,NA,NA,NA,NA,NA,NA
"select_one","comunidad",NA,"communityOrHamlet_ceibita","En que comunidad o caserio se encuentra su finca?/La Ceibita",NA,NA,NA,NA,0,0,1,0,NA,NA,NA,NA,NA,NA,NA,NA,NA,NA,NA,NA,NA,NA,NA,NA,NA,NA,1,1,NA,NA,NA,NA,NA,NA,NA,NA,NA,NA,NA,NA
"select_one","comunidad",NA,"communityOrHamlet_choloma","En que comunidad o caserio se encuentra su finca?/Choloma",NA,NA,NA,NA,0,0,1,0,NA,NA,NA,NA,NA,NA,NA,NA,NA,NA,NA,NA,NA,NA,NA,NA,NA,NA,1,1,NA,NA,NA,NA,NA,NA,NA,NA,NA,NA,NA,NA
"select_one","comunidad",NA,"communityOrHamlet_concepcion","En que comunidad o caserio se encuentra su finca?/Concepcion",NA,NA,NA,NA,0,0,1,0,NA,NA,NA,NA,NA,NA,NA,NA,NA,NA,NA,NA,NA,NA,NA,NA,NA,NA,1,1,NA,NA,NA,NA,NA,NA,NA,NA,NA,NA,NA,NA
"select_one","comunidad",NA,"communityOrHamlet_cuchilla1","En que comunidad o caserio se encuentra su finca?/La Cuchilla",NA,NA,NA,NA,0,0,1,0,NA,NA,NA,NA,NA,NA,NA,NA,NA,NA,NA,NA,NA,NA,NA,NA,NA,NA,1,1,NA,NA,NA,NA,NA,NA,NA,NA,NA,NA,NA,NA
"select_one","comunidad",NA,"communityOrHamlet_cuchilla2","En que comunidad o caserio se encuentra su finca?/La Cuchilla",NA,NA,NA,NA,0,0,1,0,NA,NA,NA,NA,NA,NA,NA,NA,NA,NA,NA,NA,NA,NA,NA,NA,NA,NA,1,1,NA,NA,NA,NA,NA,NA,NA,NA,NA,NA,NA,NA
"select_one","comunidad",NA,"communityOrHamlet_dantos","En que comunidad o caserio se encuentra su finca?/Los Dantos",NA,NA,NA,NA,0,0,1,0,NA,NA,NA,NA,NA,NA,NA,NA,NA,NA,NA,NA,NA,NA,NA,NA,NA,NA,1,1,NA,NA,NA,NA,NA,NA,NA,NA,NA,NA,NA,NA
"select_one","comunidad",NA,"communityOrHamlet_esperanza","En que comunidad o caserio se encuentra su finca?/La Esperanza",NA,NA,NA,NA,0,0,1,0,NA,NA,NA,NA,NA,NA,NA,NA,NA,NA,NA,NA,NA,NA,NA,NA,NA,NA,0,1,NA,NA,NA,NA,NA,NA,NA,NA,NA,NA,NA,NA
"select_one","comunidad",NA,"communityOrHamlet_hierbabuena1","En que comunidad o caserio se encuentra su finca?/Hierbabuena",NA,NA,NA,NA,0,0,1,0,NA,NA,NA,NA,NA,NA,NA,NA,NA,NA,NA,NA,NA,NA,NA,NA,NA,NA,1,1,NA,NA,NA,NA,NA,NA,NA,NA,NA,NA,NA,NA
"select_one","comunidad",NA,"communityOrHamlet_hoyos","En que comunidad o caserio se encuentra su finca?/Los Hoyos",NA,NA,NA,NA,0,0,1,0,NA,NA,NA,NA,NA,NA,NA,NA,NA,NA,NA,NA,NA,NA,NA,NA,NA,NA,1,1,NA,NA,NA,NA,NA,NA,NA,NA,NA,NA,NA,NA
"select_one","comunidad",NA,"communityOrHamlet_ig_filo","En que comunidad o caserio se encuentra su finca?/El Filo del Monte Largo",NA,NA,NA,NA,0,0,1,0,NA,NA,NA,NA,NA,NA,NA,NA,NA,NA,NA,NA,NA,NA,NA,NA,NA,NA,0,1,NA,NA,NA,NA,NA,NA,NA,NA,NA,NA,NA,NA
"select_one","comunidad",NA,"communityOrHamlet_ig_lagunetas","En que comunidad o caserio se encuentra su finca?/Lagunetas",NA,NA,NA,NA,0,0,1,0,NA,NA,NA,NA,NA,NA,NA,NA,NA,NA,NA,NA,NA,NA,NA,NA,NA,NA,0,1,NA,NA,NA,NA,NA,NA,NA,NA,NA,NA,NA,NA
"select_one","comunidad",NA,"communityOrHamlet_ig_rcolorado","En que comunidad o caserio se encuentra su finca?/Rio Colorado",NA,NA,NA,NA,0,0,1,0,NA,NA,NA,NA,NA,NA,NA,NA,NA,NA,NA,NA,NA,NA,NA,NA,NA,NA,0,1,NA,NA,NA,NA,NA,NA,NA,NA,NA,NA,NA,NA
"select_one","comunidad",NA,"communityOrHamlet_ig_srafael","En que comunidad o caserio se encuentra su finca?/San Rafael",NA,NA,NA,NA,0,0,1,0,NA,NA,NA,NA,NA,NA,NA,NA,NA,NA,NA,NA,NA,NA,NA,NA,NA,NA,0,1,NA,NA,NA,NA,NA,NA,NA,NA,NA,NA,NA,NA
"select_one","comunidad",NA,"communityOrHamlet_ig_suyapa","En que comunidad o caserio se encuentra su finca?/Suyapa",NA,NA,NA,NA,0,0,1,0,NA,NA,NA,NA,NA,NA,NA,NA,NA,NA,NA,NA,NA,NA,NA,NA,NA,NA,0,1,NA,NA,NA,NA,NA,NA,NA,NA,NA,NA,NA,NA
"select_one","comunidad",NA,"communityOrHamlet_joconal","En que comunidad o caserio se encuentra su finca?/El Joconal",NA,NA,NA,NA,0,0,1,0,NA,NA,NA,NA,NA,NA,NA,NA,NA,NA,NA,NA,NA,NA,NA,NA,NA,NA,1,1,NA,NA,NA,NA,NA,NA,NA,NA,NA,NA,NA,NA
"select_one","comunidad",NA,"communityOrHamlet_juntas","En que comunidad o caserio se encuentra su finca?/Las Juntas",NA,NA,NA,NA,0,0,1,0,NA,NA,NA,NA,NA,NA,NA,NA,NA,NA,NA,NA,NA,NA,NA,NA,NA,NA,1,1,NA,NA,NA,NA,NA,NA,NA,NA,NA,NA,NA,NA
"select_one","comunidad",NA,"communityOrHamlet_laureles","En que comunidad o caserio se encuentra su finca?/Los Laureles",NA,NA,NA,NA,0,0,1,0,NA,NA,NA,NA,NA,NA,NA,NA,NA,NA,NA,NA,NA,NA,NA,NA,NA,NA,1,1,NA,NA,NA,NA,NA,NA,NA,NA,NA,NA,NA,NA
"select_one","comunidad",NA,"communityOrHamlet_macuzal","En que comunidad o caserio se encuentra su finca?/Macuzal",NA,NA,NA,NA,0,0,1,0,NA,NA,NA,NA,NA,NA,NA,NA,NA,NA,NA,NA,NA,NA,NA,NA,NA,NA,1,1,NA,NA,NA,NA,NA,NA,NA,NA,NA,NA,NA,NA
"select_one","comunidad",NA,"communityOrHamlet_marias1","En que comunidad o caserio se encuentra su finca?/Las Marias",NA,NA,NA,NA,0,0,1,0,NA,NA,NA,NA,NA,NA,NA,NA,NA,NA,NA,NA,NA,NA,NA,NA,NA,NA,1,1,NA,NA,NA,NA,NA,NA,NA,NA,NA,NA,NA,NA
"select_one","comunidad",NA,"communityOrHamlet_marias2","En que comunidad o caserio se encuentra su finca?/Las Marias",NA,NA,NA,NA,0,0,1,0,NA,NA,NA,NA,NA,NA,NA,NA,NA,NA,NA,NA,NA,NA,NA,NA,NA,NA,1,1,NA,NA,NA,NA,NA,NA,NA,NA,NA,NA,NA,NA
"select_one","comunidad",NA,"communityOrHamlet_marias3","En que comunidad o caserio se encuentra su finca?/Las Marias",NA,NA,NA,NA,0,0,1,0,NA,NA,NA,NA,NA,NA,NA,NA,NA,NA,NA,NA,NA,NA,NA,NA,NA,NA,1,1,NA,NA,NA,NA,NA,NA,NA,NA,NA,NA,NA,NA
"select_one","comunidad",NA,"communityOrHamlet_montesoro","En que comunidad o caserio se encuentra su finca?/Montes de Oro",NA,NA,NA,NA,0,0,1,0,NA,NA,NA,NA,NA,NA,NA,NA,NA,NA,NA,NA,NA,NA,NA,NA,NA,NA,1,1,NA,NA,NA,NA,NA,NA,NA,NA,NA,NA,NA,NA
"select_one","comunidad",NA,"communityOrHamlet_ni_buenavista","En que comunidad o caserio se encuentra su finca?/Buena Vista",NA,NA,NA,NA,0,0,1,0,NA,NA,NA,NA,NA,NA,NA,NA,NA,NA,NA,NA,NA,NA,NA,NA,NA,NA,0,1,NA,NA,NA,NA,NA,NA,NA,NA,NA,NA,NA,NA
"select_one","comunidad",NA,"communityOrHamlet_ni_scruz","En que comunidad o caserio se encuentra su finca?/Santa Cruz",NA,NA,NA,NA,0,0,1,0,NA,NA,NA,NA,NA,NA,NA,NA,NA,NA,NA,NA,NA,NA,NA,NA,NA,NA,0,1,NA,NA,NA,NA,NA,NA,NA,NA,NA,NA,NA,NA
"select_one","comunidad",NA,"communityOrHamlet_ni_yorito","En que comunidad o caserio se encuentra su finca?/Yorito",NA,NA,NA,NA,0,0,1,0,NA,NA,NA,NA,NA,NA,NA,NA,NA,NA,NA,NA,NA,NA,NA,NA,NA,NA,0,1,NA,NA,NA,NA,NA,NA,NA,NA,NA,NA,NA,NA
"select_one","comunidad",NA,"communityOrHamlet_nyork","En que comunidad o caserio se encuentra su finca?/Nueva York",NA,NA,NA,NA,0,0,1,0,NA,NA,NA,NA,NA,NA,NA,NA,NA,NA,NA,NA,NA,NA,NA,NA,NA,NA,1,1,NA,NA,NA,NA,NA,NA,NA,NA,NA,NA,NA,NA
"select_one","comunidad",NA,"communityOrHamlet_ocotillo","En que comunidad o caserio se encuentra su finca?/El Ocotillo",NA,NA,NA,NA,0,0,1,0,NA,NA,NA,NA,NA,NA,NA,NA,NA,NA,NA,NA,NA,NA,NA,NA,NA,NA,1,1,NA,NA,NA,NA,NA,NA,NA,NA,NA,NA,NA,NA
"select_one","comunidad",NA,"communityOrHamlet_pacayalito","En que comunidad o caserio se encuentra su finca?/Pacayalito",NA,NA,NA,NA,0,0,1,0,NA,NA,NA,NA,NA,NA,NA,NA,NA,NA,NA,NA,NA,NA,NA,NA,NA,NA,1,1,NA,NA,NA,NA,NA,NA,NA,NA,NA,NA,NA,NA
"select_one","comunidad",NA,"communityOrHamlet_palmo","En que comunidad o caserio se encuentra su finca?/El Palmo",NA,NA,NA,NA,0,0,1,0,NA,NA,NA,NA,NA,NA,NA,NA,NA,NA,NA,NA,NA,NA,NA,NA,NA,NA,0,1,NA,NA,NA,NA,NA,NA,NA,NA,NA,NA,NA,NA
"select_one","comunidad",NA,"communityOrHamlet_paraiso","En que comunidad o caserio se encuentra su finca?/El Paraiso",NA,NA,NA,NA,0,0,1,0,NA,NA,NA,NA,NA,NA,NA,NA,NA,NA,NA,NA,NA,NA,NA,NA,NA,NA,1,1,NA,NA,NA,NA,NA,NA,NA,NA,NA,NA,NA,NA
"select_one","comunidad",NA,"communityOrHamlet_pgrande","En que comunidad o caserio se encuentra su finca?/Plan Grande",NA,NA,NA,NA,0,0,1,0,NA,NA,NA,NA,NA,NA,NA,NA,NA,NA,NA,NA,NA,NA,NA,NA,NA,NA,1,1,NA,NA,NA,NA,NA,NA,NA,NA,NA,NA,NA,NA
"select_one","comunidad",NA,"communityOrHamlet_phigo","En que comunidad o caserio se encuentra su finca?/Plan del Higo",NA,NA,NA,NA,0,0,1,0,NA,NA,NA,NA,NA,NA,NA,NA,NA,NA,NA,NA,NA,NA,NA,NA,NA,NA,1,1,NA,NA,NA,NA,NA,NA,NA,NA,NA,NA,NA,NA
"select_one","comunidad",NA,"communityOrHamlet_porvenir","En que comunidad o caserio se encuentra su finca?/El Porvenir",NA,NA,NA,NA,0,0,1,0,NA,NA,NA,NA,NA,NA,NA,NA,NA,NA,NA,NA,NA,NA,NA,NA,NA,NA,1,1,NA,NA,NA,NA,NA,NA,NA,NA,NA,NA,NA,NA
"select_one","comunidad",NA,"communityOrHamlet_resumidero","En que comunidad o caserio se encuentra su finca?/El Resumidero",NA,NA,NA,NA,0,0,1,0,NA,NA,NA,NA,NA,NA,NA,NA,NA,NA,NA,NA,NA,NA,NA,NA,NA,NA,1,1,NA,NA,NA,NA,NA,NA,NA,NA,NA,NA,NA,NA
"select_one","comunidad",NA,"communityOrHamlet_rfrio","En que comunidad o caserio se encuentra su finca?/Finca Rio Frio",NA,NA,NA,NA,0,0,1,0,NA,NA,NA,NA,NA,NA,NA,NA,NA,NA,NA,NA,NA,NA,NA,NA,NA,NA,1,1,NA,NA,NA,NA,NA,NA,NA,NA,NA,NA,NA,NA
"select_one","comunidad",NA,"communityOrHamlet_santonio","En que comunidad o caserio se encuentra su finca?/San Antonio",NA,NA,NA,NA,0,0,1,0,NA,NA,NA,NA,NA,NA,NA,NA,NA,NA,NA,NA,NA,NA,NA,NA,NA,NA,1,1,NA,NA,NA,NA,NA,NA,NA,NA,NA,NA,NA,NA
"select_one","comunidad",NA,"communityOrHamlet_sbartolo","En que comunidad o caserio se encuentra su finca?/San Bartolo",NA,NA,NA,NA,0,0,1,0,NA,NA,NA,NA,NA,NA,NA,NA,NA,NA,NA,NA,NA,NA,NA,NA,NA,NA,1,1,NA,NA,NA,NA,NA,NA,NA,NA,NA,NA,NA,NA
"select_one","comunidad",NA,"communityOrHamlet_sfernando","En que comunidad o caserio se encuentra su finca?/San Fernando",NA,NA,NA,NA,0,0,1,0,NA,NA,NA,NA,NA,NA,NA,NA,NA,NA,NA,NA,NA,NA,NA,NA,NA,NA,1,1,NA,NA,NA,NA,NA,NA,NA,NA,NA,NA,NA,NA
"select_one","comunidad",NA,"communityOrHamlet_sisidro1","En que comunidad o caserio se encuentra su finca?/San Isidro del Pacayal",NA,NA,NA,NA,0,0,1,0,NA,NA,NA,NA,NA,NA,NA,NA,NA,NA,NA,NA,NA,NA,NA,NA,NA,NA,1,1,NA,NA,NA,NA,NA,NA,NA,NA,NA,NA,NA,NA
"select_one","comunidad",NA,"communityOrHamlet_sisidro2","En que comunidad o caserio se encuentra su finca?/San Isidro",NA,NA,NA,NA,0,0,1,0,NA,NA,NA,NA,NA,NA,NA,NA,NA,NA,NA,NA,NA,NA,NA,NA,NA,NA,1,1,NA,NA,NA,NA,NA,NA,NA,NA,NA,NA,NA,NA
"select_one","comunidad",NA,"communityOrHamlet_sjeronimo","En que comunidad o caserio se encuentra su finca?/San Jeronimo",NA,NA,NA,NA,0,0,1,0,NA,NA,NA,NA,NA,NA,NA,NA,NA,NA,NA,NA,NA,NA,NA,NA,NA,NA,1,1,NA,NA,NA,NA,NA,NA,NA,NA,NA,NA,NA,NA
"select_one","comunidad",NA,"communityOrHamlet_smarcos","En que comunidad o caserio se encuentra su finca?/San Marcos o El Cedral",NA,NA,NA,NA,0,0,1,0,NA,NA,NA,NA,NA,NA,NA,NA,NA,NA,NA,NA,NA,NA,NA,NA,NA,NA,1,1,NA,NA,NA,NA,NA,NA,NA,NA,NA,NA,NA,NA
"select_one","comunidad",NA,"communityOrHamlet_smiguel","En que comunidad o caserio se encuentra su finca?/San Miguel",NA,NA,NA,NA,0,0,1,0,NA,NA,NA,NA,NA,NA,NA,NA,NA,NA,NA,NA,NA,NA,NA,NA,NA,NA,1,1,NA,NA,NA,NA,NA,NA,NA,NA,NA,NA,NA,NA
"select_one","comunidad",NA,"communityOrHamlet_sn_scruz","En que comunidad o caserio se encuentra su finca?/Santa Cruz",NA,NA,NA,NA,0,0,1,0,NA,NA,NA,NA,NA,NA,NA,NA,NA,NA,NA,NA,NA,NA,NA,NA,NA,NA,0,1,NA,NA,NA,NA,NA,NA,NA,NA,NA,NA,NA,NA
"select_one","comunidad",NA,"communityOrHamlet_spedrito","En que comunidad o caserio se encuentra su finca?/San Pedrito",NA,NA,NA,NA,0,0,1,0,NA,NA,NA,NA,NA,NA,NA,NA,NA,NA,NA,NA,NA,NA,NA,NA,NA,NA,1,1,NA,NA,NA,NA,NA,NA,NA,NA,NA,NA,NA,NA
"select_one","comunidad",NA,"communityOrHamlet_sr_filo","En que comunidad o caserio se encuentra su finca?/El Filo del Monte Largo",NA,NA,NA,NA,0,0,1,0,NA,NA,NA,NA,NA,NA,NA,NA,NA,NA,NA,NA,NA,NA,NA,NA,NA,NA,0,1,NA,NA,NA,NA,NA,NA,NA,NA,NA,NA,NA,NA
"select_one","comunidad",NA,"communityOrHamlet_sr_lagunetas","En que comunidad o caserio se encuentra su finca?/Lagunetas",NA,NA,NA,NA,0,0,1,0,NA,NA,NA,NA,NA,NA,NA,NA,NA,NA,NA,NA,NA,NA,NA,NA,NA,NA,0,1,NA,NA,NA,NA,NA,NA,NA,NA,NA,NA,NA,NA
"select_one","comunidad",NA,"communityOrHamlet_sr_rcolorado","En que comunidad o caserio se encuentra su finca?/Rio Colorado",NA,NA,NA,NA,0,0,1,0,NA,NA,NA,NA,NA,NA,NA,NA,NA,NA,NA,NA,NA,NA,NA,NA,NA,NA,0,1,NA,NA,NA,NA,NA,NA,NA,NA,NA,NA,NA,NA
"select_one","comunidad",NA,"communityOrHamlet_sr_srafael","En que comunidad o caserio se encuentra su finca?/San Rafael",NA,NA,NA,NA,0,0,1,0,NA,NA,NA,NA,NA,NA,NA,NA,NA,NA,NA,NA,NA,NA,NA,NA,NA,NA,0,1,NA,NA,NA,NA,NA,NA,NA,NA,NA,NA,NA,NA
"select_one","comunidad",NA,"communityOrHamlet_sr_suyapa","En que comunidad o caserio se encuentra su finca?/Suyapa",NA,NA,NA,NA,0,0,1,0,NA,NA,NA,NA,NA,NA,NA,NA,NA,NA,NA,NA,NA,NA,NA,NA,NA,NA,0,1,NA,NA,NA,NA,NA,NA,NA,NA,NA,NA,NA,NA
"select_one","comunidad",NA,"communityOrHamlet_subirana","En que comunidad o caserio se encuentra su finca?/Subirana",NA,NA,NA,NA,0,0,1,0,NA,NA,NA,NA,NA,NA,NA,NA,NA,NA,NA,NA,NA,NA,NA,NA,NA,NA,1,1,NA,NA,NA,NA,NA,NA,NA,NA,NA,NA,NA,NA
"select_one","comunidad",NA,"communityOrHamlet_tegucigalpita","En que comunidad o caserio se encuentra su finca?/Tegucigalpita",NA,NA,NA,NA,0,0,1,0,NA,NA,NA,NA,NA,NA,NA,NA,NA,NA,NA,NA,NA,NA,NA,NA,NA,NA,1,1,NA,NA,NA,NA,NA,NA,NA,NA,NA,NA,NA,NA
"select_one","comunidad",NA,"communityOrHamlet_teocinte","En que comunidad o caserio se encuentra su finca?/Teocinte",NA,NA,NA,NA,0,0,1,0,NA,NA,NA,NA,NA,NA,NA,NA,NA,NA,NA,NA,NA,NA,NA,NA,NA,NA,1,1,NA,NA,NA,NA,NA,NA,NA,NA,NA,NA,NA,NA
"select_one","comunidad",NA,"communityOrHamlet_un_filo","En que comunidad o caserio se encuentra su finca?/El Filo del Monte Largo",NA,NA,NA,NA,0,0,1,0,NA,NA,NA,NA,NA,NA,NA,NA,NA,NA,NA,NA,NA,NA,NA,NA,NA,NA,0,1,NA,NA,NA,NA,NA,NA,NA,NA,NA,NA,NA,NA
"select_one","comunidad",NA,"communityOrHamlet_un_lagunetas","En que comunidad o caserio se encuentra su finca?/Lagunetas",NA,NA,NA,NA,0,0,1,0,NA,NA,NA,NA,NA,NA,NA,NA,NA,NA,NA,NA,NA,NA,NA,NA,NA,NA,0,1,NA,NA,NA,NA,NA,NA,NA,NA,NA,NA,NA,NA
"select_one","comunidad",NA,"communityOrHamlet_un_rcolorado","En que comunidad o caserio se encuentra su finca?/Rio Colorado",NA,NA,NA,NA,0,0,1,0,NA,NA,NA,NA,NA,NA,NA,NA,NA,NA,NA,NA,NA,NA,NA,NA,NA,NA,0,1,NA,NA,NA,NA,NA,NA,NA,NA,NA,NA,NA,NA
"select_one","comunidad",NA,"communityOrHamlet_un_srafael","En que comunidad o caserio se encuentra su finca?/San Rafael",NA,NA,NA,NA,0,0,1,0,NA,NA,NA,NA,NA,NA,NA,NA,NA,NA,NA,NA,NA,NA,NA,NA,NA,NA,0,1,NA,NA,NA,NA,NA,NA,NA,NA,NA,NA,NA,NA
"select_one","comunidad",NA,"communityOrHamlet_un_suyapa","En que comunidad o caserio se encuentra su finca?/Suyapa",NA,NA,NA,NA,0,0,1,0,NA,NA,NA,NA,NA,NA,NA,NA,NA,NA,NA,NA,NA,NA,NA,NA,NA,NA,0,1,NA,NA,NA,NA,NA,NA,NA,NA,NA,NA,NA,NA
"select_one","comunidad",NA,"communityOrHamlet_yo_buenavista","En que comunidad o caserio se encuentra su finca?/Buena Vista",NA,NA,NA,NA,0,0,1,0,NA,NA,NA,NA,NA,NA,NA,NA,NA,NA,NA,NA,NA,NA,NA,NA,NA,NA,1,1,NA,NA,NA,NA,NA,NA,NA,NA,NA,NA,NA,NA
"select_one","comunidad",NA,"communityOrHamlet_yo_yorito","En que comunidad o caserio se encuentra su finca?/Yorito",NA,NA,NA,NA,0,0,1,0,NA,NA,NA,NA,NA,NA,NA,NA,NA,NA,NA,NA,NA,NA,NA,NA,NA,NA,1,1,NA,NA,NA,NA,NA,NA,NA,NA,NA,NA,NA,NA
"select_one","comunidad",NA,"communityOrHamlet_zapotillo","En que comunidad o caserio se encuentra su finca?/El Zapotillo",NA,NA,NA,NA,0,0,1,0,NA,NA,NA,NA,NA,NA,NA,NA,NA,NA,NA,NA,NA,NA,NA,NA,NA,NA,1,1,NA,NA,NA,NA,NA,NA,NA,NA,NA,NA,NA,NA
"select_one","comunidad",NA,"communityOrHamlet_zorca","En que comunidad o caserio se encuentra su finca?/Zorca",NA,NA,NA,NA,0,0,1,0,NA,NA,NA,NA,NA,NA,NA,NA,NA,NA,NA,NA,NA,NA,NA,NA,NA,NA,1,1,NA,NA,NA,NA,NA,NA,NA,NA,NA,NA,NA,NA
"text",NA,"A8","completeName","Cual es su nombre completo?",TRUE,"selected(${isProducerReplacement}, 'N') or selected(${producerCheck}, 'N')",NA,NA,0,0,0,0,NA,NA,NA,NA,NA,NA,NA,NA,NA,NA,NA,NA,NA,NA,NA,NA,NA,NA,1,1,NA,NA,NA,NA,NA,NA,NA,NA,NA,NA,NA,NA
"text",NA,NA,"completeNameReplacement","Cual es el nombre completo del productor?",TRUE,"selected(${surveyID}, 'other')",NA,NA,0,0,0,0,NA,NA,NA,NA,NA,NA,NA,NA,NA,NA,NA,NA,NA,NA,NA,NA,NA,NA,0,1,NA,NA,NA,NA,NA,NA,NA,NA,NA,NA,NA,NA
"select_one","yes_no","E51","conductedPreHarvestSampling","Previo al inicio de la cosecha hizo un muestreo en campo de uva madura (granos rojos)?",TRUE,NA,NA,NA,0,0,1,0,NA,NA,NA,NA,NA,NA,NA,NA,NA,NA,NA,NA,NA,NA,NA,NA,NA,NA,1,0,NA,NA,NA,NA,NA,NA,NA,NA,NA,NA,NA,NA
"select_one","sn","lista","confirmPersonFromList","Confirme si esta hablando con la persona en la lista",TRUE,NA,NA,NA,0,0,1,0,NA,NA,NA,NA,NA,NA,NA,NA,NA,NA,NA,NA,NA,NA,NA,NA,NA,NA,1,0,NA,NA,NA,NA,NA,NA,NA,NA,NA,NA,NA,NA
"text",NA,NA,"constraint1","El area total mencionada anteriormente es ${totalFarmArea} (${totalAreaUnitLabel}) lo que equivale a ${E3XC} Hectareas. El area del terreno usado en agricultura y caficultura es ${totalAreaUsedForAgriculture} (${measurementUnitOfAreaLabel}) lo que equivale a ${E4C} Hectareas. El area del terreno usado no puede ser mayor al area total. Por favor corregir estos valores para poder avanzar.",TRUE,"${E4C}>${E3XC}",NA,NA,0,0,0,0,0,0,0,0,0,0,0,0,NA,NA,NA,NA,NA,NA,NA,NA,NA,NA,0,1,NA,"lands",NA,NA,NA,NA,NA,NA,NA,NA,NA,NA
"text",NA,NA,"constraint2","El area del terreno usado en agricultura y caficultura mencionada anteriormente es ${totalAreaUsedForAgriculture} (${measurementUnitOfAreaLabel}) lo que equivale a ${E4C} Hectareas. El area sembrada en cafe es ${coffeeAreaLastHarvest} (${productiveCoffeeAreaUnitLabel}) lo que equivale a ${E2XC} Hectareas. El area sembrada en cafe no puede ser mayor al area del terreno usada en agricultura y caficultura. Por favor corregir estos valores para poder avanzar.",TRUE,"${E2XC}>${E4C}",NA,NA,0,0,0,0,0,0,0,0,0,0,0,0,NA,NA,NA,NA,NA,NA,NA,NA,NA,NA,0,1,NA,"lands",NA,NA,NA,NA,NA,NA,NA,NA,NA,NA
"text",NA,NA,"constraint3","La cantidad cosechada reportada anteriormente era de ${amountOfCoffeeProducedLastHarvest} (${coffeeProductionMeasurementUnitLabel}) y equivale a ${E24CA} kilogramos oro. Sin embargo la suma de las cantidades vendidas a cada comprador y por cada tipo es ${E69CA} kilogramos oro. La cantidad vendida no puede ser mayor a la cantidad cosechada. Por favor corregir estos valores para poder seguir.",TRUE,"${E69CA}>${maxcos}",NA,NA,0,0,0,0,0,0,0,0,0,0,0,0,NA,NA,NA,NA,NA,NA,NA,NA,NA,NA,0,1,NA,NA,NA,NA,NA,NA,NA,NA,NA,NA,NA,NA
"text",NA,NA,"constraint5","La suma de arboles de cada variedad es igual a ${percentagesum} pero este numero debe ser igual a ${totalCoffeePlantsOnFarm}. Por favor corregir estos valores para poder seguir.",TRUE,"${percentagesum}!=${totalCoffeePlantsOnFarm}",NA,NA,0,0,0,0,0,0,0,0,0,0,0,0,NA,NA,NA,NA,NA,NA,NA,NA,NA,NA,0,1,NA,NA,NA,NA,NA,NA,NA,NA,NA,NA,NA,NA
"select_one","household_control","L12","controlOverCultivationLand","Que grado de control tiene sobre las tierras de cultivo del hogar?",TRUE,NA,NA,NA,0,0,0,1,NA,NA,NA,NA,NA,NA,NA,NA,NA,NA,NA,NA,NA,NA,NA,NA,NA,NA,1,0,NA,NA,NA,NA,NA,NA,NA,NA,NA,NA,NA,NA
"select_one","household_control",NA,"controlOverCultivationLand_1","Que grado de control tiene sobre las tierras de cultivo del hogar?/No tengo control",NA,NA,NA,NA,0,0,1,0,NA,NA,NA,NA,NA,NA,NA,NA,NA,NA,NA,NA,NA,NA,NA,NA,NA,NA,1,0,NA,NA,NA,NA,NA,NA,NA,NA,NA,NA,NA,NA
"select_one","household_control",NA,"controlOverCultivationLand_2","Que grado de control tiene sobre las tierras de cultivo del hogar?/Tengo cierto control, pero mi conyuge tiene la ultima palabra",NA,NA,NA,NA,0,0,1,0,NA,NA,NA,NA,NA,NA,NA,NA,NA,NA,NA,NA,NA,NA,NA,NA,NA,NA,1,0,NA,NA,NA,NA,NA,NA,NA,NA,NA,NA,NA,NA
"select_one","household_control",NA,"controlOverCultivationLand_3","Que grado de control tiene sobre las tierras de cultivo del hogar?/Hay igualdad de control (mi conyuge y yo decidimos juntos)",NA,NA,NA,NA,0,0,1,0,NA,NA,NA,NA,NA,NA,NA,NA,NA,NA,NA,NA,NA,NA,NA,NA,NA,NA,1,0,NA,NA,NA,NA,NA,NA,NA,NA,NA,NA,NA,NA
"select_one","household_control",NA,"controlOverCultivationLand_4","Que grado de control tiene sobre las tierras de cultivo del hogar?/Tengo la ultima palabra, pero mi conyuge tiene cierto control",NA,NA,NA,NA,0,0,1,0,NA,NA,NA,NA,NA,NA,NA,NA,NA,NA,NA,NA,NA,NA,NA,NA,NA,NA,1,0,NA,NA,NA,NA,NA,NA,NA,NA,NA,NA,NA,NA
"select_one","household_control",NA,"controlOverCultivationLand_5","Que grado de control tiene sobre las tierras de cultivo del hogar?/Tengo todo el control",NA,NA,NA,NA,0,0,1,0,NA,NA,NA,NA,NA,NA,NA,NA,NA,NA,NA,NA,NA,NA,NA,NA,NA,NA,1,0,NA,NA,NA,NA,NA,NA,NA,NA,NA,NA,NA,NA
"select_one","household_control","L14","controlOverHouseholdGoods","Cuanto control tiene sobre los bienes del hogar?",TRUE,NA,NA,NA,0,0,0,1,NA,NA,NA,NA,NA,NA,NA,NA,NA,NA,NA,NA,NA,NA,NA,NA,NA,NA,1,0,NA,NA,NA,NA,NA,NA,NA,NA,NA,NA,NA,NA
"select_one","household_control",NA,"controlOverHouseholdGoods_1","Cuanto control tiene sobre los bienes del hogar?/No tengo control",NA,NA,NA,NA,0,0,1,0,NA,NA,NA,NA,NA,NA,NA,NA,NA,NA,NA,NA,NA,NA,NA,NA,NA,NA,1,0,NA,NA,NA,NA,NA,NA,NA,NA,NA,NA,NA,NA
"select_one","household_control",NA,"controlOverHouseholdGoods_2","Cuanto control tiene sobre los bienes del hogar?/Tengo cierto control, pero mi conyuge tiene la ultima palabra",NA,NA,NA,NA,0,0,1,0,NA,NA,NA,NA,NA,NA,NA,NA,NA,NA,NA,NA,NA,NA,NA,NA,NA,NA,1,0,NA,NA,NA,NA,NA,NA,NA,NA,NA,NA,NA,NA
"select_one","household_control",NA,"controlOverHouseholdGoods_3","Cuanto control tiene sobre los bienes del hogar?/Hay igualdad de control (mi conyuge y yo decidimos juntos)",NA,NA,NA,NA,0,0,1,0,NA,NA,NA,NA,NA,NA,NA,NA,NA,NA,NA,NA,NA,NA,NA,NA,NA,NA,1,0,NA,NA,NA,NA,NA,NA,NA,NA,NA,NA,NA,NA
"select_one","household_control",NA,"controlOverHouseholdGoods_4","Cuanto control tiene sobre los bienes del hogar?/Tengo la ultima palabra, pero mi conyuge tiene cierto control",NA,NA,NA,NA,0,0,1,0,NA,NA,NA,NA,NA,NA,NA,NA,NA,NA,NA,NA,NA,NA,NA,NA,NA,NA,1,0,NA,NA,NA,NA,NA,NA,NA,NA,NA,NA,NA,NA
"select_one","household_control",NA,"controlOverHouseholdGoods_5","Cuanto control tiene sobre los bienes del hogar?/Tengo todo el control",NA,NA,NA,NA,0,0,1,0,NA,NA,NA,NA,NA,NA,NA,NA,NA,NA,NA,NA,NA,NA,NA,NA,NA,NA,1,0,NA,NA,NA,NA,NA,NA,NA,NA,NA,NA,NA,NA
"select_one","household_control","L13","controlOverLandAssets","Cuanto control tiene sobre las tierras del hogar?",TRUE,NA,NA,NA,0,0,0,1,NA,NA,NA,NA,NA,NA,NA,NA,NA,NA,NA,NA,NA,NA,NA,NA,NA,NA,1,0,NA,NA,NA,NA,NA,NA,NA,NA,NA,NA,NA,NA
"select_one","household_control",NA,"controlOverLandAssets_1","Cuanto control tiene sobre las tierras del hogar?/No tengo control",NA,NA,NA,NA,0,0,1,0,NA,NA,NA,NA,NA,NA,NA,NA,NA,NA,NA,NA,NA,NA,NA,NA,NA,NA,1,0,NA,NA,NA,NA,NA,NA,NA,NA,NA,NA,NA,NA
"select_one","household_control",NA,"controlOverLandAssets_2","Cuanto control tiene sobre las tierras del hogar?/Tengo cierto control, pero mi conyuge tiene la ultima palabra",NA,NA,NA,NA,0,0,1,0,NA,NA,NA,NA,NA,NA,NA,NA,NA,NA,NA,NA,NA,NA,NA,NA,NA,NA,1,0,NA,NA,NA,NA,NA,NA,NA,NA,NA,NA,NA,NA
"select_one","household_control",NA,"controlOverLandAssets_3","Cuanto control tiene sobre las tierras del hogar?/Hay igualdad de control (mi conyuge y yo decidimos juntos)",NA,NA,NA,NA,0,0,1,0,NA,NA,NA,NA,NA,NA,NA,NA,NA,NA,NA,NA,NA,NA,NA,NA,NA,NA,1,0,NA,NA,NA,NA,NA,NA,NA,NA,NA,NA,NA,NA
"select_one","household_control",NA,"controlOverLandAssets_4","Cuanto control tiene sobre las tierras del hogar?/Tengo la ultima palabra, pero mi conyuge tiene cierto control",NA,NA,NA,NA,0,0,1,0,NA,NA,NA,NA,NA,NA,NA,NA,NA,NA,NA,NA,NA,NA,NA,NA,NA,NA,1,0,NA,NA,NA,NA,NA,NA,NA,NA,NA,NA,NA,NA
"select_one","household_control",NA,"controlOverLandAssets_5","Cuanto control tiene sobre las tierras del hogar?/Tengo todo el control",NA,NA,NA,NA,0,0,1,0,NA,NA,NA,NA,NA,NA,NA,NA,NA,NA,NA,NA,NA,NA,NA,NA,NA,NA,1,0,NA,NA,NA,NA,NA,NA,NA,NA,NA,NA,NA,NA
"select_one","snn","F13","costOfInformation","Cuando recibio asistencia tecnica o capacitaciones individuales esta informacion tuvo algun costo monetario para usted? Por práctica",TRUE,"selected(${adoptedRecommendedTechnologies}, 'Y') and not(selected(${farmAspectsImproved}, 'none'))",NA,NA,0,0,1,0,0,0,0,0,0,1,0,0,NA,NA,NA,NA,NA,NA,NA,NA,NA,NA,1,1,"tech_repeat",NA,3,NA,NA,NA,NA,NA,NA,NA,NA,NA
"select_one","snn",NA,"costOfInformation_tec","Cuando recibio asistencia tecnica o capacitaciones individuales esta informacion tuvo algun costo monetario para usted?",NA,NA,NA,NA,1,0,0,0,NA,NA,NA,NA,NA,NA,NA,NA,NA,NA,NA,NA,NA,NA,NA,NA,NA,NA,1,0,NA,NA,3,NA,NA,NA,NA,NA,NA,NA,NA,NA
"select_multiple","credit_sources",NA,"creditSources","Senale todas las fuentes (formales e informales) con las que los miembros de este hogar adquirieron deudas durante la cosecha 2023/2024 (no necesariamente para el cultivo del cafe).",TRUE,NA,"not(selected(${creditSources}, '1') and count-selected(${creditSources})>1)",NA,0,0,0,2,NA,NA,NA,NA,NA,NA,NA,NA,NA,NA,NA,NA,NA,NA,NA,NA,NA,NA,0,1,NA,NA,NA,NA,NA,NA,NA,NA,NA,NA,NA,NA
"dummies","credit_sources",NA,"creditSources/1","Senale todas las fuentes (formales e informales) con las que los miembros de este hogar adquirieron deudas durante el ciclo 2023/2024 (no necesariamente para el cultivo del cafe)/Ninguna",NA,NA,NA,NA,0,0,1,0,NA,NA,NA,NA,NA,NA,NA,NA,NA,NA,NA,NA,NA,NA,NA,NA,NA,NA,0,1,NA,NA,NA,NA,NA,NA,NA,NA,NA,NA,NA,NA
"dummies","credit_sources",NA,"creditSources/10","Senale todas las fuentes (formales e informales) con las que los miembros de este hogar adquirieron deudas durante el ciclo 2023/2024 (no necesariamente para el cultivo del cafe)/Prestamistas",NA,NA,NA,NA,0,0,1,0,NA,NA,NA,NA,NA,NA,NA,NA,NA,NA,NA,NA,NA,NA,NA,NA,NA,NA,0,1,NA,NA,NA,NA,NA,NA,NA,NA,NA,NA,NA,NA
"dummies","credit_sources",NA,"creditSources/11","Senale todas las fuentes (formales e informales) con las que los miembros de este hogar adquirieron deudas durante el ciclo 2023/2024 (no necesariamente para el cultivo del cafe)/Otro",NA,NA,NA,NA,0,0,1,0,NA,NA,NA,NA,NA,NA,NA,NA,NA,NA,NA,NA,NA,NA,NA,NA,NA,NA,0,1,NA,NA,NA,NA,NA,NA,NA,NA,NA,NA,NA,NA
"dummies","credit_sources",NA,"creditSources/2","Senale todas las fuentes (formales e informales) con las que los miembros de este hogar adquirieron deudas durante el ciclo 2023/2024 (no necesariamente para el cultivo del cafe)/Bancos",NA,NA,NA,NA,0,0,1,0,NA,NA,NA,NA,NA,NA,NA,NA,NA,NA,NA,NA,NA,NA,NA,NA,NA,NA,0,1,NA,NA,NA,NA,NA,NA,NA,NA,NA,NA,NA,NA
"dummies","credit_sources",NA,"creditSources/3","Senale todas las fuentes (formales e informales) con las que los miembros de este hogar adquirieron deudas durante el ciclo 2023/2024 (no necesariamente para el cultivo del cafe)/Cooperativas de ahorro y credito",NA,NA,NA,NA,0,0,1,0,NA,NA,NA,NA,NA,NA,NA,NA,NA,NA,NA,NA,NA,NA,NA,NA,NA,NA,0,1,NA,NA,NA,NA,NA,NA,NA,NA,NA,NA,NA,NA
"dummies","credit_sources",NA,"creditSources/4","Senale todas las fuentes (formales e informales) con las que los miembros de este hogar adquirieron deudas durante el ciclo 2023/2024 (no necesariamente para el cultivo del cafe)/Microfinancieras",NA,NA,NA,NA,0,0,1,0,NA,NA,NA,NA,NA,NA,NA,NA,NA,NA,NA,NA,NA,NA,NA,NA,NA,NA,0,1,NA,NA,NA,NA,NA,NA,NA,NA,NA,NA,NA,NA
"dummies","credit_sources",NA,"creditSources/5","Senale todas las fuentes (formales e informales) con las que los miembros de este hogar adquirieron deudas durante el ciclo 2023/2024 (no necesariamente para el cultivo del cafe)/Cajas rurales",NA,NA,NA,NA,0,0,1,0,NA,NA,NA,NA,NA,NA,NA,NA,NA,NA,NA,NA,NA,NA,NA,NA,NA,NA,0,1,NA,NA,NA,NA,NA,NA,NA,NA,NA,NA,NA,NA
"dummies","credit_sources",NA,"creditSources/6","Senale todas las fuentes (formales e informales) con las que los miembros de este hogar adquirieron deudas durante el ciclo 2023/2024 (no necesariamente para el cultivo del cafe)/Gremios o asociaciones",NA,NA,NA,NA,0,0,1,0,NA,NA,NA,NA,NA,NA,NA,NA,NA,NA,NA,NA,NA,NA,NA,NA,NA,NA,0,1,NA,NA,NA,NA,NA,NA,NA,NA,NA,NA,NA,NA
"dummies","credit_sources",NA,"creditSources/7","Senale todas las fuentes (formales e informales) con las que los miembros de este hogar adquirieron deudas durante el ciclo 2023/2024 (no necesariamente para el cultivo del cafe)/Comercializadores (intermediarios)",NA,NA,NA,NA,0,0,1,0,NA,NA,NA,NA,NA,NA,NA,NA,NA,NA,NA,NA,NA,NA,NA,NA,NA,NA,0,1,NA,NA,NA,NA,NA,NA,NA,NA,NA,NA,NA,NA
"dummies","credit_sources",NA,"creditSources/8","Senale todas las fuentes (formales e informales) con las que los miembros de este hogar adquirieron deudas durante el ciclo 2023/2024 (no necesariamente para el cultivo del cafe)/Casas comerciales",NA,NA,NA,NA,0,0,1,0,NA,NA,NA,NA,NA,NA,NA,NA,NA,NA,NA,NA,NA,NA,NA,NA,NA,NA,0,1,NA,NA,NA,NA,NA,NA,NA,NA,NA,NA,NA,NA
"dummies","credit_sources",NA,"creditSources/9","Senale todas las fuentes (formales e informales) con las que los miembros de este hogar adquirieron deudas durante el ciclo 2023/2024 (no necesariamente para el cultivo del cafe)/Familiares o amigos",NA,NA,NA,NA,0,0,1,0,NA,NA,NA,NA,NA,NA,NA,NA,NA,NA,NA,NA,NA,NA,NA,NA,NA,NA,0,1,NA,NA,NA,NA,NA,NA,NA,NA,NA,NA,NA,NA
"text",NA,NA,"creditSourcesOther","Cual es la otra fuente?",TRUE,"selected(${creditSources}, '11')",NA,NA,0,0,0,0,NA,NA,NA,NA,NA,NA,NA,NA,NA,NA,NA,NA,NA,NA,NA,NA,NA,NA,0,1,NA,NA,NA,NA,NA,NA,NA,NA,NA,NA,NA,NA
"select_multiple","credit_sources",NA,"creditsQualityFlexibility","Cuales de las siguientes instituciones considera que podrian aceptar cambios en los pagos o requisitos de las deudas?",TRUE,NA,"not(selected(${creditsQualityFlexibility}, '1') and count-selected(${creditsQualityFlexibility})>1)",NA,0,0,0,2,NA,NA,NA,NA,NA,NA,NA,NA,NA,NA,NA,NA,NA,NA,NA,NA,NA,NA,0,1,NA,NA,NA,NA,NA,NA,NA,NA,NA,NA,NA,NA
"dummies","credit_sources",NA,"creditsQualityFlexibility/1","Cuales de las siguientes instituciones considera que podrian aceptar cambios en los pagos o requisitos de las deudas?/Ninguna",NA,NA,NA,NA,0,0,1,0,NA,NA,NA,NA,NA,NA,NA,NA,NA,NA,NA,NA,NA,NA,NA,NA,NA,NA,0,1,NA,NA,NA,NA,NA,NA,NA,NA,NA,NA,NA,NA
"dummies","credit_sources",NA,"creditsQualityFlexibility/10","Cuales de las siguientes instituciones considera que podrian aceptar cambios en los pagos o requisitos de las deudas?/Prestamistas",NA,NA,NA,NA,0,0,1,0,NA,NA,NA,NA,NA,NA,NA,NA,NA,NA,NA,NA,NA,NA,NA,NA,NA,NA,0,1,NA,NA,NA,NA,NA,NA,NA,NA,NA,NA,NA,NA
"dummies","credit_sources",NA,"creditsQualityFlexibility/11","Cuales de las siguientes instituciones considera que podrian aceptar cambios en los pagos o requisitos de las deudas?/Otro",NA,NA,NA,NA,0,0,1,0,NA,NA,NA,NA,NA,NA,NA,NA,NA,NA,NA,NA,NA,NA,NA,NA,NA,NA,0,1,NA,NA,NA,NA,NA,NA,NA,NA,NA,NA,NA,NA
"dummies","credit_sources",NA,"creditsQualityFlexibility/2","Cuales de las siguientes instituciones considera que podrian aceptar cambios en los pagos o requisitos de las deudas?/Bancos",NA,NA,NA,NA,0,0,1,0,NA,NA,NA,NA,NA,NA,NA,NA,NA,NA,NA,NA,NA,NA,NA,NA,NA,NA,0,1,NA,NA,NA,NA,NA,NA,NA,NA,NA,NA,NA,NA
"dummies","credit_sources",NA,"creditsQualityFlexibility/3","Cuales de las siguientes instituciones considera que podrian aceptar cambios en los pagos o requisitos de las deudas?/Cooperativas de ahorro y credito",NA,NA,NA,NA,0,0,1,0,NA,NA,NA,NA,NA,NA,NA,NA,NA,NA,NA,NA,NA,NA,NA,NA,NA,NA,0,1,NA,NA,NA,NA,NA,NA,NA,NA,NA,NA,NA,NA
"dummies","credit_sources",NA,"creditsQualityFlexibility/4","Cuales de las siguientes instituciones considera que podrian aceptar cambios en los pagos o requisitos de las deudas?/Microfinancieras",NA,NA,NA,NA,0,0,1,0,NA,NA,NA,NA,NA,NA,NA,NA,NA,NA,NA,NA,NA,NA,NA,NA,NA,NA,0,1,NA,NA,NA,NA,NA,NA,NA,NA,NA,NA,NA,NA
"dummies","credit_sources",NA,"creditsQualityFlexibility/5","Cuales de las siguientes instituciones considera que podrian aceptar cambios en los pagos o requisitos de las deudas?/Cajas rurales",NA,NA,NA,NA,0,0,1,0,NA,NA,NA,NA,NA,NA,NA,NA,NA,NA,NA,NA,NA,NA,NA,NA,NA,NA,0,1,NA,NA,NA,NA,NA,NA,NA,NA,NA,NA,NA,NA
"dummies","credit_sources",NA,"creditsQualityFlexibility/6","Cuales de las siguientes instituciones considera que podrian aceptar cambios en los pagos o requisitos de las deudas?/Gremios o asociaciones",NA,NA,NA,NA,0,0,1,0,NA,NA,NA,NA,NA,NA,NA,NA,NA,NA,NA,NA,NA,NA,NA,NA,NA,NA,0,1,NA,NA,NA,NA,NA,NA,NA,NA,NA,NA,NA,NA
"dummies","credit_sources",NA,"creditsQualityFlexibility/7","Cuales de las siguientes instituciones considera que podrian aceptar cambios en los pagos o requisitos de las deudas?/Comercializadores (intermediarios)",NA,NA,NA,NA,0,0,1,0,NA,NA,NA,NA,NA,NA,NA,NA,NA,NA,NA,NA,NA,NA,NA,NA,NA,NA,0,1,NA,NA,NA,NA,NA,NA,NA,NA,NA,NA,NA,NA
"dummies","credit_sources",NA,"creditsQualityFlexibility/8","Cuales de las siguientes instituciones considera que podrian aceptar cambios en los pagos o requisitos de las deudas?/Casas comerciales",NA,NA,NA,NA,0,0,1,0,NA,NA,NA,NA,NA,NA,NA,NA,NA,NA,NA,NA,NA,NA,NA,NA,NA,NA,0,1,NA,NA,NA,NA,NA,NA,NA,NA,NA,NA,NA,NA
"dummies","credit_sources",NA,"creditsQualityFlexibility/9","Cuales de las siguientes instituciones considera que podrian aceptar cambios en los pagos o requisitos de las deudas?/Familiares o amigos",NA,NA,NA,NA,0,0,1,0,NA,NA,NA,NA,NA,NA,NA,NA,NA,NA,NA,NA,NA,NA,NA,NA,NA,NA,0,1,NA,NA,NA,NA,NA,NA,NA,NA,NA,NA,NA,NA
"select_multiple","credit_sources",NA,"creditsQualityNew","Con cuales de las siguientes instituciones considera que podrian obtener un nuevo credito o prestamo para hacer frente al evento?",TRUE,NA,"not(selected(${creditsQualityNew}, '1') and count-selected(${creditsQualityNew})>1)",NA,0,0,0,2,NA,NA,NA,NA,NA,NA,NA,NA,NA,NA,NA,NA,NA,NA,NA,NA,NA,NA,0,1,NA,NA,NA,NA,NA,NA,NA,NA,NA,NA,NA,NA
"dummies","credit_sources",NA,"creditsQualityNew/1","Con cuales de las siguientes instituciones considera que podrian obtener un nuevo credito o prestamo para hacer frente al evento?/Ninguna",NA,NA,NA,NA,0,0,1,0,NA,NA,NA,NA,NA,NA,NA,NA,NA,NA,NA,NA,NA,NA,NA,NA,NA,NA,0,1,NA,NA,NA,NA,NA,NA,NA,NA,NA,NA,NA,NA
"dummies","credit_sources",NA,"creditsQualityNew/10","Con cuales de las siguientes instituciones considera que podrian obtener un nuevo credito o prestamo para hacer frente al evento?/Prestamistas",NA,NA,NA,NA,0,0,1,0,NA,NA,NA,NA,NA,NA,NA,NA,NA,NA,NA,NA,NA,NA,NA,NA,NA,NA,0,1,NA,NA,NA,NA,NA,NA,NA,NA,NA,NA,NA,NA
"dummies","credit_sources",NA,"creditsQualityNew/11","Con cuales de las siguientes instituciones considera que podrian obtener un nuevo credito o prestamo para hacer frente al evento?/Otro",NA,NA,NA,NA,0,0,1,0,NA,NA,NA,NA,NA,NA,NA,NA,NA,NA,NA,NA,NA,NA,NA,NA,NA,NA,0,1,NA,NA,NA,NA,NA,NA,NA,NA,NA,NA,NA,NA
"dummies","credit_sources",NA,"creditsQualityNew/2","Con cuales de las siguientes instituciones considera que podrian obtener un nuevo credito o prestamo para hacer frente al evento?/Bancos",NA,NA,NA,NA,0,0,1,0,NA,NA,NA,NA,NA,NA,NA,NA,NA,NA,NA,NA,NA,NA,NA,NA,NA,NA,0,1,NA,NA,NA,NA,NA,NA,NA,NA,NA,NA,NA,NA
"dummies","credit_sources",NA,"creditsQualityNew/3","Con cuales de las siguientes instituciones considera que podrian obtener un nuevo credito o prestamo para hacer frente al evento?/Cooperativas de ahorro y credito",NA,NA,NA,NA,0,0,1,0,NA,NA,NA,NA,NA,NA,NA,NA,NA,NA,NA,NA,NA,NA,NA,NA,NA,NA,0,1,NA,NA,NA,NA,NA,NA,NA,NA,NA,NA,NA,NA
"dummies","credit_sources",NA,"creditsQualityNew/4","Con cuales de las siguientes instituciones considera que podrian obtener un nuevo credito o prestamo para hacer frente al evento?/Microfinancieras",NA,NA,NA,NA,0,0,1,0,NA,NA,NA,NA,NA,NA,NA,NA,NA,NA,NA,NA,NA,NA,NA,NA,NA,NA,0,1,NA,NA,NA,NA,NA,NA,NA,NA,NA,NA,NA,NA
"dummies","credit_sources",NA,"creditsQualityNew/5","Con cuales de las siguientes instituciones considera que podrian obtener un nuevo credito o prestamo para hacer frente al evento?/Cajas rurales",NA,NA,NA,NA,0,0,1,0,NA,NA,NA,NA,NA,NA,NA,NA,NA,NA,NA,NA,NA,NA,NA,NA,NA,NA,0,1,NA,NA,NA,NA,NA,NA,NA,NA,NA,NA,NA,NA
"dummies","credit_sources",NA,"creditsQualityNew/6","Con cuales de las siguientes instituciones considera que podrian obtener un nuevo credito o prestamo para hacer frente al evento?/Gremios o asociaciones",NA,NA,NA,NA,0,0,1,0,NA,NA,NA,NA,NA,NA,NA,NA,NA,NA,NA,NA,NA,NA,NA,NA,NA,NA,0,1,NA,NA,NA,NA,NA,NA,NA,NA,NA,NA,NA,NA
"dummies","credit_sources",NA,"creditsQualityNew/7","Con cuales de las siguientes instituciones considera que podrian obtener un nuevo credito o prestamo para hacer frente al evento?/Comercializadores (intermediarios)",NA,NA,NA,NA,0,0,1,0,NA,NA,NA,NA,NA,NA,NA,NA,NA,NA,NA,NA,NA,NA,NA,NA,NA,NA,0,1,NA,NA,NA,NA,NA,NA,NA,NA,NA,NA,NA,NA
"dummies","credit_sources",NA,"creditsQualityNew/8","Con cuales de las siguientes instituciones considera que podrian obtener un nuevo credito o prestamo para hacer frente al evento?/Casas comerciales",NA,NA,NA,NA,0,0,1,0,NA,NA,NA,NA,NA,NA,NA,NA,NA,NA,NA,NA,NA,NA,NA,NA,NA,NA,0,1,NA,NA,NA,NA,NA,NA,NA,NA,NA,NA,NA,NA
"dummies","credit_sources",NA,"creditsQualityNew/9","Con cuales de las siguientes instituciones considera que podrian obtener un nuevo credito o prestamo para hacer frente al evento?/Familiares o amigos",NA,NA,NA,NA,0,0,1,0,NA,NA,NA,NA,NA,NA,NA,NA,NA,NA,NA,NA,NA,NA,NA,NA,NA,NA,0,1,NA,NA,NA,NA,NA,NA,NA,NA,NA,NA,NA,NA
"select_multiple","reason_prune","E48","criteriaForCoffeeRenewal","Si hizo renovacion de cafe que criterio tuvo para decidir realizar la practica de renovacion en la cosecha del 2023/2024 ?",TRUE,NA,"not(selected(${criteriaForCoffeeRenewal}, 'none') and count-selected(${criteriaForCoffeeRenewal})>1)",NA,0,0,0,2,NA,NA,NA,NA,NA,NA,NA,NA,NA,NA,NA,NA,NA,NA,NA,NA,NA,NA,1,1,NA,NA,NA,NA,NA,NA,NA,NA,NA,NA,NA,NA
"dummies","reason_prune",NA,"criteriaForCoffeeRenewal/dead","Si hizo renovacion de cafe que criterio tuvo para decidir realizar la practica de renovacion en la cosecha del 2023/2024 ?/Plantas muertas",NA,NA,NA,NA,0,0,1,0,NA,NA,NA,NA,NA,NA,NA,NA,NA,NA,NA,NA,NA,NA,NA,NA,NA,NA,1,1,NA,NA,NA,NA,NA,NA,NA,NA,NA,NA,NA,NA
"dummies","reason_prune",NA,"criteriaForCoffeeRenewal/low_yield","Si hizo renovacion de cafe que criterio tuvo para decidir realizar la practica de renovacion en la cosecha del 2023/2024 ?/Bajo rendimiento",NA,NA,NA,NA,0,0,1,0,NA,NA,NA,NA,NA,NA,NA,NA,NA,NA,NA,NA,NA,NA,NA,NA,NA,NA,1,1,NA,NA,NA,NA,NA,NA,NA,NA,NA,NA,NA,NA
"dummies","reason_prune",NA,"criteriaForCoffeeRenewal/none","Si hizo renovacion de cafe que criterio tuvo para decidir realizar la practica de renovacion en la cosecha del 2023/2024 ?/No hice renovacion",NA,NA,NA,NA,0,0,1,0,NA,NA,NA,NA,NA,NA,NA,NA,NA,NA,NA,NA,NA,NA,NA,NA,NA,NA,1,1,NA,NA,NA,NA,NA,NA,NA,NA,NA,NA,NA,NA
"dummies","reason_prune",NA,"criteriaForCoffeeRenewal/productivity","Si hizo renovacion de cafe que criterio tuvo para decidir realizar la practica de renovacion en la cosecha del 2023/2024 ?/Mantener la productividad de mi finca (numero de arboles productivos)",NA,NA,NA,NA,0,0,1,0,NA,NA,NA,NA,NA,NA,NA,NA,NA,NA,NA,NA,NA,NA,NA,NA,NA,NA,1,1,NA,NA,NA,NA,NA,NA,NA,NA,NA,NA,NA,NA
"dummies","reason_prune",NA,"criteriaForCoffeeRenewal/sanitary","Si hizo renovacion de cafe que criterio tuvo para decidir realizar la practica de renovacion en la cosecha del 2023/2024 ?/Salud de la planta muy mala",NA,NA,NA,NA,0,0,1,0,NA,NA,NA,NA,NA,NA,NA,NA,NA,NA,NA,NA,NA,NA,NA,NA,NA,NA,1,1,NA,NA,NA,NA,NA,NA,NA,NA,NA,NA,NA,NA
"select_multiple","who_decide","E20","cropTypeDecisionMaker","Quien decidio que cultivos se sembrarian?",TRUE,NA,NA,NA,0,0,0,2,NA,NA,NA,NA,NA,NA,NA,NA,NA,NA,NA,NA,NA,NA,NA,NA,NA,NA,1,0,NA,NA,NA,NA,NA,NA,NA,NA,NA,NA,NA,NA
"select_multiple","who_decide",NA,"cropTypeDecisionMaker/Female_adult","Quien decidio que cultivos se sembrarian?/Mujer adulta",NA,NA,NA,NA,0,0,1,0,NA,NA,NA,NA,NA,NA,NA,NA,NA,NA,NA,NA,NA,NA,NA,NA,NA,NA,1,0,NA,NA,NA,NA,NA,NA,NA,NA,NA,NA,NA,NA
"select_multiple","who_decide",NA,"cropTypeDecisionMaker/Female_Youth","Quien decidio que cultivos se sembrarian?/Joven mujer (15-30 anos)",NA,NA,NA,NA,0,0,1,0,NA,NA,NA,NA,NA,NA,NA,NA,NA,NA,NA,NA,NA,NA,NA,NA,NA,NA,1,0,NA,NA,NA,NA,NA,NA,NA,NA,NA,NA,NA,NA
"select_multiple","who_decide",NA,"cropTypeDecisionMaker/Male_adult","Quien decidio que cultivos se sembrarian?/Hombre adulto",NA,NA,NA,NA,0,0,1,0,NA,NA,NA,NA,NA,NA,NA,NA,NA,NA,NA,NA,NA,NA,NA,NA,NA,NA,1,0,NA,NA,NA,NA,NA,NA,NA,NA,NA,NA,NA,NA
"select_multiple","who_decide",NA,"cropTypeDecisionMaker/Male_Youth","Quien decidio que cultivos se sembrarian?/Joven varon (15-30 anos)",NA,NA,NA,NA,0,0,1,0,NA,NA,NA,NA,NA,NA,NA,NA,NA,NA,NA,NA,NA,NA,NA,NA,NA,NA,1,0,NA,NA,NA,NA,NA,NA,NA,NA,NA,NA,NA,NA
"select_multiple","who_decide",NA,"cropTypeDecisionMaker/no_answer","Quien decidio que cultivos se sembrarian?/Sin respuesta",NA,NA,NA,NA,0,0,1,0,NA,NA,NA,NA,NA,NA,NA,NA,NA,NA,NA,NA,NA,NA,NA,NA,NA,NA,1,0,NA,NA,NA,NA,NA,NA,NA,NA,NA,NA,NA,NA
"select_multiple","who_decide",NA,"cropTypeDecisionMaker/outside_organisation","Quien decidio que cultivos se sembrarian?/Recomendaciones (Consejo) de un proyecto, ONG o gobierno",NA,NA,NA,NA,0,0,1,0,NA,NA,NA,NA,NA,NA,NA,NA,NA,NA,NA,NA,NA,NA,NA,NA,NA,NA,0,0,NA,NA,NA,NA,NA,NA,NA,NA,NA,NA,NA,NA
"select_multiple",NA,NA,"CURRENT_USE_TECH",NA,NA,NA,NA,NA,0,0,0,2,NA,NA,NA,NA,NA,NA,NA,NA,NA,NA,NA,NA,NA,NA,NA,NA,NA,NA,1,0,NA,NA,NA,NA,NA,NA,NA,NA,NA,NA,NA,NA
"dummies",NA,NA,"CURRENT_USE_TECH/conservation","Conservación del suelo y gestión de las malas hierbas",NA,NA,NA,NA,0,0,1,0,NA,NA,NA,NA,NA,NA,NA,NA,NA,NA,NA,NA,NA,NA,NA,NA,NA,NA,1,0,NA,NA,NA,NA,NA,NA,NA,NA,NA,NA,NA,NA
"dummies",NA,NA,"CURRENT_USE_TECH/establishment","Establecimiento de plantaciones",NA,NA,NA,NA,0,0,1,0,NA,NA,NA,NA,NA,NA,NA,NA,NA,NA,NA,NA,NA,NA,NA,NA,NA,NA,1,0,NA,NA,NA,NA,NA,NA,NA,NA,NA,NA,NA,NA
"dummies",NA,NA,"CURRENT_USE_TECH/fertility","Fertilidad del suelo y nutrición de las plantas",NA,NA,NA,NA,0,0,1,0,NA,NA,NA,NA,NA,NA,NA,NA,NA,NA,NA,NA,NA,NA,NA,NA,NA,NA,1,0,NA,NA,NA,NA,NA,NA,NA,NA,NA,NA,NA,NA
"dummies",NA,NA,"CURRENT_USE_TECH/ipm","Semilleros y viveros",NA,NA,NA,NA,0,0,1,0,NA,NA,NA,NA,NA,NA,NA,NA,NA,NA,NA,NA,NA,NA,NA,NA,NA,NA,1,0,NA,NA,NA,NA,NA,NA,NA,NA,NA,NA,NA,NA
"dummies",NA,NA,"CURRENT_USE_TECH/none","Ninguno",NA,NA,NA,NA,0,0,1,0,NA,NA,NA,NA,NA,NA,NA,NA,NA,NA,NA,NA,NA,NA,NA,NA,NA,NA,1,0,NA,NA,NA,NA,NA,NA,NA,NA,NA,NA,NA,NA
"dummies",NA,NA,"CURRENT_USE_TECH/nursery","Gestión integrada de plagas y enfermedades",NA,NA,NA,NA,0,0,1,0,NA,NA,NA,NA,NA,NA,NA,NA,NA,NA,NA,NA,NA,NA,NA,NA,NA,NA,1,0,NA,NA,NA,NA,NA,NA,NA,NA,NA,NA,NA,NA
"dummies",NA,NA,"CURRENT_USE_TECH/quality","Control de calidad y recolección selectiva",NA,NA,NA,NA,0,0,1,0,NA,NA,NA,NA,NA,NA,NA,NA,NA,NA,NA,NA,NA,NA,NA,NA,NA,NA,1,0,NA,NA,NA,NA,NA,NA,NA,NA,NA,NA,NA,NA
"dummies",NA,NA,"CURRENT_USE_TECH/records","Mantenimiento de registros y planes de inversión",NA,NA,NA,NA,0,0,1,0,NA,NA,NA,NA,NA,NA,NA,NA,NA,NA,NA,NA,NA,NA,NA,NA,NA,NA,1,0,NA,NA,NA,NA,NA,NA,NA,NA,NA,NA,NA,NA
"dummies",NA,NA,"CURRENT_USE_TECH/rnr","Rehabilitación y renovación",NA,NA,NA,NA,0,0,1,0,NA,NA,NA,NA,NA,NA,NA,NA,NA,NA,NA,NA,NA,NA,NA,NA,NA,NA,1,0,NA,NA,NA,NA,NA,NA,NA,NA,NA,NA,NA,NA
"dummies",NA,NA,"CURRENT_USE_TECH/shade","Gestión de la sombra de los árboles",NA,NA,NA,NA,0,0,1,0,NA,NA,NA,NA,NA,NA,NA,NA,NA,NA,NA,NA,NA,NA,NA,NA,NA,NA,1,0,NA,NA,NA,NA,NA,NA,NA,NA,NA,NA,NA,NA
"dummies",NA,NA,"CURRENT_USE_TECH/tissue","Gestión de tejidos",NA,NA,NA,NA,0,0,1,0,NA,NA,NA,NA,NA,NA,NA,NA,NA,NA,NA,NA,NA,NA,NA,NA,NA,NA,1,0,NA,NA,NA,NA,NA,NA,NA,NA,NA,NA,NA,NA
"image",NA,NA,"dataUseConsentSignature","Si esta de acuerdo por favor haga una marca o firma aqui",TRUE,"${agreesToDataUse} = 'Y'",NA,NA,0,0,0,0,NA,NA,NA,NA,NA,NA,NA,NA,NA,NA,NA,NA,NA,NA,NA,NA,NA,NA,0,1,NA,NA,NA,NA,NA,NA,NA,NA,NA,NA,NA,NA
"select_multiple","who_family","E85","decisionMakerForCoffeeIncome","Generalmente quien decide como se utiliza el ingreso por la venta de cafe?",TRUE,NA,NA,NA,0,0,0,2,NA,NA,NA,NA,NA,NA,NA,NA,NA,NA,NA,NA,NA,NA,NA,NA,NA,NA,1,0,NA,NA,NA,NA,NA,NA,NA,NA,NA,NA,NA,NA
"select_multiple","who_family",NA,"decisionMakerForCoffeeIncome/Female_adult","Generalmente quien decide como se utiliza el ingreso por la venta de cafe?/Mujer adulta",NA,NA,NA,NA,0,0,1,0,NA,NA,NA,NA,NA,NA,NA,NA,NA,NA,NA,NA,NA,NA,NA,NA,NA,NA,1,0,NA,NA,NA,NA,NA,NA,NA,NA,NA,NA,NA,NA
"select_multiple","who_family",NA,"decisionMakerForCoffeeIncome/Female_Child","Generalmente quien decide como se utiliza el ingreso por la venta de cafe?/Nina (15 anos)",NA,NA,NA,NA,0,0,1,0,NA,NA,NA,NA,NA,NA,NA,NA,NA,NA,NA,NA,NA,NA,NA,NA,NA,NA,1,0,NA,NA,NA,NA,NA,NA,NA,NA,NA,NA,NA,NA
"select_multiple","who_family",NA,"decisionMakerForCoffeeIncome/Female_Youth","Generalmente quien decide como se utiliza el ingreso por la venta de cafe?/Joven mujer (15-30 anos)",NA,NA,NA,NA,0,0,1,0,NA,NA,NA,NA,NA,NA,NA,NA,NA,NA,NA,NA,NA,NA,NA,NA,NA,NA,1,0,NA,NA,NA,NA,NA,NA,NA,NA,NA,NA,NA,NA
"select_multiple","who_family",NA,"decisionMakerForCoffeeIncome/Male_adult","Generalmente quien decide como se utiliza el ingreso por la venta de cafe?/Hombre adulto",NA,NA,NA,NA,0,0,1,0,NA,NA,NA,NA,NA,NA,NA,NA,NA,NA,NA,NA,NA,NA,NA,NA,NA,NA,1,0,NA,NA,NA,NA,NA,NA,NA,NA,NA,NA,NA,NA
"select_multiple","who_family",NA,"decisionMakerForCoffeeIncome/Male_Child","Generalmente quien decide como se utiliza el ingreso por la venta de cafe?/Nino (15 anos)",NA,NA,NA,NA,0,0,1,0,NA,NA,NA,NA,NA,NA,NA,NA,NA,NA,NA,NA,NA,NA,NA,NA,NA,NA,1,0,NA,NA,NA,NA,NA,NA,NA,NA,NA,NA,NA,NA
"select_multiple","who_family",NA,"decisionMakerForCoffeeIncome/Male_Youth","Generalmente quien decide como se utiliza el ingreso por la venta de cafe?/Joven varon (15-30 anos)",NA,NA,NA,NA,0,0,1,0,NA,NA,NA,NA,NA,NA,NA,NA,NA,NA,NA,NA,NA,NA,NA,NA,NA,NA,1,0,NA,NA,NA,NA,NA,NA,NA,NA,NA,NA,NA,NA
"select_multiple","who_family",NA,"decisionMakerForCoffeeIncome/no_answer","Generalmente quien decide como se utiliza el ingreso por la venta de cafe?/Sin respuesta",NA,NA,NA,NA,0,0,1,0,NA,NA,NA,NA,NA,NA,NA,NA,NA,NA,NA,NA,NA,NA,NA,NA,NA,NA,1,0,NA,NA,NA,NA,NA,NA,NA,NA,NA,NA,NA,NA
"select_multiple","loan_decision_maker",NA,"decisionMakerForLoans","Quien toma la decision de pedir prestado para el manejo del cafe la mayoria del tiempo?",TRUE,NA,NA,NA,0,0,0,2,NA,NA,NA,NA,NA,NA,NA,NA,NA,NA,NA,NA,NA,NA,NA,NA,NA,NA,0,1,NA,NA,NA,NA,NA,NA,NA,NA,NA,NA,NA,NA
"dummies","loan_decision_maker",NA,"decisionMakerForLoans/1","Quien toma la decision de pedir prestado para el manejo del cafe la mayoria del tiempo?/Yo",NA,NA,NA,NA,0,0,1,0,NA,NA,NA,NA,NA,NA,NA,NA,NA,NA,NA,NA,NA,NA,NA,NA,NA,NA,0,1,NA,NA,NA,NA,NA,NA,NA,NA,NA,NA,NA,NA
"dummies","loan_decision_maker",NA,"decisionMakerForLoans/2","Quien toma la decision de pedir prestado para el manejo del cafe la mayoria del tiempo?/Pareja en el hogar",NA,NA,NA,NA,0,0,1,0,NA,NA,NA,NA,NA,NA,NA,NA,NA,NA,NA,NA,NA,NA,NA,NA,NA,NA,0,1,NA,NA,NA,NA,NA,NA,NA,NA,NA,NA,NA,NA
"dummies","loan_decision_maker",NA,"decisionMakerForLoans/3","Quien toma la decision de pedir prestado para el manejo del cafe la mayoria del tiempo?/Pareja migrante",NA,NA,NA,NA,0,0,1,0,NA,NA,NA,NA,NA,NA,NA,NA,NA,NA,NA,NA,NA,NA,NA,NA,NA,NA,0,1,NA,NA,NA,NA,NA,NA,NA,NA,NA,NA,NA,NA
"dummies","loan_decision_maker",NA,"decisionMakerForLoans/4","Quien toma la decision de pedir prestado para el manejo del cafe la mayoria del tiempo?/Otros hombres miembros de la familia",NA,NA,NA,NA,0,0,1,0,NA,NA,NA,NA,NA,NA,NA,NA,NA,NA,NA,NA,NA,NA,NA,NA,NA,NA,0,1,NA,NA,NA,NA,NA,NA,NA,NA,NA,NA,NA,NA
"dummies","loan_decision_maker",NA,"decisionMakerForLoans/5","Quien toma la decision de pedir prestado para el manejo del cafe la mayoria del tiempo?/Otras mujeres miembros de la familia",NA,NA,NA,NA,0,0,1,0,NA,NA,NA,NA,NA,NA,NA,NA,NA,NA,NA,NA,NA,NA,NA,NA,NA,NA,0,1,NA,NA,NA,NA,NA,NA,NA,NA,NA,NA,NA,NA
"dummies","loan_decision_maker",NA,"decisionMakerForLoans/6","Quien toma la decision de pedir prestado para el manejo del cafe la mayoria del tiempo?/Hombres parientes",NA,NA,NA,NA,0,0,1,0,NA,NA,NA,NA,NA,NA,NA,NA,NA,NA,NA,NA,NA,NA,NA,NA,NA,NA,0,1,NA,NA,NA,NA,NA,NA,NA,NA,NA,NA,NA,NA
"dummies","loan_decision_maker",NA,"decisionMakerForLoans/7","Quien toma la decision de pedir prestado para el manejo del cafe la mayoria del tiempo?/Mujeres parientas",NA,NA,NA,NA,0,0,1,0,NA,NA,NA,NA,NA,NA,NA,NA,NA,NA,NA,NA,NA,NA,NA,NA,NA,NA,0,1,NA,NA,NA,NA,NA,NA,NA,NA,NA,NA,NA,NA
"dummies","loan_decision_maker",NA,"decisionMakerForLoans/8","Quien toma la decision de pedir prestado para el manejo del cafe la mayoria del tiempo?/Intermediario",NA,NA,NA,NA,0,0,1,0,NA,NA,NA,NA,NA,NA,NA,NA,NA,NA,NA,NA,NA,NA,NA,NA,NA,NA,0,1,NA,NA,NA,NA,NA,NA,NA,NA,NA,NA,NA,NA
"dummies","loan_decision_maker",NA,"decisionMakerForLoans/99","Quien toma la decision de pedir prestado para el manejo del cafe la mayoria del tiempo?/Otro",NA,NA,NA,NA,0,0,1,0,NA,NA,NA,NA,NA,NA,NA,NA,NA,NA,NA,NA,NA,NA,NA,NA,NA,NA,0,1,NA,NA,NA,NA,NA,NA,NA,NA,NA,NA,NA,NA
"select_multiple","loan_decision_maker",NA,"decisionMakerForLoanUse","Quien toma la decision sobre que hacer con el dinero prestado para trabajar en el manejo del cafe la mayoria de las veces?",TRUE,NA,NA,NA,0,0,0,2,NA,NA,NA,NA,NA,NA,NA,NA,NA,NA,NA,NA,NA,NA,NA,NA,NA,NA,0,1,NA,NA,NA,NA,NA,NA,NA,NA,NA,NA,NA,NA
"dummies","loan_decision_maker",NA,"decisionMakerForLoanUse/1","Quien toma la decision sobre que hacer con el dinero prestado para trabajar en el manejo del cafe la mayoria de las veces?/Yo",NA,NA,NA,NA,0,0,1,0,NA,NA,NA,NA,NA,NA,NA,NA,NA,NA,NA,NA,NA,NA,NA,NA,NA,NA,0,1,NA,NA,NA,NA,NA,NA,NA,NA,NA,NA,NA,NA
"dummies","loan_decision_maker",NA,"decisionMakerForLoanUse/2","Quien toma la decision sobre que hacer con el dinero prestado para trabajar en el manejo del cafe la mayoria de las veces?/Pareja en el hogar",NA,NA,NA,NA,0,0,1,0,NA,NA,NA,NA,NA,NA,NA,NA,NA,NA,NA,NA,NA,NA,NA,NA,NA,NA,0,1,NA,NA,NA,NA,NA,NA,NA,NA,NA,NA,NA,NA
"dummies","loan_decision_maker",NA,"decisionMakerForLoanUse/3","Quien toma la decision sobre que hacer con el dinero prestado para trabajar en el manejo del cafe la mayoria de las veces?/Pareja migrante",NA,NA,NA,NA,0,0,1,0,NA,NA,NA,NA,NA,NA,NA,NA,NA,NA,NA,NA,NA,NA,NA,NA,NA,NA,0,1,NA,NA,NA,NA,NA,NA,NA,NA,NA,NA,NA,NA
"dummies","loan_decision_maker",NA,"decisionMakerForLoanUse/4","Quien toma la decision sobre que hacer con el dinero prestado para trabajar en el manejo del cafe la mayoria de las veces?/Otros hombres miembros de la familia",NA,NA,NA,NA,0,0,1,0,NA,NA,NA,NA,NA,NA,NA,NA,NA,NA,NA,NA,NA,NA,NA,NA,NA,NA,0,1,NA,NA,NA,NA,NA,NA,NA,NA,NA,NA,NA,NA
"dummies","loan_decision_maker",NA,"decisionMakerForLoanUse/5","Quien toma la decision sobre que hacer con el dinero prestado para trabajar en el manejo del cafe la mayoria de las veces?/Otras mujeres miembros de la familia",NA,NA,NA,NA,0,0,1,0,NA,NA,NA,NA,NA,NA,NA,NA,NA,NA,NA,NA,NA,NA,NA,NA,NA,NA,0,1,NA,NA,NA,NA,NA,NA,NA,NA,NA,NA,NA,NA
"dummies","loan_decision_maker",NA,"decisionMakerForLoanUse/6","Quien toma la decision sobre que hacer con el dinero prestado para trabajar en el manejo del cafe la mayoria de las veces?/Hombres parientes",NA,NA,NA,NA,0,0,1,0,NA,NA,NA,NA,NA,NA,NA,NA,NA,NA,NA,NA,NA,NA,NA,NA,NA,NA,0,1,NA,NA,NA,NA,NA,NA,NA,NA,NA,NA,NA,NA
"dummies","loan_decision_maker",NA,"decisionMakerForLoanUse/7","Quien toma la decision sobre que hacer con el dinero prestado para trabajar en el manejo del cafe la mayoria de las veces?/Mujeres parientas",NA,NA,NA,NA,0,0,1,0,NA,NA,NA,NA,NA,NA,NA,NA,NA,NA,NA,NA,NA,NA,NA,NA,NA,NA,0,1,NA,NA,NA,NA,NA,NA,NA,NA,NA,NA,NA,NA
"dummies","loan_decision_maker",NA,"decisionMakerForLoanUse/8","Quien toma la decision sobre que hacer con el dinero prestado para trabajar en el manejo del cafe la mayoria de las veces?/Intermediario",NA,NA,NA,NA,0,0,1,0,NA,NA,NA,NA,NA,NA,NA,NA,NA,NA,NA,NA,NA,NA,NA,NA,NA,NA,0,1,NA,NA,NA,NA,NA,NA,NA,NA,NA,NA,NA,NA
"dummies","loan_decision_maker",NA,"decisionMakerForLoanUse/99","Quien toma la decision sobre que hacer con el dinero prestado para trabajar en el manejo del cafe la mayoria de las veces?/Otro",NA,NA,NA,NA,0,0,1,0,NA,NA,NA,NA,NA,NA,NA,NA,NA,NA,NA,NA,NA,NA,NA,NA,NA,NA,0,1,NA,NA,NA,NA,NA,NA,NA,NA,NA,NA,NA,NA
"select_multiple","who_family","K4","decisionMakerForNonFarmIncome","Quien decide como se utiliza el dinero generado por trabajo fuera de la finca?",TRUE,"otherSourcesOfIncome == 'Si'",NA,NA,0,0,0,2,NA,NA,NA,NA,NA,NA,NA,NA,NA,NA,NA,NA,NA,NA,NA,NA,NA,NA,1,0,NA,NA,NA,NA,NA,NA,NA,NA,NA,NA,NA,NA
"select_multiple","who_family",NA,"decisionMakerForNonFarmIncome/Female_adult","Quien decide como se utiliza el dinero generado por trabajo fuera de la finca?/Mujer adulta",NA,NA,NA,NA,0,0,1,0,NA,NA,NA,NA,NA,NA,NA,NA,NA,NA,NA,NA,NA,NA,NA,NA,NA,NA,1,0,NA,NA,NA,NA,NA,NA,NA,NA,NA,NA,NA,NA
"select_multiple","who_family",NA,"decisionMakerForNonFarmIncome/Female_Child","Quien decide como se utiliza el dinero generado por trabajo fuera de la finca?/Nina (15 anos)",NA,NA,NA,NA,0,0,1,0,NA,NA,NA,NA,NA,NA,NA,NA,NA,NA,NA,NA,NA,NA,NA,NA,NA,NA,0,0,NA,NA,NA,NA,NA,NA,NA,NA,NA,NA,NA,NA
"select_multiple","who_family",NA,"decisionMakerForNonFarmIncome/Female_Youth","Quien decide como se utiliza el dinero generado por trabajo fuera de la finca?/Joven mujer (15-30 anos)",NA,NA,NA,NA,0,0,1,0,NA,NA,NA,NA,NA,NA,NA,NA,NA,NA,NA,NA,NA,NA,NA,NA,NA,NA,1,0,NA,NA,NA,NA,NA,NA,NA,NA,NA,NA,NA,NA
"select_multiple","who_family",NA,"decisionMakerForNonFarmIncome/Male_adult","Quien decide como se utiliza el dinero generado por trabajo fuera de la finca?/Hombre adulto",NA,NA,NA,NA,0,0,1,0,NA,NA,NA,NA,NA,NA,NA,NA,NA,NA,NA,NA,NA,NA,NA,NA,NA,NA,1,0,NA,NA,NA,NA,NA,NA,NA,NA,NA,NA,NA,NA
"select_multiple","who_family",NA,"decisionMakerForNonFarmIncome/Male_Child","Quien decide como se utiliza el dinero generado por trabajo fuera de la finca?/Nino (15 anos)",NA,NA,NA,NA,0,0,1,0,NA,NA,NA,NA,NA,NA,NA,NA,NA,NA,NA,NA,NA,NA,NA,NA,NA,NA,0,0,NA,NA,NA,NA,NA,NA,NA,NA,NA,NA,NA,NA
"select_multiple","who_family",NA,"decisionMakerForNonFarmIncome/Male_Youth","Quien decide como se utiliza el dinero generado por trabajo fuera de la finca?/Joven varon (15-30 anos)",NA,NA,NA,NA,0,0,1,0,NA,NA,NA,NA,NA,NA,NA,NA,NA,NA,NA,NA,NA,NA,NA,NA,NA,NA,1,0,NA,NA,NA,NA,NA,NA,NA,NA,NA,NA,NA,NA
"select_multiple","who_family",NA,"decisionMakerForNonFarmIncome/no_answer","Quien decide como se utiliza el dinero generado por trabajo fuera de la finca?/Sin respuesta",NA,NA,NA,NA,0,0,1,0,NA,NA,NA,NA,NA,NA,NA,NA,NA,NA,NA,NA,NA,NA,NA,NA,NA,NA,0,0,NA,NA,NA,NA,NA,NA,NA,NA,NA,NA,NA,NA
"select_one","disagree_partner",NA,"decisionMakingAfterDisagreement","Como se toma la decision?",TRUE,"selected(${expressDisagreementToPartner}, '1') or selected(${expressDisagreementToPartner}, '2') or selected(${expressDisagreementToPartner}, '3')",NA,NA,0,0,0,1,NA,NA,NA,NA,NA,NA,NA,NA,NA,NA,NA,NA,NA,NA,NA,NA,NA,NA,0,1,NA,NA,NA,NA,NA,NA,NA,NA,NA,NA,NA,NA
"dummies","disagree_partner",NA,"decisionMakingAfterDisagreement_1","Como se toma la decision?/Solo se toma en cuenta su opinion",NA,NA,NA,NA,0,0,1,0,NA,NA,NA,NA,NA,NA,NA,NA,NA,NA,NA,NA,NA,NA,NA,NA,NA,NA,0,1,NA,NA,NA,NA,NA,NA,NA,NA,NA,NA,NA,NA
"dummies","disagree_partner",NA,"decisionMakingAfterDisagreement_2","Como se toma la decision?/Solo se toma en cuenta la opinion de la otra persona",NA,NA,NA,NA,0,0,1,0,NA,NA,NA,NA,NA,NA,NA,NA,NA,NA,NA,NA,NA,NA,NA,NA,NA,NA,0,1,NA,NA,NA,NA,NA,NA,NA,NA,NA,NA,NA,NA
"dummies","disagree_partner",NA,"decisionMakingAfterDisagreement_3","Como se toma la decision?/Tienen mutuo acuerdo",NA,NA,NA,NA,0,0,1,0,NA,NA,NA,NA,NA,NA,NA,NA,NA,NA,NA,NA,NA,NA,NA,NA,NA,NA,0,1,NA,NA,NA,NA,NA,NA,NA,NA,NA,NA,NA,NA
"select_multiple","fertilizer_decide","E30","decisionProcessForFertilizers","Como decidio que tipo de fertilizante y dosis aplicar?",TRUE,"not(selected(${fertilizersAppliedLastHarvest}, 'ninguno'))",NA,NA,0,0,0,2,NA,NA,NA,NA,NA,NA,NA,NA,NA,NA,NA,NA,NA,NA,NA,NA,NA,NA,1,1,NA,NA,NA,NA,NA,NA,NA,NA,NA,NA,NA,NA
"dummies","fertilizer_decide",NA,"decisionProcessForFertilizers/always_same","Como decidio que tipo de fertilizante y dosis aplicar?/Siempre aplico lo mismo",NA,NA,NA,NA,0,0,1,0,NA,NA,NA,NA,NA,NA,NA,NA,NA,NA,NA,NA,NA,NA,NA,NA,NA,NA,0,1,NA,NA,NA,NA,NA,NA,NA,NA,NA,NA,NA,NA
"dummies","fertilizer_decide",NA,"decisionProcessForFertilizers/experience","Como decidio que tipo de fertilizante y dosis aplicar?/Por la experiencia que tengo",NA,NA,NA,NA,0,0,1,0,NA,NA,NA,NA,NA,NA,NA,NA,NA,NA,NA,NA,NA,NA,NA,NA,NA,NA,0,1,NA,NA,NA,NA,NA,NA,NA,NA,NA,NA,NA,NA
"dummies","fertilizer_decide",NA,"decisionProcessForFertilizers/producer_advise","Como decidio que tipo de fertilizante y dosis aplicar?/Por recomendaciones de otros productores",NA,NA,NA,NA,0,0,1,0,NA,NA,NA,NA,NA,NA,NA,NA,NA,NA,NA,NA,NA,NA,NA,NA,NA,NA,0,1,NA,NA,NA,NA,NA,NA,NA,NA,NA,NA,NA,NA
"dummies","fertilizer_decide",NA,"decisionProcessForFertilizers/soil_test","Como decidio que tipo de fertilizante y dosis aplicar?/Con base en un analisis de suelo",NA,NA,NA,NA,0,0,1,0,NA,NA,NA,NA,NA,NA,NA,NA,NA,NA,NA,NA,NA,NA,NA,NA,NA,NA,0,1,NA,NA,NA,NA,NA,NA,NA,NA,NA,NA,NA,NA
"dummies","fertilizer_decide",NA,"decisionProcessForFertilizers/supplier_advise","Como decidio que tipo de fertilizante y dosis aplicar?/Por recomendaciones del proveedor",NA,NA,NA,NA,0,0,1,0,NA,NA,NA,NA,NA,NA,NA,NA,NA,NA,NA,NA,NA,NA,NA,NA,NA,NA,0,1,NA,NA,NA,NA,NA,NA,NA,NA,NA,NA,NA,NA
"dummies","fertilizer_decide",NA,"decisionProcessForFertilizers/technician_advise","Como decidio que tipo de fertilizante y dosis aplicar?/Por recomendaciones del tecnico",NA,NA,NA,NA,0,0,1,0,NA,NA,NA,NA,NA,NA,NA,NA,NA,NA,NA,NA,NA,NA,NA,NA,NA,NA,0,1,NA,NA,NA,NA,NA,NA,NA,NA,NA,NA,NA,NA
"dummies","fertilizer_decide",NA,"decisionProcessForFertilizers/visual_inspection","Como decidio que tipo de fertilizante y dosis aplicar?/Con base en sintomas visuales de deficiencias",NA,NA,NA,NA,0,0,1,0,NA,NA,NA,NA,NA,NA,NA,NA,NA,NA,NA,NA,NA,NA,NA,NA,NA,NA,0,1,NA,NA,NA,NA,NA,NA,NA,NA,NA,NA,NA,NA
"select_one","departamento","A4","department","Departamento",TRUE,"selected(${same_community}, 'N')",NA,NA,0,0,0,1,NA,NA,NA,NA,NA,NA,NA,NA,NA,NA,NA,NA,NA,NA,NA,NA,NA,NA,1,1,NA,NA,NA,NA,NA,NA,NA,NA,NA,NA,NA,NA
"select_one","departamento",NA,"department_lempira","En que departamento se encuentra su finca?/Lempira",NA,NA,NA,NA,0,0,1,0,NA,NA,NA,NA,NA,NA,NA,NA,NA,NA,NA,NA,NA,NA,NA,NA,NA,NA,1,1,NA,NA,NA,NA,NA,NA,NA,NA,NA,NA,NA,NA
"select_one","departamento",NA,"department_stabarbara","En que departamento se encuentra su finca?/Santa Barbara",NA,NA,NA,NA,0,0,1,0,NA,NA,NA,NA,NA,NA,NA,NA,NA,NA,NA,NA,NA,NA,NA,NA,NA,NA,1,1,NA,NA,NA,NA,NA,NA,NA,NA,NA,NA,NA,NA
"select_one","departamento",NA,"department_yoro","En que departamento se encuentra su finca?/Yoro",NA,NA,NA,NA,0,0,1,0,NA,NA,NA,NA,NA,NA,NA,NA,NA,NA,NA,NA,NA,NA,NA,NA,NA,NA,1,1,NA,NA,NA,NA,NA,NA,NA,NA,NA,NA,NA,NA
"select_one","y_n_s","G8","desireForChildrenToFarm","Le gustaria que sus hijos se dedicaran a ser agricultores?",TRUE,NA,NA,NA,0,0,0,1,NA,NA,NA,NA,NA,NA,NA,NA,NA,NA,NA,NA,NA,NA,NA,NA,NA,NA,1,0,NA,NA,NA,NA,NA,NA,NA,NA,NA,NA,NA,NA
"select_one","y_n_s",NA,"desireForChildrenToFarm_dont_have","Le gustaria que sus hijos se dedicaran a ser agricultores?/No tengo",NA,NA,NA,NA,0,0,1,0,NA,NA,NA,NA,NA,NA,NA,NA,NA,NA,NA,NA,NA,NA,NA,NA,NA,NA,1,0,NA,NA,NA,NA,NA,NA,NA,NA,NA,NA,NA,NA
"select_one","y_n_s",NA,"desireForChildrenToFarm_N","Le gustaria que sus hijos se dedicaran a ser agricultores?/No",NA,NA,NA,NA,0,0,1,0,NA,NA,NA,NA,NA,NA,NA,NA,NA,NA,NA,NA,NA,NA,NA,NA,NA,NA,1,0,NA,NA,NA,NA,NA,NA,NA,NA,NA,NA,NA,NA
"select_one","y_n_s",NA,"desireForChildrenToFarm_some","Le gustaria que sus hijos se dedicaran a ser agricultores?/Algunos",NA,NA,NA,NA,0,0,1,0,NA,NA,NA,NA,NA,NA,NA,NA,NA,NA,NA,NA,NA,NA,NA,NA,NA,NA,1,0,NA,NA,NA,NA,NA,NA,NA,NA,NA,NA,NA,NA
"select_one","y_n_s",NA,"desireForChildrenToFarm_Y","Le gustaria que sus hijos se dedicaran a ser agricultores?/Si",NA,NA,NA,NA,0,0,1,0,NA,NA,NA,NA,NA,NA,NA,NA,NA,NA,NA,NA,NA,NA,NA,NA,NA,NA,1,0,NA,NA,NA,NA,NA,NA,NA,NA,NA,NA,NA,NA
"select_multiple","difficulty_paying_credit","J8","difficultyPayingDebt","Que factores causaron dificultades para pagar esas deudas durante el ciclo 2023/2024?",TRUE,"${usedCreditInCoffee}>0","not(selected(${difficultyPayingDebt}, '1') and count-selected(${difficultyPayingDebt})>1)",NA,0,0,0,2,NA,NA,NA,NA,NA,NA,NA,NA,NA,NA,NA,NA,NA,NA,NA,NA,NA,NA,1,1,NA,NA,NA,NA,NA,NA,NA,NA,NA,NA,NA,NA
"dummies","difficulty_paying_credit",NA,"difficultyPayingDebt/1","Que factores causaron dificultades para pagar esas deudas durante el ciclo 2023/2024?/Ninguno",NA,NA,NA,NA,0,0,1,0,NA,NA,NA,NA,NA,NA,NA,NA,NA,NA,NA,NA,NA,NA,NA,NA,NA,NA,0,1,NA,NA,NA,NA,NA,NA,NA,NA,NA,NA,NA,NA
"dummies","difficulty_paying_credit",NA,"difficultyPayingDebt/10","Que factores causaron dificultades para pagar esas deudas durante el ciclo 2023/2024?/Tuvo problemas con el transporte de la cosecha",NA,NA,NA,NA,0,0,1,0,NA,NA,NA,NA,NA,NA,NA,NA,NA,NA,NA,NA,NA,NA,NA,NA,NA,NA,0,1,NA,NA,NA,NA,NA,NA,NA,NA,NA,NA,NA,NA
"dummies","difficulty_paying_credit",NA,"difficultyPayingDebt/11","Que factores causaron dificultades para pagar esas deudas durante el ciclo 2023/2024?/Priorizo alguno de los creditos y no pudo pagar los demas",NA,NA,NA,NA,0,0,1,0,NA,NA,NA,NA,NA,NA,NA,NA,NA,NA,NA,NA,NA,NA,NA,NA,NA,NA,0,1,NA,NA,NA,NA,NA,NA,NA,NA,NA,NA,NA,NA
"dummies","difficulty_paying_credit",NA,"difficultyPayingDebt/12","Que factores causaron dificultades para pagar esas deudas durante el ciclo 2023/2024?/No obtuvo los rendimientos esperados (por alguna razon no mencionada en las opciones anteriores)",NA,NA,NA,NA,0,0,1,0,NA,NA,NA,NA,NA,NA,NA,NA,NA,NA,NA,NA,NA,NA,NA,NA,NA,NA,0,1,NA,NA,NA,NA,NA,NA,NA,NA,NA,NA,NA,NA
"dummies","difficulty_paying_credit",NA,"difficultyPayingDebt/13","Que factores causaron dificultades para pagar esas deudas durante el ciclo 2023/2024?/Otro",NA,NA,NA,NA,0,0,1,0,NA,NA,NA,NA,NA,NA,NA,NA,NA,NA,NA,NA,NA,NA,NA,NA,NA,NA,0,1,NA,NA,NA,NA,NA,NA,NA,NA,NA,NA,NA,NA
"dummies","difficulty_paying_credit",NA,"difficultyPayingDebt/2","Que factores causaron dificultades para pagar esas deudas durante el ciclo 2023/2024?/Eventos climaticos que afectaron la cosecha (derrumbes inundaciones incendios sequias)",NA,NA,NA,NA,0,0,1,0,NA,NA,NA,NA,NA,NA,NA,NA,NA,NA,NA,NA,NA,NA,NA,NA,NA,NA,0,1,NA,NA,NA,NA,NA,NA,NA,NA,NA,NA,NA,NA
"dummies","difficulty_paying_credit",NA,"difficultyPayingDebt/3","Que factores causaron dificultades para pagar esas deudas durante el ciclo 2023/2024?/Plagas o enfermedades en la cosecha",NA,NA,NA,NA,0,0,1,0,NA,NA,NA,NA,NA,NA,NA,NA,NA,NA,NA,NA,NA,NA,NA,NA,NA,NA,0,1,NA,NA,NA,NA,NA,NA,NA,NA,NA,NA,NA,NA
"dummies","difficulty_paying_credit",NA,"difficultyPayingDebt/4","Que factores causaron dificultades para pagar esas deudas durante el ciclo 2023/2024?/Falta de mano de obra",NA,NA,NA,NA,0,0,1,0,NA,NA,NA,NA,NA,NA,NA,NA,NA,NA,NA,NA,NA,NA,NA,NA,NA,NA,0,1,NA,NA,NA,NA,NA,NA,NA,NA,NA,NA,NA,NA
"dummies","difficulty_paying_credit",NA,"difficultyPayingDebt/5","Que factores causaron dificultades para pagar esas deudas durante el ciclo 2023/2024?/Las maquinas no funcionaron",NA,NA,NA,NA,0,0,1,0,NA,NA,NA,NA,NA,NA,NA,NA,NA,NA,NA,NA,NA,NA,NA,NA,NA,NA,0,1,NA,NA,NA,NA,NA,NA,NA,NA,NA,NA,NA,NA
"dummies","difficulty_paying_credit",NA,"difficultyPayingDebt/6","Que factores causaron dificultades para pagar esas deudas durante el ciclo 2023/2024?/Altos precios de insumos",NA,NA,NA,NA,0,0,1,0,NA,NA,NA,NA,NA,NA,NA,NA,NA,NA,NA,NA,NA,NA,NA,NA,NA,NA,0,1,NA,NA,NA,NA,NA,NA,NA,NA,NA,NA,NA,NA
"dummies","difficulty_paying_credit",NA,"difficultyPayingDebt/7","Que factores causaron dificultades para pagar esas deudas durante el ciclo 2023/2024?/Tuvo problemas con el transporte de los insumos",NA,NA,NA,NA,0,0,1,0,NA,NA,NA,NA,NA,NA,NA,NA,NA,NA,NA,NA,NA,NA,NA,NA,NA,NA,0,1,NA,NA,NA,NA,NA,NA,NA,NA,NA,NA,NA,NA
"dummies","difficulty_paying_credit",NA,"difficultyPayingDebt/8","Que factores causaron dificultades para pagar esas deudas durante el ciclo 2023/2024?/Bajo precio de venta de la cosecha",NA,NA,NA,NA,0,0,1,0,NA,NA,NA,NA,NA,NA,NA,NA,NA,NA,NA,NA,NA,NA,NA,NA,NA,NA,0,1,NA,NA,NA,NA,NA,NA,NA,NA,NA,NA,NA,NA
"dummies","difficulty_paying_credit",NA,"difficultyPayingDebt/9","Que factores causaron dificultades para pagar esas deudas durante el ciclo 2023/2024?/No tuvo a quien vender la cosecha",NA,NA,NA,NA,0,0,1,0,NA,NA,NA,NA,NA,NA,NA,NA,NA,NA,NA,NA,NA,NA,NA,NA,NA,NA,0,1,NA,NA,NA,NA,NA,NA,NA,NA,NA,NA,NA,NA
"text",NA,NA,"difficultyPayingDebtOther","Cual fue la otra dificultad?",TRUE,"selected(${difficultyPayingDebt}, '13')",NA,NA,0,0,0,0,NA,NA,NA,NA,NA,NA,NA,NA,NA,NA,NA,NA,NA,NA,NA,NA,NA,NA,0,1,NA,NA,NA,NA,NA,NA,NA,NA,NA,NA,NA,NA
"text",NA,NA,"DNI","Numero de identificacion (DNI)",TRUE,"not(selected(${isProducerReplacement}, 'Y'))","regex(.,'[0-9]{13}')",NA,1,0,0,0,NA,NA,NA,NA,NA,NA,NA,NA,NA,NA,NA,NA,NA,NA,NA,NA,NA,NA,0,1,NA,NA,NA,NA,NA,NA,NA,NA,NA,NA,NA,NA
"text",NA,NA,"DNIReplacement","Numero de identificacion (DNI) del productor",TRUE,"selected(${surveyID}, 'other')","regex(.,'[0-9]{13}')",NA,1,0,0,0,NA,NA,NA,NA,NA,NA,NA,NA,NA,NA,NA,NA,NA,NA,NA,NA,NA,NA,0,1,NA,NA,NA,NA,NA,NA,NA,NA,NA,NA,NA,NA
"decimal",NA,"BX1","durationOfWorkingWithIntermediary","Desde hace cuanto tiempo usted trabaja con Intermediario y/o Becamo?",TRUE,NA,NA,NA,1,0,0,0,NA,NA,NA,NA,NA,NA,NA,NA,NA,NA,NA,NA,NA,NA,NA,NA,NA,NA,1,0,NA,NA,NA,NA,NA,NA,NA,NA,NA,NA,NA,NA
"calculate",NA,NA,"E24C",NA,NA,NA,NA,"if(selected(${typeOfCoffeeProduced}, ""cherry""),${amountOfCoffeeProducedLastHarvest}*0.2155*0.8,if(selected(${typeOfCoffeeProduced}, ""wet""),${amountOfCoffeeProducedLastHarvest}*0.1851,if(selected(${typeOfCoffeeProduced}, ""dry_parchment""),${amountOfCoffeeProducedLastHarvest}*0.8,${amountOfCoffeeProducedLastHarvest}*1.19)))",1,0,0,0,NA,NA,NA,NA,NA,NA,NA,NA,NA,NA,NA,NA,NA,NA,NA,NA,NA,NA,0,1,NA,NA,NA,NA,NA,NA,NA,NA,NA,NA,NA,NA
"calculate",NA,NA,"E24CA",NA,NA,NA,NA,"if(selected(${coffeeProductionMeasurementUnit}, ""lb""),${E24C}*0.46,if(selected(${coffeeProductionMeasurementUnit}, ""qq""),${E24C}*46,${E24C}*1000))",1,0,0,0,NA,NA,NA,NA,NA,NA,NA,NA,NA,NA,NA,NA,NA,NA,NA,NA,NA,NA,0,1,NA,NA,NA,NA,NA,NA,NA,NA,NA,NA,NA,NA
"calculate",NA,NA,"E35C","Numero de plagas o enfermedades que mas afectaron su cafetal en el ultimo ciclo",NA,NA,NA,"count-selected(${mainPestsOrDiseasesLastYear})",0,1,0,0,NA,NA,NA,NA,NA,NA,NA,NA,NA,NA,NA,NA,NA,NA,NA,NA,NA,NA,0,1,NA,NA,NA,NA,NA,NA,NA,NA,NA,NA,NA,NA
"calculate",NA,"edad_1","EDAD_1","Edad",NA,NA,NA,NA,0,1,0,0,NA,NA,NA,NA,NA,NA,NA,NA,NA,NA,NA,NA,NA,NA,NA,NA,NA,NA,1,0,NA,NA,25,NA,NA,NA,NA,NA,NA,NA,NA,NA
"select_one","encuestador",NA,"enc","Nombre del encuestador",TRUE,NA,NA,NA,0,0,0,0,NA,NA,NA,NA,NA,NA,NA,NA,NA,NA,NA,NA,NA,NA,NA,NA,NA,NA,0,1,NA,NA,16,NA,NA,NA,NA,NA,NA,NA,NA,NA
"select_one","encuestador",NA,"ENC","Nombre del encuestador",TRUE,NA,NA,NA,0,0,0,0,NA,NA,NA,NA,NA,NA,NA,NA,NA,NA,NA,NA,NA,NA,NA,NA,NA,NA,1,0,NA,NA,16,NA,NA,NA,NA,NA,NA,NA,NA,NA
"select_one","express_disagreement",NA,"expressDisagreementToPartner","Con respecto a las decisiones sobre el manejo del cafe si usted no esta de acuerdo con algo se lo diria a su pareja?",TRUE,NA,NA,NA,0,0,0,1,NA,NA,NA,NA,NA,NA,NA,NA,NA,NA,NA,NA,NA,NA,NA,NA,NA,NA,0,1,NA,NA,NA,NA,NA,NA,NA,NA,NA,NA,NA,NA
"dummies","express_disagreement",NA,"expressDisagreementToPartner_1","Con respecto a las decisiones sobre el manejo del cafe si usted no esta de acuerdo con algo se lo diria a su pareja?/La mayor parte del tiempo",NA,NA,NA,NA,0,0,1,0,NA,NA,NA,NA,NA,NA,NA,NA,NA,NA,NA,NA,NA,NA,NA,NA,NA,NA,0,1,NA,NA,NA,NA,NA,NA,NA,NA,NA,NA,NA,NA
"dummies","express_disagreement",NA,"expressDisagreementToPartner_2","Con respecto a las decisiones sobre el manejo del cafe si usted no esta de acuerdo con algo se lo diria a su pareja?/Algunas veces",NA,NA,NA,NA,0,0,1,0,NA,NA,NA,NA,NA,NA,NA,NA,NA,NA,NA,NA,NA,NA,NA,NA,NA,NA,0,1,NA,NA,NA,NA,NA,NA,NA,NA,NA,NA,NA,NA
"dummies","express_disagreement",NA,"expressDisagreementToPartner_3","Con respecto a las decisiones sobre el manejo del cafe si usted no esta de acuerdo con algo se lo diria a su pareja?/Rara vez",NA,NA,NA,NA,0,0,1,0,NA,NA,NA,NA,NA,NA,NA,NA,NA,NA,NA,NA,NA,NA,NA,NA,NA,NA,0,1,NA,NA,NA,NA,NA,NA,NA,NA,NA,NA,NA,NA
"dummies","express_disagreement",NA,"expressDisagreementToPartner_4","Con respecto a las decisiones sobre el manejo del cafe si usted no esta de acuerdo con algo se lo diria a su pareja?/Nunca",NA,NA,NA,NA,0,0,1,0,NA,NA,NA,NA,NA,NA,NA,NA,NA,NA,NA,NA,NA,NA,NA,NA,NA,NA,0,1,NA,NA,NA,NA,NA,NA,NA,NA,NA,NA,NA,NA
"dummies","express_disagreement",NA,"expressDisagreementToPartner_5","Con respecto a las decisiones sobre el manejo del cafe si usted no esta de acuerdo con algo se lo diria a su pareja?/No tiene pareja",NA,NA,NA,NA,0,0,1,0,NA,NA,NA,NA,NA,NA,NA,NA,NA,NA,NA,NA,NA,NA,NA,NA,NA,NA,0,1,NA,NA,NA,NA,NA,NA,NA,NA,NA,NA,NA,NA
"dummies","express_disagreement",NA,"expressDisagreementToPartner_78","Con respecto a las decisiones sobre el manejo del cafe si usted no esta de acuerdo con algo se lo diria a su pareja?/No sabe",NA,NA,NA,NA,0,0,1,0,NA,NA,NA,NA,NA,NA,NA,NA,NA,NA,NA,NA,NA,NA,NA,NA,NA,NA,0,1,NA,NA,NA,NA,NA,NA,NA,NA,NA,NA,NA,NA
"calculate",NA,NA,"F4C","Conteo de aspectos que se mejoraron en la finca",NA,NA,NA,"count-selected(${farmAspectsImproved})",0,1,0,0,NA,NA,NA,NA,NA,NA,NA,NA,NA,NA,NA,NA,NA,NA,NA,NA,NA,NA,0,1,NA,NA,NA,NA,NA,NA,NA,NA,NA,NA,NA,NA
"calculate",NA,NA,"F4CA","Indicador de aspecto que se mejoro en la finca",NA,NA,NA,"position(..)",0,1,0,0,0,0,0,0,0,0,0,0,NA,NA,NA,NA,NA,NA,NA,NA,NA,NA,0,1,NA,"tech_repeat",NA,NA,NA,NA,NA,NA,NA,NA,NA,NA
"select_multiple","who_family","E8","familyMemberWhoOwnsLand","Quien del hogar es el propietario o titular de la finca?",TRUE,"landLegalStatusForCultivation = 'Tierra propia'",NA,NA,0,0,0,2,0,0,0,0,0,0,0,0,NA,NA,NA,NA,NA,NA,NA,NA,NA,NA,1,0,"area_terr",NA,NA,NA,NA,NA,NA,NA,NA,NA,NA,NA
"select_multiple","who_family",NA,"familyMemberWhoOwnsLand/Female_adult","Quien del hogar es el propietario o titular de la finca?/Mujer adulta",NA,NA,NA,NA,0,0,1,0,0,0,0,0,0,1,0,0,NA,NA,NA,NA,NA,NA,NA,NA,NA,NA,1,0,"area_terr",NA,NA,NA,NA,NA,NA,NA,NA,NA,NA,NA
"select_multiple","who_family",NA,"familyMemberWhoOwnsLand/Female_adult_trr","Quien del hogar es el propietario o titular de la finca?/Mujer adulta",NA,NA,NA,NA,0,0,1,0,NA,NA,NA,NA,NA,NA,NA,NA,NA,NA,NA,NA,NA,NA,NA,NA,NA,NA,1,0,NA,NA,NA,NA,NA,NA,NA,NA,NA,NA,NA,NA
"select_multiple","who_family",NA,"familyMemberWhoOwnsLand/Female_Child","Quien del hogar es el propietario o titular de la finca?/Nina (15 anos)",NA,NA,NA,NA,0,0,1,0,0,0,0,0,0,1,0,0,NA,NA,NA,NA,NA,NA,NA,NA,NA,NA,1,0,"area_terr",NA,NA,NA,NA,NA,NA,NA,NA,NA,NA,NA
"select_multiple","who_family",NA,"familyMemberWhoOwnsLand/Female_Child_trr","Quien del hogar es el propietario o titular de la finca?/Nina (15 anos)",NA,NA,NA,NA,0,0,1,0,NA,NA,NA,NA,NA,NA,NA,NA,NA,NA,NA,NA,NA,NA,NA,NA,NA,NA,1,0,NA,NA,NA,NA,NA,NA,NA,NA,NA,NA,NA,NA
"select_multiple","who_family",NA,"familyMemberWhoOwnsLand/Female_Youth","Quien del hogar es el propietario o titular de la finca?/Joven mujer (15-30 anos)",NA,NA,NA,NA,0,0,1,0,0,0,0,0,0,1,0,0,NA,NA,NA,NA,NA,NA,NA,NA,NA,NA,1,0,"area_terr",NA,NA,NA,NA,NA,NA,NA,NA,NA,NA,NA
"select_multiple","who_family",NA,"familyMemberWhoOwnsLand/Female_Youth_trr","Quien del hogar es el propietario o titular de la finca?/Joven mujer (15-30 anos)",NA,NA,NA,NA,0,0,1,0,NA,NA,NA,NA,NA,NA,NA,NA,NA,NA,NA,NA,NA,NA,NA,NA,NA,NA,1,0,NA,NA,NA,NA,NA,NA,NA,NA,NA,NA,NA,NA
"select_multiple","who_family",NA,"familyMemberWhoOwnsLand/Male_adult","Quien del hogar es el propietario o titular de la finca?/Hombre adulto",NA,NA,NA,NA,0,0,1,0,0,0,0,0,0,1,0,0,NA,NA,NA,NA,NA,NA,NA,NA,NA,NA,1,0,"area_terr",NA,NA,NA,NA,NA,NA,NA,NA,NA,NA,NA
"select_multiple","who_family",NA,"familyMemberWhoOwnsLand/Male_adult_trr","Quien del hogar es el propietario o titular de la finca?/Hombre adulto",NA,NA,NA,NA,0,0,1,0,NA,NA,NA,NA,NA,NA,NA,NA,NA,NA,NA,NA,NA,NA,NA,NA,NA,NA,1,0,NA,NA,NA,NA,NA,NA,NA,NA,NA,NA,NA,NA
"select_multiple","who_family",NA,"familyMemberWhoOwnsLand/Male_Child","Quien del hogar es el propietario o titular de la finca?/Nino (15 anos)",NA,NA,NA,NA,0,0,1,0,0,0,0,0,0,1,0,0,NA,NA,NA,NA,NA,NA,NA,NA,NA,NA,1,0,"area_terr",NA,NA,NA,NA,NA,NA,NA,NA,NA,NA,NA
"select_multiple","who_family",NA,"familyMemberWhoOwnsLand/Male_Child_trr","Quien del hogar es el propietario o titular de la finca?/Nino (15 anos)",NA,NA,NA,NA,0,0,1,0,NA,NA,NA,NA,NA,NA,NA,NA,NA,NA,NA,NA,NA,NA,NA,NA,NA,NA,1,0,NA,NA,NA,NA,NA,NA,NA,NA,NA,NA,NA,NA
"select_multiple","who_family",NA,"familyMemberWhoOwnsLand/Male_Youth","Quien del hogar es el propietario o titular de la finca?/Joven varon (15-30 anos)",NA,NA,NA,NA,0,0,1,0,0,0,0,0,0,1,0,0,NA,NA,NA,NA,NA,NA,NA,NA,NA,NA,1,0,"area_terr",NA,NA,NA,NA,NA,NA,NA,NA,NA,NA,NA
"select_multiple","who_family",NA,"familyMemberWhoOwnsLand/Male_Youth_trr","Quien del hogar es el propietario o titular de la finca?/Joven varon (15-30 anos)",NA,NA,NA,NA,0,0,1,0,NA,NA,NA,NA,NA,NA,NA,NA,NA,NA,NA,NA,NA,NA,NA,NA,NA,NA,1,0,NA,NA,NA,NA,NA,NA,NA,NA,NA,NA,NA,NA
"select_multiple","who_family",NA,"familyMemberWhoOwnsLand/no_answer","Quien del hogar es el propietario o titular de la finca?/Sin respuesta",NA,NA,NA,NA,0,0,1,0,0,0,0,0,0,1,0,0,NA,NA,NA,NA,NA,NA,NA,NA,NA,NA,1,0,"area_terr",NA,NA,NA,NA,NA,NA,NA,NA,NA,NA,NA
"select_multiple","who_family",NA,"familyMemberWhoOwnsLand/no_answer_trr","Quien del hogar es el propietario o titular de la finca?/Sin respuesta",NA,NA,NA,NA,0,0,1,0,NA,NA,NA,NA,NA,NA,NA,NA,NA,NA,NA,NA,NA,NA,NA,NA,NA,NA,1,0,NA,NA,NA,NA,NA,NA,NA,NA,NA,NA,NA,NA
"integer",NA,"C7","familyWomen","De las ${numberOfPeopleInHousehold} personas que viven aqui cuantas son mujeres?",TRUE,NA,".<=${numberOfPeopleInHousehold}",NA,0,1,0,0,1,0,0,0,0,0,0,0,NA,NA,NA,NA,NA,NA,NA,NA,NA,NA,0,1,NA,NA,1,NA,NA,NA,NA,NA,NA,NA,NA,NA
"select_multiple","tech_domain","F4","farmAspectsImproved","Que aspectos de la finca intento mejorar durante la cosecha de 2023/2024?",TRUE,"${adoptedRecommendedTechnologies} = 'Y'","not(selected(., 'none') and (selected(., 'fertility') or selected(., 'ipm') or selected(., 'shade') or selected(., 'nursery') or selected(., 'establishment') or selected(., 'conservation') or selected(., 'rnr') or selected(., 'tissue') or selected(., 'records') or selected(., 'quality') or selected(., 'pruning')))",NA,0,0,0,2,NA,NA,NA,NA,NA,NA,NA,NA,NA,NA,NA,NA,NA,NA,NA,NA,NA,NA,1,1,NA,NA,NA,1,1,NA,NA,NA,NA,NA,NA,NA
"dummies","tech_domain",NA,"farmAspectsImproved/conservation","Que aspectos de la finca intento mejorar durante la cosecha de 2023/2024?/Conservacion del suelo y gestion de las malas hierbas",NA,NA,NA,NA,0,0,1,0,NA,NA,NA,NA,NA,NA,NA,NA,NA,NA,NA,NA,NA,NA,NA,NA,NA,NA,1,1,NA,NA,NA,NA,1,NA,NA,NA,NA,NA,NA,NA
"dummies","tech_domain",NA,"farmAspectsImproved/establishment","Que aspectos de la finca intento mejorar durante la cosecha de 2023/2024?/Establecimiento de plantaciones",NA,NA,NA,NA,0,0,1,0,NA,NA,NA,NA,NA,NA,NA,NA,NA,NA,NA,NA,NA,NA,NA,NA,NA,NA,1,1,NA,NA,NA,NA,1,NA,NA,NA,NA,NA,NA,NA
"dummies","tech_domain",NA,"farmAspectsImproved/fertility","Que aspectos de la finca intento mejorar durante la cosecha de 2023/2024?/Fertilidad del suelo y nutricion de las plantas",NA,NA,NA,NA,0,0,1,0,NA,NA,NA,NA,NA,NA,NA,NA,NA,NA,NA,NA,NA,NA,NA,NA,NA,NA,1,1,NA,NA,NA,NA,1,NA,NA,NA,NA,NA,NA,NA
"dummies","tech_domain",NA,"farmAspectsImproved/ipm","Que aspectos de la finca intento mejorar durante la cosecha de 2023/2024?/Gestion integrada de plagas y enfermedades",NA,NA,NA,NA,0,0,1,0,NA,NA,NA,NA,NA,NA,NA,NA,NA,NA,NA,NA,NA,NA,NA,NA,NA,NA,1,1,NA,NA,NA,NA,1,NA,NA,NA,NA,NA,NA,NA
"dummies","tech_domain",NA,"farmAspectsImproved/none","Que aspectos de la finca intento mejorar durante la cosecha de 2023/2024?/Ninguno",NA,NA,NA,NA,0,0,1,0,NA,NA,NA,NA,NA,NA,NA,NA,NA,NA,NA,NA,NA,NA,NA,NA,NA,NA,1,1,NA,NA,NA,NA,1,NA,NA,NA,NA,NA,NA,NA
"dummies","tech_domain",NA,"farmAspectsImproved/nursery","Que aspectos de la finca intento mejorar durante la cosecha de 2023/2024?/Semilleros y viveros",NA,NA,NA,NA,0,0,1,0,NA,NA,NA,NA,NA,NA,NA,NA,NA,NA,NA,NA,NA,NA,NA,NA,NA,NA,1,1,NA,NA,NA,NA,1,NA,NA,NA,NA,NA,NA,NA
"dummies","tech_domain",NA,"farmAspectsImproved/pruning","Que aspectos de la finca intento mejorar durante la cosecha de 2023/2024?/Poda de bandolas (poda sanitaria)",NA,NA,NA,NA,0,0,1,0,NA,NA,NA,NA,NA,NA,NA,NA,NA,NA,NA,NA,NA,NA,NA,NA,NA,NA,0,1,NA,NA,NA,NA,1,NA,NA,NA,NA,NA,NA,NA
"dummies","tech_domain",NA,"farmAspectsImproved/quality","Que aspectos de la finca intento mejorar durante la cosecha de 2023/2024?/Control de calidad y recoleccion selectiva",NA,NA,NA,NA,0,0,1,0,NA,NA,NA,NA,NA,NA,NA,NA,NA,NA,NA,NA,NA,NA,NA,NA,NA,NA,1,1,NA,NA,NA,NA,1,NA,NA,NA,NA,NA,NA,NA
"dummies","tech_domain",NA,"farmAspectsImproved/records","Que aspectos de la finca intento mejorar durante la cosecha de 2023/2024?/Mantenimiento de registros y planes de inversion",NA,NA,NA,NA,0,0,1,0,NA,NA,NA,NA,NA,NA,NA,NA,NA,NA,NA,NA,NA,NA,NA,NA,NA,NA,1,1,NA,NA,NA,NA,1,NA,NA,NA,NA,NA,NA,NA
"dummies","tech_domain",NA,"farmAspectsImproved/rnr","Que aspectos de la finca intento mejorar durante la cosecha de 2023/2024?/Rehabilitacion y renovacion",NA,NA,NA,NA,0,0,1,0,NA,NA,NA,NA,NA,NA,NA,NA,NA,NA,NA,NA,NA,NA,NA,NA,NA,NA,1,1,NA,NA,NA,NA,1,NA,NA,NA,NA,NA,NA,NA
"dummies","tech_domain",NA,"farmAspectsImproved/shade","Que aspectos de la finca intento mejorar durante la cosecha de 2023/2024?/Gestion de la sombra de los arboles",NA,NA,NA,NA,0,0,1,0,NA,NA,NA,NA,NA,NA,NA,NA,NA,NA,NA,NA,NA,NA,NA,NA,NA,NA,1,1,NA,NA,NA,NA,1,NA,NA,NA,NA,NA,NA,NA
"dummies","tech_domain",NA,"farmAspectsImproved/tissue","Que aspectos de la finca intento mejorar durante la cosecha de 2023/2024?/Manejo de tejidos",NA,NA,NA,NA,0,0,1,0,NA,NA,NA,NA,NA,NA,NA,NA,NA,NA,NA,NA,NA,NA,NA,NA,NA,NA,1,1,NA,NA,NA,NA,1,NA,NA,NA,NA,NA,NA,NA
"select_multiple","slope","E15","farmTerrainCharacteristics","Su finca es en su mayoria plana con pendientes suaves o con pendientes muy fuertes?",TRUE,NA,"not(selected(., 'no_answer') and (selected(.,'flat') or selected(.,'slope') or selected(.,'steep_slope')))",NA,0,0,0,2,NA,NA,NA,NA,NA,NA,NA,NA,NA,NA,NA,NA,NA,NA,NA,NA,NA,NA,1,1,NA,NA,NA,NA,NA,NA,NA,NA,NA,NA,NA,NA
"dummies","slope",NA,"farmTerrainCharacteristics/flat","Su finca es en su mayoria plana con pendientes suaves o con pendientes muy fuertes?/Plano",NA,NA,NA,NA,0,0,1,0,NA,NA,NA,NA,NA,NA,NA,NA,NA,NA,NA,NA,NA,NA,NA,NA,NA,NA,1,1,NA,NA,NA,NA,NA,NA,NA,NA,NA,NA,NA,NA
"dummies","slope",NA,"farmTerrainCharacteristics/no_answer","Su finca es en su mayoria plana con pendientes suaves o con pendientes muy fuertes?/Sin respuesta",NA,NA,NA,NA,0,0,1,0,NA,NA,NA,NA,NA,NA,NA,NA,NA,NA,NA,NA,NA,NA,NA,NA,NA,NA,0,1,NA,NA,NA,NA,NA,NA,NA,NA,NA,NA,NA,NA
"dummies","slope",NA,"farmTerrainCharacteristics/slope","Su finca es en su mayoria plana con pendientes suaves o con pendientes muy fuertes?/Mediana pendiente",NA,NA,NA,NA,0,0,1,0,NA,NA,NA,NA,NA,NA,NA,NA,NA,NA,NA,NA,NA,NA,NA,NA,NA,NA,1,1,NA,NA,NA,NA,NA,NA,NA,NA,NA,NA,NA,NA
"dummies","slope",NA,"farmTerrainCharacteristics/steep_slope","Su finca es en su mayoria plana con pendientes suaves o con pendientes muy fuertes?/Mucha pendiente",NA,NA,NA,NA,0,0,1,0,NA,NA,NA,NA,NA,NA,NA,NA,NA,NA,NA,NA,NA,NA,NA,NA,NA,NA,1,1,NA,NA,NA,NA,NA,NA,NA,NA,NA,NA,NA,NA
"select_one","technical_assistance_opinion",NA,"feedbackToGroupTraining","Con respecto a las recomendaciones de quien le brinda los entrenamientos grupales como dias de campo o practicas grupales si usted no esta de acuerdo con algo se lo diria?",TRUE,"${assisGroup} = 'Y'",NA,NA,0,0,0,1,NA,NA,NA,NA,NA,NA,NA,NA,NA,NA,NA,NA,NA,NA,NA,NA,NA,NA,0,1,NA,NA,NA,NA,NA,NA,NA,NA,NA,NA,NA,NA
"dummies","technical_assistance_opinion",NA,"feedbackToGroupTraining_most","Con respecto a las recomendaciones de quien le brinda los entrenamientos grupales como dias de campo o practicas grupales si usted no esta de acuerdo con algo se lo diria?/La mayor parte del tiempo",NA,NA,NA,NA,0,0,1,0,NA,NA,NA,NA,NA,NA,NA,NA,NA,NA,NA,NA,NA,NA,NA,NA,NA,NA,0,1,NA,NA,NA,NA,NA,NA,NA,NA,NA,NA,NA,NA
"dummies","technical_assistance_opinion",NA,"feedbackToGroupTraining_never","Con respecto a las recomendaciones de quien le brinda los entrenamientos grupales como dias de campo o practicas grupales si usted no esta de acuerdo con algo se lo diria?/Nunca",NA,NA,NA,NA,0,0,1,0,NA,NA,NA,NA,NA,NA,NA,NA,NA,NA,NA,NA,NA,NA,NA,NA,NA,NA,0,1,NA,NA,NA,NA,NA,NA,NA,NA,NA,NA,NA,NA
"dummies","technical_assistance_opinion",NA,"feedbackToGroupTraining_ns","Con respecto a las recomendaciones de quien le brinda los entrenamientos grupales como dias de campo o practicas grupales si usted no esta de acuerdo con algo se lo diria?/No sabe",NA,NA,NA,NA,0,0,1,0,NA,NA,NA,NA,NA,NA,NA,NA,NA,NA,NA,NA,NA,NA,NA,NA,NA,NA,0,1,NA,NA,NA,NA,NA,NA,NA,NA,NA,NA,NA,NA
"dummies","technical_assistance_opinion",NA,"feedbackToGroupTraining_rare","Con respecto a las recomendaciones de quien le brinda los entrenamientos grupales como dias de campo o practicas grupales si usted no esta de acuerdo con algo se lo diria?/Rara vez",NA,NA,NA,NA,0,0,1,0,NA,NA,NA,NA,NA,NA,NA,NA,NA,NA,NA,NA,NA,NA,NA,NA,NA,NA,0,1,NA,NA,NA,NA,NA,NA,NA,NA,NA,NA,NA,NA
"dummies","technical_assistance_opinion",NA,"feedbackToGroupTraining_some","Con respecto a las recomendaciones de quien le brinda los entrenamientos grupales como dias de campo o practicas grupales si usted no esta de acuerdo con algo se lo diria?/Algunas veces",NA,NA,NA,NA,0,0,1,0,NA,NA,NA,NA,NA,NA,NA,NA,NA,NA,NA,NA,NA,NA,NA,NA,NA,NA,0,1,NA,NA,NA,NA,NA,NA,NA,NA,NA,NA,NA,NA
"select_one","technical_assistance_opinion",NA,"feedbackToTechnicalAssistance","Con respecto a las recomendaciones de quien le brindo asistencia tecnica individual en el manejo del cafe si usted no esta de acuerdo con algo se lo diria?",TRUE,"${assisIndiv} = 'Y'",NA,NA,0,0,0,1,NA,NA,NA,NA,NA,NA,NA,NA,NA,NA,NA,NA,NA,NA,NA,NA,NA,NA,0,1,NA,NA,NA,NA,NA,NA,NA,NA,NA,NA,NA,NA
"dummies","technical_assistance_opinion",NA,"feedbackToTechnicalAssistance_most","Con respecto a las recomendaciones de quien le brindo asistencia tecnica individual en el manejo del cafe si usted no esta de acuerdo con algo se lo diria?/La mayor parte del tiempo",NA,NA,NA,NA,0,0,1,0,NA,NA,NA,NA,NA,NA,NA,NA,NA,NA,NA,NA,NA,NA,NA,NA,NA,NA,0,1,NA,NA,NA,NA,NA,NA,NA,NA,NA,NA,NA,NA
"dummies","technical_assistance_opinion",NA,"feedbackToTechnicalAssistance_never","Con respecto a las recomendaciones de quien le brindo asistencia tecnica individual en el manejo del cafe si usted no esta de acuerdo con algo se lo diria?/Nunca",NA,NA,NA,NA,0,0,1,0,NA,NA,NA,NA,NA,NA,NA,NA,NA,NA,NA,NA,NA,NA,NA,NA,NA,NA,0,1,NA,NA,NA,NA,NA,NA,NA,NA,NA,NA,NA,NA
"dummies","technical_assistance_opinion",NA,"feedbackToTechnicalAssistance_ns","Con respecto a las recomendaciones de quien le brindo asistencia tecnica individual en el manejo del cafe si usted no esta de acuerdo con algo se lo diria?/No sabe",NA,NA,NA,NA,0,0,1,0,NA,NA,NA,NA,NA,NA,NA,NA,NA,NA,NA,NA,NA,NA,NA,NA,NA,NA,0,1,NA,NA,NA,NA,NA,NA,NA,NA,NA,NA,NA,NA
"dummies","technical_assistance_opinion",NA,"feedbackToTechnicalAssistance_rare","Con respecto a las recomendaciones de quien le brindo asistencia tecnica individual en el manejo del cafe si usted no esta de acuerdo con algo se lo diria?/Rara vez",NA,NA,NA,NA,0,0,1,0,NA,NA,NA,NA,NA,NA,NA,NA,NA,NA,NA,NA,NA,NA,NA,NA,NA,NA,0,1,NA,NA,NA,NA,NA,NA,NA,NA,NA,NA,NA,NA
"dummies","technical_assistance_opinion",NA,"feedbackToTechnicalAssistance_some","Con respecto a las recomendaciones de quien le brindo asistencia tecnica individual en el manejo del cafe si usted no esta de acuerdo con algo se lo diria?/Algunas veces",NA,NA,NA,NA,0,0,1,0,NA,NA,NA,NA,NA,NA,NA,NA,NA,NA,NA,NA,NA,NA,NA,NA,NA,NA,0,1,NA,NA,NA,NA,NA,NA,NA,NA,NA,NA,NA,NA
"select_one","snap",NA,"femaleElementary","De todas las MUJERES de entre 15 y 29 anos de este hogar alguna ha completado el primer grado de educacion secundaria o superior?",TRUE,"${familyWomen}>0",NA,NA,0,0,0,1,NA,NA,NA,NA,NA,NA,NA,NA,NA,NA,NA,NA,NA,NA,NA,NA,NA,NA,0,1,NA,NA,NA,NA,NA,NA,NA,NA,NA,NA,NA,NA
"dummies","snap",NA,"femaleElementary_N","De todas las MUJERES de entre 15 y 29 anos de este hogar alguna ha completado el primer grado de educacion secundaria o superior?/No",NA,NA,NA,NA,0,0,1,0,NA,NA,NA,NA,NA,NA,NA,NA,NA,NA,NA,NA,NA,NA,NA,NA,NA,NA,0,1,NA,NA,NA,NA,NA,NA,NA,NA,NA,NA,NA,NA
"dummies","snap",NA,"femaleElementary_NA","De todas las MUJERES de entre 15 y 29 anos de este hogar alguna ha completado el primer grado de educacion secundaria o superior?/No aplica",NA,NA,NA,NA,0,0,1,0,NA,NA,NA,NA,NA,NA,NA,NA,NA,NA,NA,NA,NA,NA,NA,NA,NA,NA,0,1,NA,NA,NA,NA,NA,NA,NA,NA,NA,NA,NA,NA
"dummies","snap",NA,"femaleElementary_Y","De todas las MUJERES de entre 15 y 29 anos de este hogar alguna ha completado el primer grado de educacion secundaria o superior?/Si",NA,NA,NA,NA,0,0,1,0,NA,NA,NA,NA,NA,NA,NA,NA,NA,NA,NA,NA,NA,NA,NA,NA,NA,NA,0,1,NA,NA,NA,NA,NA,NA,NA,NA,NA,NA,NA,NA
"select_one","snn","E59","fermentationWaterTreatment","Trato las aguas mieles producto de la fermentacion del cafe?",TRUE,"selected(${coffeeProcessingDoneOnFarm}, 'fermentado')",NA,NA,0,0,1,0,NA,NA,NA,NA,NA,NA,NA,NA,NA,NA,NA,NA,NA,NA,NA,NA,NA,NA,1,1,NA,NA,NA,NA,NA,NA,NA,NA,NA,NA,NA,NA
"select_one","fertilizer_type","E28","fertilizersAppliedLastHarvest","Que tipo de fertilizantes aplico para la cosecha 2023/2024?",TRUE,NA,NA,NA,0,0,0,1,NA,NA,NA,NA,NA,NA,NA,NA,NA,NA,NA,NA,NA,NA,NA,NA,NA,NA,1,1,NA,NA,NA,NA,NA,NA,NA,NA,NA,NA,NA,NA
"dummies","fertilizer_type",NA,"fertilizersAppliedLastHarvest_ambos","Que tipo de fertilizantes aplico para la cosecha 2023/2024?/Ambos",NA,NA,NA,NA,0,0,1,0,NA,NA,NA,NA,NA,NA,NA,NA,NA,NA,NA,NA,NA,NA,NA,NA,NA,NA,1,1,NA,NA,NA,NA,NA,NA,NA,NA,NA,NA,NA,NA
"dummies","fertilizer_type",NA,"fertilizersAppliedLastHarvest_ninguno","Que tipo de fertilizantes aplico para la cosecha 2023/2024?/Ninguno",NA,NA,NA,NA,0,0,1,0,NA,NA,NA,NA,NA,NA,NA,NA,NA,NA,NA,NA,NA,NA,NA,NA,NA,NA,1,1,NA,NA,NA,NA,NA,NA,NA,NA,NA,NA,NA,NA
"dummies","fertilizer_type",NA,"fertilizersAppliedLastHarvest_ns","Que tipo de fertilizantes aplico para la cosecha 2023/2024?/No sabe",NA,NA,NA,NA,0,0,1,0,NA,NA,NA,NA,NA,NA,NA,NA,NA,NA,NA,NA,NA,NA,NA,NA,NA,NA,0,1,NA,NA,NA,NA,NA,NA,NA,NA,NA,NA,NA,NA
"dummies","fertilizer_type",NA,"fertilizersAppliedLastHarvest_organico","Que tipo de fertilizantes aplico para la cosecha 2023/2024?/Organicos (pulpa de cafe gallinaza aserrin entre otros)",NA,NA,NA,NA,0,0,1,0,NA,NA,NA,NA,NA,NA,NA,NA,NA,NA,NA,NA,NA,NA,NA,NA,NA,NA,1,1,NA,NA,NA,NA,NA,NA,NA,NA,NA,NA,NA,NA
"dummies","fertilizer_type",NA,"fertilizersAppliedLastHarvest_quimico","Que tipo de fertilizantes aplico para la cosecha 2023/2024?/Quimicos (urea nitrogeno formula cafetalera entre otros)",NA,NA,NA,NA,0,0,1,0,NA,NA,NA,NA,NA,NA,NA,NA,NA,NA,NA,NA,NA,NA,NA,NA,NA,NA,1,1,NA,NA,NA,NA,NA,NA,NA,NA,NA,NA,NA,NA
"select_multiple","coffee_process","E67","formInWhichCoffeeWasSold","En que forma vendio su cafe al ${buyer} durante la ultima cosecha uva mojado pergamino seco oro u otra forma?",TRUE,NA,NA,NA,0,0,0,2,0,0,0,0,0,0,0,0,NA,NA,NA,NA,NA,NA,NA,NA,NA,NA,1,1,"sales_repeat","sales_repeat",NA,NA,NA,NA,NA,NA,NA,NA,NA,NA
"dummies","coffee_process",NA,"formInWhichCoffeeWasSold/cherry","En que forma vendio su cafe al ${buyer} durante la ultima cosecha uva mojado pergamino seco oro u otra forma?/Uva",NA,NA,NA,NA,0,0,1,0,0,0,0,0,0,1,0,0,NA,NA,NA,NA,NA,NA,NA,NA,NA,NA,1,1,"sales_repeat","sales_repeat",NA,NA,NA,NA,NA,NA,NA,NA,NA,NA
"dummies","coffee_process",NA,"formInWhichCoffeeWasSold/cherry_buy","En que forma vendio su cafe al ${buyer} durante la ultima cosecha uva mojado pergamino seco oro u otra forma?/Uva",NA,NA,NA,NA,0,0,1,0,NA,NA,NA,NA,NA,NA,NA,NA,NA,NA,NA,NA,NA,NA,NA,NA,NA,NA,1,1,NA,NA,NA,NA,NA,NA,NA,NA,NA,NA,NA,NA
"dummies","coffee_process",NA,"formInWhichCoffeeWasSold/dry_parchment","En que forma vendio su cafe al ${buyer} durante la ultima cosecha uva mojado pergamino seco oro u otra forma?/Pergamino seco",NA,NA,NA,NA,0,0,1,0,0,0,0,0,0,1,0,0,NA,NA,NA,NA,NA,NA,NA,NA,NA,NA,1,1,"sales_repeat","sales_repeat",NA,NA,NA,NA,NA,NA,NA,NA,NA,NA
"dummies","coffee_process",NA,"formInWhichCoffeeWasSold/dry_parchment_buy","En que forma vendio su cafe al ${buyer} durante la ultima cosecha uva mojado pergamino seco oro u otra forma?/Pergamino seco",NA,NA,NA,NA,0,0,1,0,NA,NA,NA,NA,NA,NA,NA,NA,NA,NA,NA,NA,NA,NA,NA,NA,NA,NA,1,1,NA,NA,NA,NA,NA,NA,NA,NA,NA,NA,NA,NA
"dummies","coffee_process",NA,"formInWhichCoffeeWasSold/green","En que forma vendio su cafe al ${buyer} durante la ultima cosecha uva mojado pergamino seco oro u otra forma?/Oro",NA,NA,NA,NA,0,0,1,0,0,0,0,0,0,1,0,0,NA,NA,NA,NA,NA,NA,NA,NA,NA,NA,1,1,"sales_repeat","sales_repeat",NA,NA,NA,NA,NA,NA,NA,NA,NA,NA
"dummies","coffee_process",NA,"formInWhichCoffeeWasSold/green_buy","En que forma vendio su cafe al ${buyer} durante la ultima cosecha uva mojado pergamino seco oro u otra forma?/Oro",NA,NA,NA,NA,0,0,1,0,NA,NA,NA,NA,NA,NA,NA,NA,NA,NA,NA,NA,NA,NA,NA,NA,NA,NA,1,1,NA,NA,NA,NA,NA,NA,NA,NA,NA,NA,NA,NA
"dummies","coffee_process",NA,"formInWhichCoffeeWasSold/roasted","En que forma vendio su cafe al ${buyer} durante la ultima cosecha uva mojado pergamino seco oro u otra forma?/Tostado",NA,NA,NA,NA,0,0,1,0,0,0,0,0,0,1,0,0,NA,NA,NA,NA,NA,NA,NA,NA,NA,NA,1,1,"sales_repeat","sales_repeat",NA,NA,NA,NA,NA,NA,NA,NA,NA,NA
"dummies","coffee_process",NA,"formInWhichCoffeeWasSold/roasted_buy","En que forma vendio su cafe al ${buyer} durante la ultima cosecha uva mojado pergamino seco oro u otra forma?/Tostado",NA,NA,NA,NA,0,0,1,0,NA,NA,NA,NA,NA,NA,NA,NA,NA,NA,NA,NA,NA,NA,NA,NA,NA,NA,1,1,NA,NA,NA,NA,NA,NA,NA,NA,NA,NA,NA,NA
"dummies","coffee_process",NA,"formInWhichCoffeeWasSold/soaking_wet_parchment","En que forma vendio su cafe al ${buyer} durante la ultima cosecha uva mojado pergamino seco oro u otra forma?/Pergamino mojado/oreado",NA,NA,NA,NA,0,0,1,0,0,0,0,0,0,1,0,0,NA,NA,NA,NA,NA,NA,NA,NA,NA,NA,1,1,"sales_repeat","sales_repeat",NA,NA,NA,NA,NA,NA,NA,NA,NA,NA
"dummies","coffee_process",NA,"formInWhichCoffeeWasSold/soaking_wet_parchment_buy","En que forma vendio su cafe al ${buyer} durante la ultima cosecha uva mojado pergamino seco oro u otra forma?/Pergamino mojado/oreado",NA,NA,NA,NA,0,0,1,0,NA,NA,NA,NA,NA,NA,NA,NA,NA,NA,NA,NA,NA,NA,NA,NA,NA,NA,1,1,NA,NA,NA,NA,NA,NA,NA,NA,NA,NA,NA,NA
"select_one","frecuency_credit",NA,"frecuencyCoffeeCredits","Con que frecuenta adquiere deudas destinadas al cultivo del cafe?",TRUE,NA,NA,NA,0,0,0,1,NA,NA,NA,NA,NA,NA,NA,NA,NA,NA,NA,NA,NA,NA,NA,NA,NA,NA,0,1,NA,NA,NA,NA,NA,NA,NA,NA,NA,NA,NA,NA
"dummies","frecuency_credit",NA,"frecuencyCoffeeCredits_1","Con que frecuencia adquiere deudas destinadas al manejo del cafe?/Varias veces en una misma cosecha",NA,NA,NA,NA,0,0,1,0,NA,NA,NA,NA,NA,NA,NA,NA,NA,NA,NA,NA,NA,NA,NA,NA,NA,NA,0,1,NA,NA,NA,NA,NA,NA,NA,NA,NA,NA,NA,NA
"dummies","frecuency_credit",NA,"frecuencyCoffeeCredits_2","Con que frecuencia adquiere deudas destinadas al manejo del cafe?/Una vez cada cosecha",NA,NA,NA,NA,0,0,1,0,NA,NA,NA,NA,NA,NA,NA,NA,NA,NA,NA,NA,NA,NA,NA,NA,NA,NA,0,1,NA,NA,NA,NA,NA,NA,NA,NA,NA,NA,NA,NA
"dummies","frecuency_credit",NA,"frecuencyCoffeeCredits_3","Con que frecuencia adquiere deudas destinadas al manejo del cafe?/Algunas cosechas han solicitado y otras no",NA,NA,NA,NA,0,0,1,0,NA,NA,NA,NA,NA,NA,NA,NA,NA,NA,NA,NA,NA,NA,NA,NA,NA,NA,0,1,NA,NA,NA,NA,NA,NA,NA,NA,NA,NA,NA,NA
"dummies","frecuency_credit",NA,"frecuencyCoffeeCredits_4","Con que frecuencia adquiere deudas destinadas al manejo del cafe?/Nunca",NA,NA,NA,NA,0,0,1,0,NA,NA,NA,NA,NA,NA,NA,NA,NA,NA,NA,NA,NA,NA,NA,NA,NA,NA,0,1,NA,NA,NA,NA,NA,NA,NA,NA,NA,NA,NA,NA
"dummies","frecuency_credit",NA,"frecuencyCoffeeCredits_5","Con que frecuencia adquiere deudas destinadas al manejo del cafe?/No sabe/No responde",NA,NA,NA,NA,0,0,1,0,NA,NA,NA,NA,NA,NA,NA,NA,NA,NA,NA,NA,NA,NA,NA,NA,NA,NA,0,1,NA,NA,NA,NA,NA,NA,NA,NA,NA,NA,NA,NA
"select_one","tech_domain","F15","futurePracticesToImprove","Cual de estas practicas quiere mejorar en su finca en el futuro (o tiene previsto utilizarla en la cosecha 2023/2024)?",TRUE,NA,NA,NA,0,0,0,1,NA,NA,NA,NA,NA,NA,NA,NA,NA,NA,NA,NA,NA,NA,NA,NA,NA,NA,0,0,NA,NA,NA,NA,NA,NA,NA,NA,NA,NA,NA,NA
"select_one","gender_proportion","l22","genderContributionToCoffeeHarvest","Contribuyen por igual hombres y mujeres",TRUE,NA,NA,NA,0,0,0,1,NA,NA,NA,NA,NA,NA,NA,NA,NA,NA,NA,NA,NA,NA,NA,NA,NA,NA,1,0,NA,NA,NA,NA,NA,NA,NA,NA,NA,NA,NA,NA
"select_one","gender_proportion",NA,"genderContributionToCoffeeHarvest_equal","Contribuyen por igual hombres y mujeres/Trabajo a partes iguales",NA,NA,NA,NA,0,0,1,0,NA,NA,NA,NA,NA,NA,NA,NA,NA,NA,NA,NA,NA,NA,NA,NA,NA,NA,1,0,NA,NA,NA,NA,NA,NA,NA,NA,NA,NA,NA,NA
"select_one","gender_proportion",NA,"genderContributionToCoffeeHarvest_men_more","Contribuyen por igual hombres y mujeres/Los hombres trabajan mas",NA,NA,NA,NA,0,0,1,0,NA,NA,NA,NA,NA,NA,NA,NA,NA,NA,NA,NA,NA,NA,NA,NA,NA,NA,1,0,NA,NA,NA,NA,NA,NA,NA,NA,NA,NA,NA,NA
"select_one","gender_proportion",NA,"genderContributionToCoffeeHarvest_women_more","Contribuyen por igual hombres y mujeres/Las mujeres trabajan mas",NA,NA,NA,NA,0,0,1,0,NA,NA,NA,NA,NA,NA,NA,NA,NA,NA,NA,NA,NA,NA,NA,NA,NA,NA,1,0,NA,NA,NA,NA,NA,NA,NA,NA,NA,NA,NA,NA
"select_one","gender_proportion","L20","genderContributionToLandPreparation","Contribuyen por igual hombres y mujeres",TRUE,"(personPreparingLand == 'Hombre adulto' & personPreparingLand == 'Mujer adulta') | (personPreparingLand == 'Hombre adulto' & personPreparingLand == 'Mujer joven (15-30 anos)') | (personPreparingLand == 'Hombre adulto' & personPreparingLand == 'Nina (<15 anos)') | (personPreparingLand == 'Hombre joven (15-30 anos)' & personPreparingLand == 'Mujer adulta') | (personPreparingLand == 'Male_You",NA,NA,0,0,0,1,NA,NA,NA,NA,NA,NA,NA,NA,NA,NA,NA,NA,NA,NA,NA,NA,NA,NA,1,0,NA,NA,NA,NA,NA,NA,NA,NA,NA,NA,NA,NA
"select_one","gender_proportion",NA,"genderContributionToLandPreparation_equal","Contribuyen por igual hombres y mujeres/Trabajo a partes iguales",NA,NA,NA,NA,0,0,1,0,NA,NA,NA,NA,NA,NA,NA,NA,NA,NA,NA,NA,NA,NA,NA,NA,NA,NA,1,0,NA,NA,NA,NA,NA,NA,NA,NA,NA,NA,NA,NA
"select_one","gender_proportion",NA,"genderContributionToLandPreparation_men_more","Contribuyen por igual hombres y mujeres/Los hombres trabajan mas",NA,NA,NA,NA,0,0,1,0,NA,NA,NA,NA,NA,NA,NA,NA,NA,NA,NA,NA,NA,NA,NA,NA,NA,NA,1,0,NA,NA,NA,NA,NA,NA,NA,NA,NA,NA,NA,NA
"select_one","gender_proportion",NA,"genderContributionToLandPreparation_women_more","Contribuyen por igual hombres y mujeres/Las mujeres trabajan mas",NA,NA,NA,NA,0,0,1,0,NA,NA,NA,NA,NA,NA,NA,NA,NA,NA,NA,NA,NA,NA,NA,NA,NA,NA,1,0,NA,NA,NA,NA,NA,NA,NA,NA,NA,NA,NA,NA
"geopoint",NA,"A14","GPS","Coordenada GPS",TRUE,NA,NA,NA,0,0,0,0,NA,NA,NA,NA,NA,NA,NA,NA,NA,NA,NA,NA,NA,NA,NA,NA,NA,NA,0,1,NA,NA,20,NA,NA,NA,NA,NA,NA,NA,NA,NA
"geopoint",NA,"A14","X_GEOPOINT","Coordenada GPS",TRUE,NA,NA,NA,0,0,0,0,NA,NA,NA,NA,NA,NA,NA,NA,NA,NA,NA,NA,NA,NA,NA,NA,NA,NA,1,0,NA,NA,20,NA,NA,NA,NA,NA,NA,NA,NA,NA
"geopoint",NA,NA,"GPS","Coordenada GPS",TRUE,NA,NA,NA,0,0,0,0,NA,NA,NA,NA,NA,NA,NA,NA,NA,NA,NA,NA,NA,NA,NA,NA,NA,NA,0,1,NA,NA,20,NA,NA,NA,NA,NA,NA,NA,NA,NA
"geopoint",NA,NA,"Latitud","Coordenada GPS / Latitud",NA,NA,NA,NA,0,0,0,0,NA,NA,NA,NA,NA,NA,NA,NA,NA,NA,NA,NA,NA,NA,NA,NA,NA,NA,1,1,NA,NA,NA,NA,NA,NA,NA,NA,NA,NA,NA,NA
"geopoint",NA,NA,"Longitud","Coordenada GPS / Longitud",NA,NA,NA,NA,0,0,0,0,NA,NA,NA,NA,NA,NA,NA,NA,NA,NA,NA,NA,NA,NA,NA,NA,NA,NA,1,1,NA,NA,NA,NA,NA,NA,NA,NA,NA,NA,NA,NA
"geopoint",NA,NA,"X_GPS_latitude","Coordenada GPS / Latitud",NA,NA,NA,NA,0,0,0,0,NA,NA,NA,NA,NA,NA,NA,NA,NA,NA,NA,NA,NA,NA,NA,NA,NA,NA,0,0,NA,NA,NA,NA,NA,NA,NA,NA,NA,NA,NA,NA
"geopoint",NA,NA,"X_GPS_longitude","Coordenada GPS / Longitud",NA,NA,NA,NA,0,0,0,0,NA,NA,NA,NA,NA,NA,NA,NA,NA,NA,NA,NA,NA,NA,NA,NA,NA,NA,0,0,NA,NA,NA,NA,NA,NA,NA,NA,NA,NA,NA,NA
"geopoint",NA,NA,"X_GPS_altitude","Coordenada GPS / Altitud",NA,NA,NA,NA,0,0,0,0,NA,NA,NA,NA,NA,NA,NA,NA,NA,NA,NA,NA,NA,NA,NA,NA,NA,NA,0,1,NA,NA,23,NA,NA,NA,NA,NA,NA,NA,NA,NA
"geopoint",NA,NA,"X_GPS_precision","Coordenada GPS / Precisión",NA,NA,NA,NA,0,0,0,0,NA,NA,NA,NA,NA,NA,NA,NA,NA,NA,NA,NA,NA,NA,NA,NA,NA,NA,0,1,NA,NA,24,NA,NA,NA,NA,NA,NA,NA,NA,NA
"geopoint",NA,NA,"X_LATITUDE","Coordenada GPS / Latitud",NA,NA,NA,NA,0,0,0,0,NA,NA,NA,NA,NA,NA,NA,NA,NA,NA,NA,NA,NA,NA,NA,NA,NA,NA,0,0,NA,NA,NA,NA,NA,NA,NA,NA,NA,NA,NA,NA
"geopoint",NA,NA,"X_LONGITUDE","Coordenada GPS / Longitud",NA,NA,NA,NA,0,0,0,0,NA,NA,NA,NA,NA,NA,NA,NA,NA,NA,NA,NA,NA,NA,NA,NA,NA,NA,0,0,NA,NA,NA,NA,NA,NA,NA,NA,NA,NA,NA,NA
"geopoint",NA,NA,"X_ELEVATION","Coordenada GPS / Altitud",NA,NA,NA,NA,0,0,0,0,NA,NA,NA,NA,NA,NA,NA,NA,NA,NA,NA,NA,NA,NA,NA,NA,NA,NA,1,0,NA,NA,23,NA,NA,NA,NA,NA,NA,NA,NA,NA
"geopoint",NA,NA,"X_PRECISION","Coordenada GPS / Precisión",NA,NA,NA,NA,0,0,0,0,NA,NA,NA,NA,NA,NA,NA,NA,NA,NA,NA,NA,NA,NA,NA,NA,NA,NA,1,0,NA,NA,24,NA,NA,NA,NA,NA,NA,NA,NA,NA
"select_one","whereGPS","A15","gpsWhere","Dato del GPS corresponde a",TRUE,NA,NA,NA,0,0,0,1,NA,NA,NA,NA,NA,NA,NA,NA,NA,NA,NA,NA,NA,NA,NA,NA,NA,NA,0,1,NA,NA,NA,NA,NA,NA,NA,NA,NA,NA,NA,NA
"select_one","whereGPS",NA,"gpsWhere_farm","Dato del GPS corresponde a/La finca",NA,NA,NA,NA,0,0,1,0,NA,NA,NA,NA,NA,NA,NA,NA,NA,NA,NA,NA,NA,NA,NA,NA,NA,NA,0,1,NA,NA,NA,NA,NA,NA,NA,NA,NA,NA,NA,NA
"select_one","whereGPS",NA,"gpsWhere_home","Dato del GPS corresponde a/La casa",NA,NA,NA,NA,0,0,1,0,NA,NA,NA,NA,NA,NA,NA,NA,NA,NA,NA,NA,NA,NA,NA,NA,NA,NA,0,1,NA,NA,NA,NA,NA,NA,NA,NA,NA,NA,NA,NA
"select_one","whereGPS",NA,"gpsWhere_home_farm","Dato del GPS corresponde a/Casa y finca (estan juntas)",NA,NA,NA,NA,0,0,1,0,NA,NA,NA,NA,NA,NA,NA,NA,NA,NA,NA,NA,NA,NA,NA,NA,NA,NA,0,1,NA,NA,NA,NA,NA,NA,NA,NA,NA,NA,NA,NA
"select_one","whereGPS",NA,"gpsWhere_other","Dato del GPS corresponde a/Otro lugar",NA,NA,NA,NA,0,0,1,0,NA,NA,NA,NA,NA,NA,NA,NA,NA,NA,NA,NA,NA,NA,NA,NA,NA,NA,0,1,NA,NA,NA,NA,NA,NA,NA,NA,NA,NA,NA,NA
"select_multiple","e52","E52","harvestAndPostHarvestPractices","Que practicas de corte y cosecha realizo en el ultimo ciclo productivo?",TRUE,NA,"not(selected(${harvestAndPostHarvestPractices}, '78') and count-selected(${harvestAndPostHarvestPractices})>1)",NA,0,0,0,2,NA,NA,NA,NA,NA,NA,NA,NA,NA,NA,NA,NA,NA,NA,NA,NA,NA,NA,1,1,NA,NA,NA,NA,NA,NA,NA,NA,NA,NA,NA,NA
"dummies","e52",NA,"harvestAndPostHarvestPractices/1","Que practicas de corte y cosecha realizo en el ultimo ciclo productivo? /Requema (primer corte)",NA,NA,NA,NA,0,0,1,0,NA,NA,NA,NA,NA,NA,NA,NA,NA,NA,NA,NA,NA,NA,NA,NA,NA,NA,1,1,NA,NA,NA,NA,NA,NA,NA,NA,NA,NA,NA,NA
"dummies","e52",NA,"harvestAndPostHarvestPractices/2","Que practicas de corte y cosecha realizo en el ultimo ciclo productivo? /Cosecha (recolecto los granos maduros)",NA,NA,NA,NA,0,0,1,0,NA,NA,NA,NA,NA,NA,NA,NA,NA,NA,NA,NA,NA,NA,NA,NA,NA,NA,1,1,NA,NA,NA,NA,NA,NA,NA,NA,NA,NA,NA,NA
"dummies","e52",NA,"harvestAndPostHarvestPractices/3","Que practicas de corte y cosecha realizo en el ultimo ciclo productivo? /Repela (ultimo corte)",NA,NA,NA,NA,0,0,1,0,NA,NA,NA,NA,NA,NA,NA,NA,NA,NA,NA,NA,NA,NA,NA,NA,NA,NA,1,1,NA,NA,NA,NA,NA,NA,NA,NA,NA,NA,NA,NA
"dummies","e52",NA,"harvestAndPostHarvestPractices/4","Que practicas de corte y cosecha realizo en el ultimo ciclo productivo? /Pepena (recolecto manualmente los granos de cafe)",NA,NA,NA,NA,0,0,1,0,NA,NA,NA,NA,NA,NA,NA,NA,NA,NA,NA,NA,NA,NA,NA,NA,NA,NA,1,1,NA,NA,NA,NA,NA,NA,NA,NA,NA,NA,NA,NA
"dummies","e52",NA,"harvestAndPostHarvestPractices/78","Que practicas de corte y cosecha realizo en el ultimo ciclo productivo? /Ninguna",NA,NA,NA,NA,0,0,1,0,NA,NA,NA,NA,NA,NA,NA,NA,NA,NA,NA,NA,NA,NA,NA,NA,NA,NA,0,1,NA,NA,NA,NA,NA,NA,NA,NA,NA,NA,NA,NA
"select_one","months","E50","harvestSeasonEndMonth_aux","En que mes termino la cosecha de cafe en su finca?",TRUE,NA,NA,NA,0,0,0,2,NA,NA,NA,NA,NA,NA,NA,NA,NA,NA,NA,NA,NA,NA,NA,NA,NA,NA,1,0,NA,NA,NA,NA,NA,NA,NA,NA,NA,NA,NA,NA
"dummies","months",NA,"harvestSeasonEndMonth_aux/apr","En que mes termino la cosecha de cafe en su finca?/Abr",NA,NA,NA,NA,0,0,1,0,NA,NA,NA,NA,NA,NA,NA,NA,NA,NA,NA,NA,NA,NA,NA,NA,NA,NA,1,0,NA,NA,NA,NA,NA,NA,NA,NA,NA,NA,NA,NA
"dummies","months",NA,"harvestSeasonEndMonth_aux/aug","En que mes termino la cosecha de cafe en su finca?/Ago",NA,NA,NA,NA,0,0,1,0,NA,NA,NA,NA,NA,NA,NA,NA,NA,NA,NA,NA,NA,NA,NA,NA,NA,NA,0,0,NA,NA,NA,NA,NA,NA,NA,NA,NA,NA,NA,NA
"dummies","months",NA,"harvestSeasonEndMonth_aux/dec","En que mes termino la cosecha de cafe en su finca?/Dic",NA,NA,NA,NA,0,0,1,0,NA,NA,NA,NA,NA,NA,NA,NA,NA,NA,NA,NA,NA,NA,NA,NA,NA,NA,1,0,NA,NA,NA,NA,NA,NA,NA,NA,NA,NA,NA,NA
"dummies","months",NA,"harvestSeasonEndMonth_aux/feb","En que mes termino la cosecha de cafe en su finca?/Feb",NA,NA,NA,NA,0,0,1,0,NA,NA,NA,NA,NA,NA,NA,NA,NA,NA,NA,NA,NA,NA,NA,NA,NA,NA,1,0,NA,NA,NA,NA,NA,NA,NA,NA,NA,NA,NA,NA
"dummies","months",NA,"harvestSeasonEndMonth_aux/jan","En que mes termino la cosecha de cafe en su finca?/Ene",NA,NA,NA,NA,0,0,1,0,NA,NA,NA,NA,NA,NA,NA,NA,NA,NA,NA,NA,NA,NA,NA,NA,NA,NA,1,0,NA,NA,NA,NA,NA,NA,NA,NA,NA,NA,NA,NA
"dummies","months",NA,"harvestSeasonEndMonth_aux/jul","En que mes termino la cosecha de cafe en su finca?/Jul",NA,NA,NA,NA,0,0,1,0,NA,NA,NA,NA,NA,NA,NA,NA,NA,NA,NA,NA,NA,NA,NA,NA,NA,NA,0,0,NA,NA,NA,NA,NA,NA,NA,NA,NA,NA,NA,NA
"dummies","months",NA,"harvestSeasonEndMonth_aux/jun","En que mes termino la cosecha de cafe en su finca?/Jun",NA,NA,NA,NA,0,0,1,0,NA,NA,NA,NA,NA,NA,NA,NA,NA,NA,NA,NA,NA,NA,NA,NA,NA,NA,1,0,NA,NA,NA,NA,NA,NA,NA,NA,NA,NA,NA,NA
"dummies","months",NA,"harvestSeasonEndMonth_aux/mar","En que mes termino la cosecha de cafe en su finca?/Mar",NA,NA,NA,NA,0,0,1,0,NA,NA,NA,NA,NA,NA,NA,NA,NA,NA,NA,NA,NA,NA,NA,NA,NA,NA,1,0,NA,NA,NA,NA,NA,NA,NA,NA,NA,NA,NA,NA
"dummies","months",NA,"harvestSeasonEndMonth_aux/may","En que mes termino la cosecha de cafe en su finca?/May",NA,NA,NA,NA,0,0,1,0,NA,NA,NA,NA,NA,NA,NA,NA,NA,NA,NA,NA,NA,NA,NA,NA,NA,NA,1,0,NA,NA,NA,NA,NA,NA,NA,NA,NA,NA,NA,NA
"dummies","months",NA,"harvestSeasonEndMonth_aux/no_answer","En que mes termino la cosecha de cafe en su finca?/Sin respuesta",NA,NA,NA,NA,0,0,1,0,NA,NA,NA,NA,NA,NA,NA,NA,NA,NA,NA,NA,NA,NA,NA,NA,NA,NA,0,0,NA,NA,NA,NA,NA,NA,NA,NA,NA,NA,NA,NA
"dummies","months",NA,"harvestSeasonEndMonth_aux/nov","En que mes termino la cosecha de cafe en su finca?/Nov",NA,NA,NA,NA,0,0,1,0,NA,NA,NA,NA,NA,NA,NA,NA,NA,NA,NA,NA,NA,NA,NA,NA,NA,NA,1,0,NA,NA,NA,NA,NA,NA,NA,NA,NA,NA,NA,NA
"dummies","months",NA,"harvestSeasonEndMonth_aux/oct","En que mes termino la cosecha de cafe en su finca?/Oct",NA,NA,NA,NA,0,0,1,0,NA,NA,NA,NA,NA,NA,NA,NA,NA,NA,NA,NA,NA,NA,NA,NA,NA,NA,1,0,NA,NA,NA,NA,NA,NA,NA,NA,NA,NA,NA,NA
"dummies","months",NA,"harvestSeasonEndMonth_aux/sep","En que mes termino la cosecha de cafe en su finca?/Sep",NA,NA,NA,NA,0,0,1,0,NA,NA,NA,NA,NA,NA,NA,NA,NA,NA,NA,NA,NA,NA,NA,NA,NA,NA,1,0,NA,NA,NA,NA,NA,NA,NA,NA,NA,NA,NA,NA
"select_one","months","E49","harvestSeasonStartMonth_aux","En que mes comenzo la cosecha de cafe en su finca?",TRUE,NA,NA,NA,0,0,0,2,NA,NA,NA,NA,NA,NA,NA,NA,NA,NA,NA,NA,NA,NA,NA,NA,NA,NA,1,0,NA,NA,NA,NA,NA,NA,NA,NA,NA,NA,NA,NA
"dummies","months",NA,"harvestSeasonStartMonth_aux/apr","En que mes comenzo la cosecha de cafe en su finca?/Abr",NA,NA,NA,NA,0,0,1,0,NA,NA,NA,NA,NA,NA,NA,NA,NA,NA,NA,NA,NA,NA,NA,NA,NA,NA,0,0,NA,NA,NA,NA,NA,NA,NA,NA,NA,NA,NA,NA
"dummies","months",NA,"harvestSeasonStartMonth_aux/aug","En que mes comenzo la cosecha de cafe en su finca?/Ago",NA,NA,NA,NA,0,0,1,0,NA,NA,NA,NA,NA,NA,NA,NA,NA,NA,NA,NA,NA,NA,NA,NA,NA,NA,1,0,NA,NA,NA,NA,NA,NA,NA,NA,NA,NA,NA,NA
"dummies","months",NA,"harvestSeasonStartMonth_aux/dec","En que mes comenzo la cosecha de cafe en su finca?/Dic",NA,NA,NA,NA,0,0,1,0,NA,NA,NA,NA,NA,NA,NA,NA,NA,NA,NA,NA,NA,NA,NA,NA,NA,NA,1,0,NA,NA,NA,NA,NA,NA,NA,NA,NA,NA,NA,NA
"dummies","months",NA,"harvestSeasonStartMonth_aux/feb","En que mes comenzo la cosecha de cafe en su finca?/Feb",NA,NA,NA,NA,0,0,1,0,NA,NA,NA,NA,NA,NA,NA,NA,NA,NA,NA,NA,NA,NA,NA,NA,NA,NA,1,0,NA,NA,NA,NA,NA,NA,NA,NA,NA,NA,NA,NA
"dummies","months",NA,"harvestSeasonStartMonth_aux/jan","En que mes comenzo la cosecha de cafe en su finca?/Ene",NA,NA,NA,NA,0,0,1,0,NA,NA,NA,NA,NA,NA,NA,NA,NA,NA,NA,NA,NA,NA,NA,NA,NA,NA,1,0,NA,NA,NA,NA,NA,NA,NA,NA,NA,NA,NA,NA
"dummies","months",NA,"harvestSeasonStartMonth_aux/jul","En que mes comenzo la cosecha de cafe en su finca?/Jul",NA,NA,NA,NA,0,0,1,0,NA,NA,NA,NA,NA,NA,NA,NA,NA,NA,NA,NA,NA,NA,NA,NA,NA,NA,0,0,NA,NA,NA,NA,NA,NA,NA,NA,NA,NA,NA,NA
"dummies","months",NA,"harvestSeasonStartMonth_aux/jun","En que mes comenzo la cosecha de cafe en su finca?/Jun",NA,NA,NA,NA,0,0,1,0,NA,NA,NA,NA,NA,NA,NA,NA,NA,NA,NA,NA,NA,NA,NA,NA,NA,NA,0,0,NA,NA,NA,NA,NA,NA,NA,NA,NA,NA,NA,NA
"dummies","months",NA,"harvestSeasonStartMonth_aux/mar","En que mes comenzo la cosecha de cafe en su finca?/Mar",NA,NA,NA,NA,0,0,1,0,NA,NA,NA,NA,NA,NA,NA,NA,NA,NA,NA,NA,NA,NA,NA,NA,NA,NA,0,0,NA,NA,NA,NA,NA,NA,NA,NA,NA,NA,NA,NA
"dummies","months",NA,"harvestSeasonStartMonth_aux/may","En que mes comenzo la cosecha de cafe en su finca?/May",NA,NA,NA,NA,0,0,1,0,NA,NA,NA,NA,NA,NA,NA,NA,NA,NA,NA,NA,NA,NA,NA,NA,NA,NA,0,0,NA,NA,NA,NA,NA,NA,NA,NA,NA,NA,NA,NA
"dummies","months",NA,"harvestSeasonStartMonth_aux/no_answer","En que mes comenzo la cosecha de cafe en su finca?/Sin respuesta",NA,NA,NA,NA,0,0,1,0,NA,NA,NA,NA,NA,NA,NA,NA,NA,NA,NA,NA,NA,NA,NA,NA,NA,NA,1,0,NA,NA,NA,NA,NA,NA,NA,NA,NA,NA,NA,NA
"dummies","months",NA,"harvestSeasonStartMonth_aux/nov","En que mes comenzo la cosecha de cafe en su finca?/Nov",NA,NA,NA,NA,0,0,1,0,NA,NA,NA,NA,NA,NA,NA,NA,NA,NA,NA,NA,NA,NA,NA,NA,NA,NA,1,0,NA,NA,NA,NA,NA,NA,NA,NA,NA,NA,NA,NA
"dummies","months",NA,"harvestSeasonStartMonth_aux/oct","En que mes comenzo la cosecha de cafe en su finca?/Oct",NA,NA,NA,NA,0,0,1,0,NA,NA,NA,NA,NA,NA,NA,NA,NA,NA,NA,NA,NA,NA,NA,NA,NA,NA,1,0,NA,NA,NA,NA,NA,NA,NA,NA,NA,NA,NA,NA
"dummies","months",NA,"harvestSeasonStartMonth_aux/sep","En que mes comenzo la cosecha de cafe en su finca?/Sep",NA,NA,NA,NA,0,0,1,0,NA,NA,NA,NA,NA,NA,NA,NA,NA,NA,NA,NA,NA,NA,NA,NA,NA,NA,1,0,NA,NA,NA,NA,NA,NA,NA,NA,NA,NA,NA,NA
"select_one","months",NA,"harvestSeasonEndMonth","En que mes termino la cosecha de cafe en su finca?",TRUE,NA,NA,NA,0,0,0,1,NA,NA,NA,NA,NA,NA,NA,NA,NA,NA,NA,NA,NA,NA,NA,NA,NA,NA,0,1,NA,NA,NA,NA,NA,NA,NA,NA,NA,NA,NA,NA
"dummies","months",NA,"harvestSeasonEndMonth_apr","En que mes termino la cosecha de cafe en su finca?/Abr",NA,NA,NA,NA,0,0,1,0,NA,NA,NA,NA,NA,NA,NA,NA,NA,NA,NA,NA,NA,NA,NA,NA,NA,NA,0,1,NA,NA,NA,NA,NA,NA,NA,NA,NA,NA,NA,NA
"dummies","months",NA,"harvestSeasonEndMonth_aug","En que mes termino la cosecha de cafe en su finca?/Ago",NA,NA,NA,NA,0,0,1,0,NA,NA,NA,NA,NA,NA,NA,NA,NA,NA,NA,NA,NA,NA,NA,NA,NA,NA,0,1,NA,NA,NA,NA,NA,NA,NA,NA,NA,NA,NA,NA
"dummies","months",NA,"harvestSeasonEndMonth_dec","En que mes termino la cosecha de cafe en su finca?/Dic",NA,NA,NA,NA,0,0,1,0,NA,NA,NA,NA,NA,NA,NA,NA,NA,NA,NA,NA,NA,NA,NA,NA,NA,NA,0,1,NA,NA,NA,NA,NA,NA,NA,NA,NA,NA,NA,NA
"dummies","months",NA,"harvestSeasonEndMonth_feb","En que mes termino la cosecha de cafe en su finca?/Feb",NA,NA,NA,NA,0,0,1,0,NA,NA,NA,NA,NA,NA,NA,NA,NA,NA,NA,NA,NA,NA,NA,NA,NA,NA,0,1,NA,NA,NA,NA,NA,NA,NA,NA,NA,NA,NA,NA
"dummies","months",NA,"harvestSeasonEndMonth_jan","En que mes termino la cosecha de cafe en su finca?/Ene",NA,NA,NA,NA,0,0,1,0,NA,NA,NA,NA,NA,NA,NA,NA,NA,NA,NA,NA,NA,NA,NA,NA,NA,NA,0,1,NA,NA,NA,NA,NA,NA,NA,NA,NA,NA,NA,NA
"dummies","months",NA,"harvestSeasonEndMonth_jul","En que mes termino la cosecha de cafe en su finca?/Jul",NA,NA,NA,NA,0,0,1,0,NA,NA,NA,NA,NA,NA,NA,NA,NA,NA,NA,NA,NA,NA,NA,NA,NA,NA,0,1,NA,NA,NA,NA,NA,NA,NA,NA,NA,NA,NA,NA
"dummies","months",NA,"harvestSeasonEndMonth_jun","En que mes termino la cosecha de cafe en su finca?/Jun",NA,NA,NA,NA,0,0,1,0,NA,NA,NA,NA,NA,NA,NA,NA,NA,NA,NA,NA,NA,NA,NA,NA,NA,NA,0,1,NA,NA,NA,NA,NA,NA,NA,NA,NA,NA,NA,NA
"dummies","months",NA,"harvestSeasonEndMonth_mar","En que mes termino la cosecha de cafe en su finca?/Mar",NA,NA,NA,NA,0,0,1,0,NA,NA,NA,NA,NA,NA,NA,NA,NA,NA,NA,NA,NA,NA,NA,NA,NA,NA,0,1,NA,NA,NA,NA,NA,NA,NA,NA,NA,NA,NA,NA
"dummies","months",NA,"harvestSeasonEndMonth_may","En que mes termino la cosecha de cafe en su finca?/May",NA,NA,NA,NA,0,0,1,0,NA,NA,NA,NA,NA,NA,NA,NA,NA,NA,NA,NA,NA,NA,NA,NA,NA,NA,0,1,NA,NA,NA,NA,NA,NA,NA,NA,NA,NA,NA,NA
"dummies","months",NA,"harvestSeasonEndMonth_no_answer","En que mes termino la cosecha de cafe en su finca?/Sin respuesta",NA,NA,NA,NA,0,0,1,0,NA,NA,NA,NA,NA,NA,NA,NA,NA,NA,NA,NA,NA,NA,NA,NA,NA,NA,0,1,NA,NA,NA,NA,NA,NA,NA,NA,NA,NA,NA,NA
"dummies","months",NA,"harvestSeasonEndMonth_nov","En que mes termino la cosecha de cafe en su finca?/Nov",NA,NA,NA,NA,0,0,1,0,NA,NA,NA,NA,NA,NA,NA,NA,NA,NA,NA,NA,NA,NA,NA,NA,NA,NA,0,1,NA,NA,NA,NA,NA,NA,NA,NA,NA,NA,NA,NA
"dummies","months",NA,"harvestSeasonEndMonth_oct","En que mes termino la cosecha de cafe en su finca?/Oct",NA,NA,NA,NA,0,0,1,0,NA,NA,NA,NA,NA,NA,NA,NA,NA,NA,NA,NA,NA,NA,NA,NA,NA,NA,0,1,NA,NA,NA,NA,NA,NA,NA,NA,NA,NA,NA,NA
"dummies","months",NA,"harvestSeasonEndMonth_sep","En que mes termino la cosecha de cafe en su finca?/Sep",NA,NA,NA,NA,0,0,1,0,NA,NA,NA,NA,NA,NA,NA,NA,NA,NA,NA,NA,NA,NA,NA,NA,NA,NA,0,1,NA,NA,NA,NA,NA,NA,NA,NA,NA,NA,NA,NA
"select_one","months",NA,"harvestSeasonStartMonth","En que mes comenzo la cosecha de cafe en su finca?",TRUE,NA,NA,NA,0,0,0,1,NA,NA,NA,NA,NA,NA,NA,NA,NA,NA,NA,NA,NA,NA,NA,NA,NA,NA,0,1,NA,NA,NA,NA,NA,NA,NA,NA,NA,NA,NA,NA
"dummies","months",NA,"harvestSeasonStartMonth_apr","En que mes comenzo la cosecha de cafe en su finca?/Abr",NA,NA,NA,NA,0,0,1,0,NA,NA,NA,NA,NA,NA,NA,NA,NA,NA,NA,NA,NA,NA,NA,NA,NA,NA,0,1,NA,NA,NA,NA,NA,NA,NA,NA,NA,NA,NA,NA
"dummies","months",NA,"harvestSeasonStartMonth_aug","En que mes comenzo la cosecha de cafe en su finca?/Ago",NA,NA,NA,NA,0,0,1,0,NA,NA,NA,NA,NA,NA,NA,NA,NA,NA,NA,NA,NA,NA,NA,NA,NA,NA,0,1,NA,NA,NA,NA,NA,NA,NA,NA,NA,NA,NA,NA
"dummies","months",NA,"harvestSeasonStartMonth_dec","En que mes comenzo la cosecha de cafe en su finca?/Dic",NA,NA,NA,NA,0,0,1,0,NA,NA,NA,NA,NA,NA,NA,NA,NA,NA,NA,NA,NA,NA,NA,NA,NA,NA,0,1,NA,NA,NA,NA,NA,NA,NA,NA,NA,NA,NA,NA
"dummies","months",NA,"harvestSeasonStartMonth_feb","En que mes comenzo la cosecha de cafe en su finca?/Feb",NA,NA,NA,NA,0,0,1,0,NA,NA,NA,NA,NA,NA,NA,NA,NA,NA,NA,NA,NA,NA,NA,NA,NA,NA,0,1,NA,NA,NA,NA,NA,NA,NA,NA,NA,NA,NA,NA
"dummies","months",NA,"harvestSeasonStartMonth_jan","En que mes comenzo la cosecha de cafe en su finca?/Ene",NA,NA,NA,NA,0,0,1,0,NA,NA,NA,NA,NA,NA,NA,NA,NA,NA,NA,NA,NA,NA,NA,NA,NA,NA,0,1,NA,NA,NA,NA,NA,NA,NA,NA,NA,NA,NA,NA
"dummies","months",NA,"harvestSeasonStartMonth_jul","En que mes comenzo la cosecha de cafe en su finca?/Jul",NA,NA,NA,NA,0,0,1,0,NA,NA,NA,NA,NA,NA,NA,NA,NA,NA,NA,NA,NA,NA,NA,NA,NA,NA,0,1,NA,NA,NA,NA,NA,NA,NA,NA,NA,NA,NA,NA
"dummies","months",NA,"harvestSeasonStartMonth_jun","En que mes comenzo la cosecha de cafe en su finca?/Jun",NA,NA,NA,NA,0,0,1,0,NA,NA,NA,NA,NA,NA,NA,NA,NA,NA,NA,NA,NA,NA,NA,NA,NA,NA,0,1,NA,NA,NA,NA,NA,NA,NA,NA,NA,NA,NA,NA
"dummies","months",NA,"harvestSeasonStartMonth_mar","En que mes comenzo la cosecha de cafe en su finca?/Mar",NA,NA,NA,NA,0,0,1,0,NA,NA,NA,NA,NA,NA,NA,NA,NA,NA,NA,NA,NA,NA,NA,NA,NA,NA,0,1,NA,NA,NA,NA,NA,NA,NA,NA,NA,NA,NA,NA
"dummies","months",NA,"harvestSeasonStartMonth_may","En que mes comenzo la cosecha de cafe en su finca?/May",NA,NA,NA,NA,0,0,1,0,NA,NA,NA,NA,NA,NA,NA,NA,NA,NA,NA,NA,NA,NA,NA,NA,NA,NA,0,1,NA,NA,NA,NA,NA,NA,NA,NA,NA,NA,NA,NA
"dummies","months",NA,"harvestSeasonStartMonth_no_answer","En que mes comenzo la cosecha de cafe en su finca?/Sin respuesta",NA,NA,NA,NA,0,0,1,0,NA,NA,NA,NA,NA,NA,NA,NA,NA,NA,NA,NA,NA,NA,NA,NA,NA,NA,0,1,NA,NA,NA,NA,NA,NA,NA,NA,NA,NA,NA,NA
"dummies","months",NA,"harvestSeasonStartMonth_nov","En que mes comenzo la cosecha de cafe en su finca?/Nov",NA,NA,NA,NA,0,0,1,0,NA,NA,NA,NA,NA,NA,NA,NA,NA,NA,NA,NA,NA,NA,NA,NA,NA,NA,0,1,NA,NA,NA,NA,NA,NA,NA,NA,NA,NA,NA,NA
"dummies","months",NA,"harvestSeasonStartMonth_oct","En que mes comenzo la cosecha de cafe en su finca?/Oct",NA,NA,NA,NA,0,0,1,0,NA,NA,NA,NA,NA,NA,NA,NA,NA,NA,NA,NA,NA,NA,NA,NA,NA,NA,0,1,NA,NA,NA,NA,NA,NA,NA,NA,NA,NA,NA,NA
"dummies","months",NA,"harvestSeasonStartMonth_sep","En que mes comenzo la cosecha de cafe en su finca?/Sep",NA,NA,NA,NA,0,0,1,0,NA,NA,NA,NA,NA,NA,NA,NA,NA,NA,NA,NA,NA,NA,NA,NA,NA,NA,0,1,NA,NA,NA,NA,NA,NA,NA,NA,NA,NA,NA,NA
"select_one","internet_access","D3","hasInternetAtHome","Hay acceso a Internet en su casa o finca?",TRUE,NA,NA,NA,0,0,0,1,NA,NA,NA,NA,NA,NA,NA,NA,NA,NA,NA,NA,NA,NA,NA,NA,NA,NA,1,1,NA,NA,NA,NA,NA,NA,NA,NA,NA,NA,NA,NA
"dummies","internet_access",NA,"hasInternetAtHome_1","Como accede a internet la mayor parte del tiempo?/Tiene internet en su casa o finca",NA,NA,NA,NA,0,0,1,0,NA,NA,NA,NA,NA,NA,NA,NA,NA,NA,NA,NA,NA,NA,NA,NA,NA,NA,0,1,NA,NA,NA,NA,NA,NA,NA,NA,NA,NA,NA,NA
"dummies","internet_access",NA,"hasInternetAtHome_2","Como accede a internet la mayor parte del tiempo?/Sale a la comunidad para buscar senal",NA,NA,NA,NA,0,0,1,0,NA,NA,NA,NA,NA,NA,NA,NA,NA,NA,NA,NA,NA,NA,NA,NA,NA,NA,0,1,NA,NA,NA,NA,NA,NA,NA,NA,NA,NA,NA,NA
"dummies","internet_access",NA,"hasInternetAtHome_3","Como accede a internet la mayor parte del tiempo?/Sale a la ciudad mas cercana para buscar senal",NA,NA,NA,NA,0,0,1,0,NA,NA,NA,NA,NA,NA,NA,NA,NA,NA,NA,NA,NA,NA,NA,NA,NA,NA,0,1,NA,NA,NA,NA,NA,NA,NA,NA,NA,NA,NA,NA
"dummies","internet_access",NA,"hasInternetAtHome_4","Como accede a internet la mayor parte del tiempo?/No hace uso de internet",NA,NA,NA,NA,0,0,1,0,NA,NA,NA,NA,NA,NA,NA,NA,NA,NA,NA,NA,NA,NA,NA,NA,NA,NA,0,1,NA,NA,NA,NA,NA,NA,NA,NA,NA,NA,NA,NA
"dummies","internet_access",NA,"hasInternetAtHome_78","Como accede a internet la mayor parte del tiempo?/No sabe",NA,NA,NA,NA,0,0,1,0,NA,NA,NA,NA,NA,NA,NA,NA,NA,NA,NA,NA,NA,NA,NA,NA,NA,NA,0,1,NA,NA,NA,NA,NA,NA,NA,NA,NA,NA,NA,NA
"select_one","internet_access",NA,"hasInternetAtHome_N","Tiene acceso a internet en su hogar?/No",NA,NA,NA,NA,0,0,1,0,NA,NA,NA,NA,NA,NA,NA,NA,NA,NA,NA,NA,NA,NA,NA,NA,NA,NA,1,0,NA,NA,NA,NA,NA,NA,NA,NA,NA,NA,NA,NA
"select_one","internet_access",NA,"hasInternetAtHome_no_answer","Tiene acceso a internet en su hogar?/Sin respuesta",NA,NA,NA,NA,0,0,1,0,NA,NA,NA,NA,NA,NA,NA,NA,NA,NA,NA,NA,NA,NA,NA,NA,NA,NA,1,0,NA,NA,NA,NA,NA,NA,NA,NA,NA,NA,NA,NA
"select_one","internet_access",NA,"hasInternetAtHome_Y","Tiene acceso a internet en su hogar?/Si",NA,NA,NA,NA,0,0,1,0,NA,NA,NA,NA,NA,NA,NA,NA,NA,NA,NA,NA,NA,NA,NA,NA,NA,NA,1,0,NA,NA,NA,NA,NA,NA,NA,NA,NA,NA,NA,NA
"select_one","yes_no","C9","hasMigratedInThePastYear","Esta persona ha tenido que migrar en el ultimo ano? Por persona",TRUE,NA,NA,NA,0,0,1,0,0,0,0,0,1,0,0,0,NA,NA,NA,NA,NA,NA,NA,NA,NA,NA,1,0,"hh_pop_repeat",NA,NA,NA,NA,NA,NA,NA,NA,NA,NA,NA
"select_one","yes_no",NA,"hasMigratedInThePastYear_pop","Esta persona ha tenido que migrar en el ultimo ano?",NA,NA,NA,NA,1,0,0,0,NA,NA,NA,NA,NA,NA,NA,NA,NA,NA,NA,NA,NA,NA,NA,NA,NA,NA,1,0,NA,NA,NA,NA,NA,NA,NA,NA,NA,NA,NA,NA
"select_one","snn","D2","hasSmartphone","Su telefono movil es inteligente (tiene pantalla tactil)?",TRUE,"${householdHasMobilePhone} = 'Y'",NA,NA,0,0,1,0,NA,NA,NA,NA,NA,NA,NA,NA,NA,NA,NA,NA,NA,NA,NA,NA,NA,NA,1,1,NA,NA,NA,NA,NA,NA,NA,NA,NA,NA,NA,NA
"select_one","male_female",NA,"headGender","La persona entrevistada es hombre o mujer?",TRUE,"selected(${isProducerReplacement}, 'N') or selected(${producerCheck}, 'N')",NA,NA,0,0,0,1,NA,NA,NA,NA,NA,NA,NA,NA,NA,NA,NA,NA,NA,NA,NA,NA,NA,NA,0,1,NA,NA,NA,NA,NA,NA,NA,NA,NA,NA,NA,NA
"dummies","male_female",NA,"headGender_F","La persona entrevistada es hombre o mujer?/Mujer",NA,NA,NA,NA,0,0,1,0,NA,NA,NA,NA,NA,NA,NA,NA,NA,NA,NA,NA,NA,NA,NA,NA,NA,NA,0,1,NA,NA,NA,NA,NA,NA,NA,NA,NA,NA,NA,NA
"dummies","male_female",NA,"headGender_M","La persona entrevistada es hombre o mujer?/Hombre",NA,NA,NA,NA,0,0,1,0,NA,NA,NA,NA,NA,NA,NA,NA,NA,NA,NA,NA,NA,NA,NA,NA,NA,NA,0,1,NA,NA,NA,NA,NA,NA,NA,NA,NA,NA,NA,NA
"dummies","male_female",NA,"headGender_no_answer","La persona entrevistada es hombre o mujer?/Sin respuesta",NA,NA,NA,NA,0,0,1,0,NA,NA,NA,NA,NA,NA,NA,NA,NA,NA,NA,NA,NA,NA,NA,NA,NA,NA,0,1,NA,NA,NA,NA,NA,NA,NA,NA,NA,NA,NA,NA
"select_one","male_female",NA,"headGenderReplacement","El productor es hombre o mujer?",TRUE,"selected(${surveyID}, 'other')",NA,NA,0,0,0,1,NA,NA,NA,NA,NA,NA,NA,NA,NA,NA,NA,NA,NA,NA,NA,NA,NA,NA,0,1,NA,NA,NA,NA,NA,NA,NA,NA,NA,NA,NA,NA
"dummies","male_female",NA,"headGenderReplacement_F","El productor es hombre o mujer?/Mujer",NA,NA,NA,NA,0,0,1,0,NA,NA,NA,NA,NA,NA,NA,NA,NA,NA,NA,NA,NA,NA,NA,NA,NA,NA,0,1,NA,NA,NA,NA,NA,NA,NA,NA,NA,NA,NA,NA
"dummies","male_female",NA,"headGenderReplacement_M","El productor es hombre o mujer?/Hombre",NA,NA,NA,NA,0,0,1,0,NA,NA,NA,NA,NA,NA,NA,NA,NA,NA,NA,NA,NA,NA,NA,NA,NA,NA,0,1,NA,NA,NA,NA,NA,NA,NA,NA,NA,NA,NA,NA
"dummies","male_female",NA,"headGenderReplacement_no_answer","El productor es hombre o mujer?/Sin respuesta",NA,NA,NA,NA,0,0,1,0,NA,NA,NA,NA,NA,NA,NA,NA,NA,NA,NA,NA,NA,NA,NA,NA,NA,NA,0,1,NA,NA,NA,NA,NA,NA,NA,NA,NA,NA,NA,NA
"select_multiple","tech_support_who","F14","helperInImplementingPractices","Quien le ayudo a implementar las practicas?",TRUE,NA,NA,NA,0,0,0,2,0,0,0,0,0,0,0,0,NA,NA,NA,NA,NA,NA,NA,NA,NA,NA,1,0,"tech_repeat",NA,NA,NA,NA,NA,NA,NA,NA,NA,NA,NA
"select_multiple","tech_support_who",NA,"helperInImplementingPractices/agri_business","Quien le ayudo a implementar las practicas? Por práctica/Agrocomerciantes (empresa privada)",NA,NA,NA,NA,0,0,1,0,0,0,0,0,0,1,0,0,NA,NA,NA,NA,NA,NA,NA,NA,NA,NA,1,0,"tech_repeat",NA,NA,NA,NA,NA,NA,NA,NA,NA,NA,NA
"select_multiple","tech_support_who",NA,"helperInImplementingPractices/agri_business_tec","Quien le ayudo a implementar las practicas?/Agrocomerciantes (empresa privada)",NA,NA,NA,NA,0,0,1,0,NA,NA,NA,NA,NA,NA,NA,NA,NA,NA,NA,NA,NA,NA,NA,NA,NA,NA,1,0,NA,NA,NA,NA,NA,NA,NA,NA,NA,NA,NA,NA
"select_multiple","tech_support_who",NA,"helperInImplementingPractices/Credit_union_coop","Quien le ayudo a implementar las practicas? Por práctica/Cooperativa de credito",NA,NA,NA,NA,0,0,1,0,0,0,0,0,0,1,0,0,NA,NA,NA,NA,NA,NA,NA,NA,NA,NA,1,0,"tech_repeat",NA,NA,NA,NA,NA,NA,NA,NA,NA,NA,NA
"select_multiple","tech_support_who",NA,"helperInImplementingPractices/Credit_union_coop_tec","Quien le ayudo a implementar las practicas?/Cooperativa de credito",NA,NA,NA,NA,0,0,1,0,NA,NA,NA,NA,NA,NA,NA,NA,NA,NA,NA,NA,NA,NA,NA,NA,NA,NA,1,0,NA,NA,NA,NA,NA,NA,NA,NA,NA,NA,NA,NA
"select_multiple","tech_support_who",NA,"helperInImplementingPractices/extension","Quien le ayudo a implementar las practicas? Por práctica/Tecnico del Gobierno (IHCAFE)",NA,NA,NA,NA,0,0,1,0,0,0,0,0,0,1,0,0,NA,NA,NA,NA,NA,NA,NA,NA,NA,NA,1,0,"tech_repeat",NA,NA,NA,NA,NA,NA,NA,NA,NA,NA,NA
"select_multiple","tech_support_who",NA,"helperInImplementingPractices/extension_tec","Quien le ayudo a implementar las practicas?/Tecnico del Gobierno (IHCAFE)",NA,NA,NA,NA,0,0,1,0,NA,NA,NA,NA,NA,NA,NA,NA,NA,NA,NA,NA,NA,NA,NA,NA,NA,NA,1,0,NA,NA,NA,NA,NA,NA,NA,NA,NA,NA,NA,NA
"select_multiple","tech_support_who",NA,"helperInImplementingPractices/family_neighbour","Quien le ayudo a implementar las practicas? Por práctica/Familia o vecino",NA,NA,NA,NA,0,0,1,0,0,0,0,0,0,1,0,0,NA,NA,NA,NA,NA,NA,NA,NA,NA,NA,1,0,"tech_repeat",NA,NA,NA,NA,NA,NA,NA,NA,NA,NA,NA
"select_multiple","tech_support_who",NA,"helperInImplementingPractices/family_neighbour_tec","Quien le ayudo a implementar las practicas?/Familia o vecino",NA,NA,NA,NA,0,0,1,0,NA,NA,NA,NA,NA,NA,NA,NA,NA,NA,NA,NA,NA,NA,NA,NA,NA,NA,1,0,NA,NA,NA,NA,NA,NA,NA,NA,NA,NA,NA,NA
"select_multiple","tech_support_who",NA,"helperInImplementingPractices/inter","Quien le ayudo a implementar las practicas? Por práctica/Intermediari? Por práctica/recolector",NA,NA,NA,NA,0,0,1,0,0,0,0,0,0,1,0,0,NA,NA,NA,NA,NA,NA,NA,NA,NA,NA,1,0,"tech_repeat",NA,NA,NA,NA,NA,NA,NA,NA,NA,NA,NA
"select_multiple","tech_support_who",NA,"helperInImplementingPractices/inter_tec","Quien le ayudo a implementar las practicas?/Intermediario/recolector",NA,NA,NA,NA,0,0,1,0,NA,NA,NA,NA,NA,NA,NA,NA,NA,NA,NA,NA,NA,NA,NA,NA,NA,NA,1,0,NA,NA,NA,NA,NA,NA,NA,NA,NA,NA,NA,NA
"select_multiple","tech_support_who",NA,"helperInImplementingPractices/internet","Quien le ayudo a implementar las practicas? Por práctica/Internet",NA,NA,NA,NA,0,0,1,0,0,0,0,0,0,1,0,0,NA,NA,NA,NA,NA,NA,NA,NA,NA,NA,0,0,"tech_repeat",NA,NA,NA,NA,NA,NA,NA,NA,NA,NA,NA
"select_multiple","tech_support_who",NA,"helperInImplementingPractices/internet_tec","Quien le ayudo a implementar las practicas?/Internet",NA,NA,NA,NA,0,0,1,0,NA,NA,NA,NA,NA,NA,NA,NA,NA,NA,NA,NA,NA,NA,NA,NA,NA,NA,0,0,NA,NA,NA,NA,NA,NA,NA,NA,NA,NA,NA,NA
"select_multiple","tech_support_who",NA,"helperInImplementingPractices/NGO","Quien le ayudo a implementar las practicas? Por práctica/Tecnico de ONG",NA,NA,NA,NA,0,0,1,0,0,0,0,0,0,1,0,0,NA,NA,NA,NA,NA,NA,NA,NA,NA,NA,1,0,"tech_repeat",NA,NA,NA,NA,NA,NA,NA,NA,NA,NA,NA
"select_multiple","tech_support_who",NA,"helperInImplementingPractices/NGO_tec","Quien le ayudo a implementar las practicas?/Tecnico de ONG",NA,NA,NA,NA,0,0,1,0,NA,NA,NA,NA,NA,NA,NA,NA,NA,NA,NA,NA,NA,NA,NA,NA,NA,NA,1,0,NA,NA,NA,NA,NA,NA,NA,NA,NA,NA,NA,NA
"select_multiple","tech_support_who",NA,"helperInImplementingPractices/Nobody","Quien le ayudo a implementar las practicas? Por práctica/Nadie",NA,NA,NA,NA,0,0,1,0,0,0,0,0,0,1,0,0,NA,NA,NA,NA,NA,NA,NA,NA,NA,NA,1,0,"tech_repeat",NA,NA,NA,NA,NA,NA,NA,NA,NA,NA,NA
"select_multiple","tech_support_who",NA,"helperInImplementingPractices/Nobody_tec","Quien le ayudo a implementar las practicas?/Nadie",NA,NA,NA,NA,0,0,1,0,NA,NA,NA,NA,NA,NA,NA,NA,NA,NA,NA,NA,NA,NA,NA,NA,NA,NA,1,0,NA,NA,NA,NA,NA,NA,NA,NA,NA,NA,NA,NA
"select_multiple","tech_support_who",NA,"helperInImplementingPractices/village_administration","Quien le ayudo a implementar las practicas? Por práctica/Grupos de aldea",NA,NA,NA,NA,0,0,1,0,0,0,0,0,0,1,0,0,NA,NA,NA,NA,NA,NA,NA,NA,NA,NA,1,0,"tech_repeat",NA,NA,NA,NA,NA,NA,NA,NA,NA,NA,NA
"select_multiple","tech_support_who",NA,"helperInImplementingPractices/village_administration_tec","Quien le ayudo a implementar las practicas?/Grupos de aldea",NA,NA,NA,NA,0,0,1,0,NA,NA,NA,NA,NA,NA,NA,NA,NA,NA,NA,NA,NA,NA,NA,NA,NA,NA,1,0,NA,NA,NA,NA,NA,NA,NA,NA,NA,NA,NA,NA
"integer",NA,NA,"hh_pop_repeat_rowid","Identificador de numero de persona en el hogar",NA,NA,NA,NA,0,1,0,0,0,0,0,0,0,0,0,0,NA,NA,NA,NA,NA,NA,NA,NA,NA,NA,1,0,"hh_pop_repeat",NA,NA,NA,NA,NA,NA,NA,NA,NA,NA,NA
"select_one","education","C4","highestEducationLevel","Cual es su nivel de escolaridad?",TRUE,NA,"not(selected(., 'no_answer') and (selected(.,'No_school') or selected(.,'primary') or selected(.,'secondary') or selected(.,'postsecondary') or selected(.,'adult_education')))",NA,0,0,0,1,NA,NA,NA,NA,NA,NA,NA,NA,NA,NA,NA,NA,NA,NA,NA,NA,NA,NA,1,1,NA,NA,NA,NA,NA,NA,NA,NA,NA,NA,NA,NA
"dummies","education",NA,"highestEducationLevel_adult_education","Cual es su nivel de escolaridad?/Escuela para adultos escuela de alfabetizacion escuela de la iglesia",NA,NA,NA,NA,0,0,1,0,NA,NA,NA,NA,NA,NA,NA,NA,NA,NA,NA,NA,NA,NA,NA,NA,NA,NA,0,1,NA,NA,NA,NA,NA,NA,NA,NA,NA,NA,NA,NA
"dummies","education",NA,"highestEducationLevel_complete_postsecondary","Cual es su nivel de escolaridad?/Educacion universitaria o carrera tecnica completa",NA,NA,NA,NA,0,0,1,0,NA,NA,NA,NA,NA,NA,NA,NA,NA,NA,NA,NA,NA,NA,NA,NA,NA,NA,0,1,NA,NA,NA,NA,NA,NA,NA,NA,NA,NA,NA,NA
"dummies","education",NA,"highestEducationLevel_complete_secondary","Cual es su nivel de escolaridad?/Bachillerato completo",NA,NA,NA,NA,0,0,1,0,NA,NA,NA,NA,NA,NA,NA,NA,NA,NA,NA,NA,NA,NA,NA,NA,NA,NA,0,1,NA,NA,NA,NA,NA,NA,NA,NA,NA,NA,NA,NA
"dummies","education",NA,"highestEducationLevel_no_answer","Cual es su nivel de escolaridad?/Sin respuesta",NA,NA,NA,NA,0,0,1,0,NA,NA,NA,NA,NA,NA,NA,NA,NA,NA,NA,NA,NA,NA,NA,NA,NA,NA,0,1,NA,NA,NA,NA,NA,NA,NA,NA,NA,NA,NA,NA
"dummies","education",NA,"highestEducationLevel_No_school","Cual es su nivel de escolaridad?/Sin escolaridad",NA,NA,NA,NA,0,0,1,0,NA,NA,NA,NA,NA,NA,NA,NA,NA,NA,NA,NA,NA,NA,NA,NA,NA,NA,1,1,NA,NA,NA,NA,NA,NA,NA,NA,NA,NA,NA,NA
"select_one","education",NA,"highestEducationLevel_postsecondary","Cual es su nivel de escolaridad?/Educacion universitaria o carrera tecnica",NA,NA,NA,NA,0,0,1,0,NA,NA,NA,NA,NA,NA,NA,NA,NA,NA,NA,NA,NA,NA,NA,NA,NA,NA,1,0,NA,NA,NA,NA,NA,NA,NA,NA,NA,NA,NA,NA
"select_one","education",NA,"highestEducationLevel_primary","Cual es su nivel de escolaridad?/Educacion primaria",NA,NA,NA,NA,0,0,1,0,NA,NA,NA,NA,NA,NA,NA,NA,NA,NA,NA,NA,NA,NA,NA,NA,NA,NA,1,0,NA,NA,NA,NA,NA,NA,NA,NA,NA,NA,NA,NA
"dummies","education",NA,"highestEducationLevel_primary1","Cual es su nivel de escolaridad?/Primer grado (1ro)",NA,NA,NA,NA,0,0,1,0,NA,NA,NA,NA,NA,NA,NA,NA,NA,NA,NA,NA,NA,NA,NA,NA,NA,NA,0,1,NA,NA,NA,NA,NA,NA,NA,NA,NA,NA,NA,NA
"dummies","education",NA,"highestEducationLevel_primary2","Cual es su nivel de escolaridad?/Segundo grado (2do)",NA,NA,NA,NA,0,0,1,0,NA,NA,NA,NA,NA,NA,NA,NA,NA,NA,NA,NA,NA,NA,NA,NA,NA,NA,0,1,NA,NA,NA,NA,NA,NA,NA,NA,NA,NA,NA,NA
"dummies","education",NA,"highestEducationLevel_primary3","Cual es su nivel de escolaridad?/Tercer grado (3ro)",NA,NA,NA,NA,0,0,1,0,NA,NA,NA,NA,NA,NA,NA,NA,NA,NA,NA,NA,NA,NA,NA,NA,NA,NA,0,1,NA,NA,NA,NA,NA,NA,NA,NA,NA,NA,NA,NA
"dummies","education",NA,"highestEducationLevel_primary4","Cual es su nivel de escolaridad?/Cuarto grado (4to)",NA,NA,NA,NA,0,0,1,0,NA,NA,NA,NA,NA,NA,NA,NA,NA,NA,NA,NA,NA,NA,NA,NA,NA,NA,0,1,NA,NA,NA,NA,NA,NA,NA,NA,NA,NA,NA,NA
"dummies","education",NA,"highestEducationLevel_primary5","Cual es su nivel de escolaridad?/Quinto grado (5to)",NA,NA,NA,NA,0,0,1,0,NA,NA,NA,NA,NA,NA,NA,NA,NA,NA,NA,NA,NA,NA,NA,NA,NA,NA,0,1,NA,NA,NA,NA,NA,NA,NA,NA,NA,NA,NA,NA
"dummies","education",NA,"highestEducationLevel_primary6","Cual es su nivel de escolaridad?/Sexto grado (6to)",NA,NA,NA,NA,0,0,1,0,NA,NA,NA,NA,NA,NA,NA,NA,NA,NA,NA,NA,NA,NA,NA,NA,NA,NA,0,1,NA,NA,NA,NA,NA,NA,NA,NA,NA,NA,NA,NA
"dummies","education",NA,"highestEducationLevel_primary7","Cual es su nivel de escolaridad?/Septimo grado (7mo)",NA,NA,NA,NA,0,0,1,0,NA,NA,NA,NA,NA,NA,NA,NA,NA,NA,NA,NA,NA,NA,NA,NA,NA,NA,0,1,NA,NA,NA,NA,NA,NA,NA,NA,NA,NA,NA,NA
"dummies","education",NA,"highestEducationLevel_primary8","Cual es su nivel de escolaridad?/Octavo grado (8vo)",NA,NA,NA,NA,0,0,1,0,NA,NA,NA,NA,NA,NA,NA,NA,NA,NA,NA,NA,NA,NA,NA,NA,NA,NA,0,1,NA,NA,NA,NA,NA,NA,NA,NA,NA,NA,NA,NA
"dummies","education",NA,"highestEducationLevel_primary9","Cual es su nivel de escolaridad?/Noveno grado (9no)",NA,NA,NA,NA,0,0,1,0,NA,NA,NA,NA,NA,NA,NA,NA,NA,NA,NA,NA,NA,NA,NA,NA,NA,NA,0,1,NA,NA,NA,NA,NA,NA,NA,NA,NA,NA,NA,NA
"select_one","education",NA,"highestEducationLevel_secondary","Cual es su nivel de escolaridad?/Educacion secundaria",NA,NA,NA,NA,0,0,1,0,NA,NA,NA,NA,NA,NA,NA,NA,NA,NA,NA,NA,NA,NA,NA,NA,NA,NA,1,0,NA,NA,NA,NA,NA,NA,NA,NA,NA,NA,NA,NA
"dummies","education",NA,"highestEducationLevel_uncomplete_postsecondary","Cual es su nivel de escolaridad?/Educacion universitaria o carrera tecnica incompleta",NA,NA,NA,NA,0,0,1,0,NA,NA,NA,NA,NA,NA,NA,NA,NA,NA,NA,NA,NA,NA,NA,NA,NA,NA,0,1,NA,NA,NA,NA,NA,NA,NA,NA,NA,NA,NA,NA
"dummies","education",NA,"highestEducationLevel_uncomplete_secondary","Cual es su nivel de escolaridad?/Bachillerato incompleto",NA,NA,NA,NA,0,0,1,0,NA,NA,NA,NA,NA,NA,NA,NA,NA,NA,NA,NA,NA,NA,NA,NA,NA,NA,0,1,NA,NA,NA,NA,NA,NA,NA,NA,NA,NA,NA,NA
"select_one","snn","C13","householdConnectedToElectricity","Su vivienda esta conectada a la red electrica",TRUE,NA,NA,NA,0,0,1,0,NA,NA,NA,NA,NA,NA,NA,NA,NA,NA,NA,NA,NA,NA,NA,NA,NA,NA,1,1,NA,NA,NA,NA,NA,NA,NA,NA,NA,NA,NA,NA
"select_one","power","L8","householdDecisionMakingAbility","Puede tomar decisiones en el hogar?",TRUE,NA,NA,NA,0,0,0,1,NA,NA,NA,NA,NA,NA,NA,NA,NA,NA,NA,NA,NA,NA,NA,NA,NA,NA,1,0,NA,NA,NA,NA,NA,NA,NA,NA,NA,NA,NA,NA
"select_one","power",NA,"householdDecisionMakingAbility_1","Puede tomar decisiones en el hogar?/No puedo",NA,NA,NA,NA,0,0,1,0,NA,NA,NA,NA,NA,NA,NA,NA,NA,NA,NA,NA,NA,NA,NA,NA,NA,NA,1,0,NA,NA,NA,NA,NA,NA,NA,NA,NA,NA,NA,NA
"select_one","power",NA,"householdDecisionMakingAbility_2","Puede tomar decisiones en el hogar?/Tengo cierto poder de decision, pero mi conyuge tiene la ultima palabra",NA,NA,NA,NA,0,0,1,0,NA,NA,NA,NA,NA,NA,NA,NA,NA,NA,NA,NA,NA,NA,NA,NA,NA,NA,1,0,NA,NA,NA,NA,NA,NA,NA,NA,NA,NA,NA,NA
"select_one","power",NA,"householdDecisionMakingAbility_3","Puede tomar decisiones en el hogar?/Hay igualdad de decision (mi conyuge y yo decidimos juntos)",NA,NA,NA,NA,0,0,1,0,NA,NA,NA,NA,NA,NA,NA,NA,NA,NA,NA,NA,NA,NA,NA,NA,NA,NA,1,0,NA,NA,NA,NA,NA,NA,NA,NA,NA,NA,NA,NA
"select_one","power",NA,"householdDecisionMakingAbility_4","Puede tomar decisiones en el hogar?/Tengo la ultima palabra, pero mi conyuge tiene cierto poder de decision",NA,NA,NA,NA,0,0,1,0,NA,NA,NA,NA,NA,NA,NA,NA,NA,NA,NA,NA,NA,NA,NA,NA,NA,NA,1,0,NA,NA,NA,NA,NA,NA,NA,NA,NA,NA,NA,NA
"select_one","power",NA,"householdDecisionMakingAbility_5","Puede tomar decisiones en el hogar?/Tengo todo el poder de decidir",NA,NA,NA,NA,0,0,1,0,NA,NA,NA,NA,NA,NA,NA,NA,NA,NA,NA,NA,NA,NA,NA,NA,NA,NA,1,0,NA,NA,NA,NA,NA,NA,NA,NA,NA,NA,NA,NA
"select_one","k6","K6","householdEconomicSituation","Digame cual de estas opciones describe la situacion economica de su hogar",TRUE,NA,NA,NA,0,0,0,1,NA,NA,NA,NA,NA,NA,NA,NA,NA,NA,NA,NA,NA,NA,NA,NA,NA,NA,1,0,NA,NA,NA,NA,NA,NA,NA,NA,NA,NA,NA,NA
"select_one","k6",NA,"householdEconomicSituation_1","Digame cual de estas opciones describe la situacion economica de su hogar/Solo compramos lo necesario, aunque de menor calidad, pero con problemas financieros",NA,NA,NA,NA,0,0,1,0,NA,NA,NA,NA,NA,NA,NA,NA,NA,NA,NA,NA,NA,NA,NA,NA,NA,NA,1,0,NA,NA,NA,NA,NA,NA,NA,NA,NA,NA,NA,NA
"select_one","k6",NA,"householdEconomicSituation_2","Digame cual de estas opciones describe la situacion economica de su hogar/Solo compramos lo necesario, aunque de menor calidad, pero sin problemas financieros",NA,NA,NA,NA,0,0,1,0,NA,NA,NA,NA,NA,NA,NA,NA,NA,NA,NA,NA,NA,NA,NA,NA,NA,NA,1,0,NA,NA,NA,NA,NA,NA,NA,NA,NA,NA,NA,NA
"select_one","k6",NA,"householdEconomicSituation_3","Digame cual de estas opciones describe la situacion economica de su hogar/Solo podemos comprar lo necesario",NA,NA,NA,NA,0,0,1,0,NA,NA,NA,NA,NA,NA,NA,NA,NA,NA,NA,NA,NA,NA,NA,NA,NA,NA,1,0,NA,NA,NA,NA,NA,NA,NA,NA,NA,NA,NA,NA
"select_one","k6",NA,"householdEconomicSituation_4","Digame cual de estas opciones describe la situacion economica de su hogar/Podemos comprar todo lo necesario, tener compras adicionales por gusto, pero sin poder ahorrar",NA,NA,NA,NA,0,0,1,0,NA,NA,NA,NA,NA,NA,NA,NA,NA,NA,NA,NA,NA,NA,NA,NA,NA,NA,1,0,NA,NA,NA,NA,NA,NA,NA,NA,NA,NA,NA,NA
"select_one","k6",NA,"householdEconomicSituation_5","Digame cual de estas opciones describe la situacion economica de su hogar/Podemos comprar todo lo necesario, tener compras adicionales por gusto y podemos ahorrar",NA,NA,NA,NA,0,0,1,0,NA,NA,NA,NA,NA,NA,NA,NA,NA,NA,NA,NA,NA,NA,NA,NA,NA,NA,1,0,NA,NA,NA,NA,NA,NA,NA,NA,NA,NA,NA,NA
"select_one","k6",NA,"householdEconomicSituation_6","Digame cual de estas opciones describe la situacion economica de su hogar/Solo podemos comprar lo necesario y podemos ahorrar algo",NA,NA,NA,NA,0,0,1,0,NA,NA,NA,NA,NA,NA,NA,NA,NA,NA,NA,NA,NA,NA,NA,NA,NA,NA,1,0,NA,NA,NA,NA,NA,NA,NA,NA,NA,NA,NA,NA
"select_one","k6",NA,"householdEconomicSituation_7","Digame cual de estas opciones describe la situacion economica de su hogar/Solo podemos comprar lo necesario pero con problemas financieros",NA,NA,NA,NA,0,0,1,0,NA,NA,NA,NA,NA,NA,NA,NA,NA,NA,NA,NA,NA,NA,NA,NA,NA,NA,1,0,NA,NA,NA,NA,NA,NA,NA,NA,NA,NA,NA,NA
"select_one","snn","D1","householdHasMobilePhone","Usted o alguien de su hogar tiene telefono movil/celular?",TRUE,NA,NA,NA,0,0,1,0,NA,NA,NA,NA,NA,NA,NA,NA,NA,NA,NA,NA,NA,NA,NA,NA,NA,NA,1,1,NA,NA,NA,NA,NA,NA,NA,NA,NA,NA,NA,NA
"select_one","snn","C12","householdHasPipedWater","Su vivienda tiene servicio de acueducto",TRUE,NA,NA,NA,0,0,1,0,NA,NA,NA,NA,NA,NA,NA,NA,NA,NA,NA,NA,NA,NA,NA,NA,NA,NA,1,1,NA,NA,NA,NA,NA,NA,NA,NA,NA,NA,NA,NA
"select_multiple","hh_items","K13","householdItemsPossessed","Cuales de los siguientes articulos domesticos tiene?",TRUE,NA,NA,NA,0,0,0,2,NA,NA,NA,NA,NA,NA,NA,NA,NA,NA,NA,NA,NA,NA,NA,NA,NA,NA,1,0,NA,NA,NA,NA,NA,NA,NA,NA,NA,NA,NA,NA
"select_multiple","hh_items",NA,"householdItemsPossessed/antenna","Cuales de los siguientes articulos domesticos tiene?/antena parabolica",NA,NA,NA,NA,0,0,1,0,NA,NA,NA,NA,NA,NA,NA,NA,NA,NA,NA,NA,NA,NA,NA,NA,NA,NA,1,0,NA,NA,NA,NA,NA,NA,NA,NA,NA,NA,NA,NA
"select_multiple","hh_items",NA,"householdItemsPossessed/bicycles","Cuales de los siguientes articulos domesticos tiene?/bicicletas",NA,NA,NA,NA,0,0,1,0,NA,NA,NA,NA,NA,NA,NA,NA,NA,NA,NA,NA,NA,NA,NA,NA,NA,NA,1,0,NA,NA,NA,NA,NA,NA,NA,NA,NA,NA,NA,NA
"select_multiple","hh_items",NA,"householdItemsPossessed/car","Cuales de los siguientes articulos domesticos tiene?/carro",NA,NA,NA,NA,0,0,1,0,NA,NA,NA,NA,NA,NA,NA,NA,NA,NA,NA,NA,NA,NA,NA,NA,NA,NA,1,0,NA,NA,NA,NA,NA,NA,NA,NA,NA,NA,NA,NA
"select_multiple","hh_items",NA,"householdItemsPossessed/computer","Cuales de los siguientes articulos domesticos tiene?/ordenador",NA,NA,NA,NA,0,0,1,0,NA,NA,NA,NA,NA,NA,NA,NA,NA,NA,NA,NA,NA,NA,NA,NA,NA,NA,1,0,NA,NA,NA,NA,NA,NA,NA,NA,NA,NA,NA,NA
"select_multiple","hh_items",NA,"householdItemsPossessed/cuisine","Cuales de los siguientes articulos domesticos tiene?/Cocina de gas o electricidad",NA,NA,NA,NA,0,0,1,0,NA,NA,NA,NA,NA,NA,NA,NA,NA,NA,NA,NA,NA,NA,NA,NA,NA,NA,1,0,NA,NA,NA,NA,NA,NA,NA,NA,NA,NA,NA,NA
"select_multiple","hh_items",NA,"householdItemsPossessed/despulpadora","Cuales de los siguientes articulos domesticos tiene?/despulpadora de cafe",NA,NA,NA,NA,0,0,1,0,NA,NA,NA,NA,NA,NA,NA,NA,NA,NA,NA,NA,NA,NA,NA,NA,NA,NA,1,0,NA,NA,NA,NA,NA,NA,NA,NA,NA,NA,NA,NA
"select_multiple","hh_items",NA,"householdItemsPossessed/fridge","Cuales de los siguientes articulos domesticos tiene?/refrigerador",NA,NA,NA,NA,0,0,1,0,NA,NA,NA,NA,NA,NA,NA,NA,NA,NA,NA,NA,NA,NA,NA,NA,NA,NA,1,0,NA,NA,NA,NA,NA,NA,NA,NA,NA,NA,NA,NA
"select_multiple","hh_items",NA,"householdItemsPossessed/motorbike","Cuales de los siguientes articulos domesticos tiene?/moto",NA,NA,NA,NA,0,0,1,0,NA,NA,NA,NA,NA,NA,NA,NA,NA,NA,NA,NA,NA,NA,NA,NA,NA,NA,1,0,NA,NA,NA,NA,NA,NA,NA,NA,NA,NA,NA,NA
"select_multiple","hh_items",NA,"householdItemsPossessed/patio","Cuales de los siguientes articulos domesticos tiene?/patio de secado",NA,NA,NA,NA,0,0,1,0,NA,NA,NA,NA,NA,NA,NA,NA,NA,NA,NA,NA,NA,NA,NA,NA,NA,NA,1,0,NA,NA,NA,NA,NA,NA,NA,NA,NA,NA,NA,NA
"select_multiple","hh_items",NA,"householdItemsPossessed/phones","Cuales de los siguientes articulos domesticos tiene?/telefonos",NA,NA,NA,NA,0,0,1,0,NA,NA,NA,NA,NA,NA,NA,NA,NA,NA,NA,NA,NA,NA,NA,NA,NA,NA,1,0,NA,NA,NA,NA,NA,NA,NA,NA,NA,NA,NA,NA
"select_multiple","hh_items",NA,"householdItemsPossessed/radio","Cuales de los siguientes articulos domesticos tiene?/radio",NA,NA,NA,NA,0,0,1,0,NA,NA,NA,NA,NA,NA,NA,NA,NA,NA,NA,NA,NA,NA,NA,NA,NA,NA,1,0,NA,NA,NA,NA,NA,NA,NA,NA,NA,NA,NA,NA
"select_multiple","hh_items",NA,"householdItemsPossessed/rototiller","Cuales de los siguientes articulos domesticos tiene?/chapeadora",NA,NA,NA,NA,0,0,1,0,NA,NA,NA,NA,NA,NA,NA,NA,NA,NA,NA,NA,NA,NA,NA,NA,NA,NA,1,0,NA,NA,NA,NA,NA,NA,NA,NA,NA,NA,NA,NA
"select_multiple","hh_items",NA,"householdItemsPossessed/secador_solar","Cuales de los siguientes articulos domesticos tiene?/secador solar",NA,NA,NA,NA,0,0,1,0,NA,NA,NA,NA,NA,NA,NA,NA,NA,NA,NA,NA,NA,NA,NA,NA,NA,NA,1,0,NA,NA,NA,NA,NA,NA,NA,NA,NA,NA,NA,NA
"select_multiple","hh_items",NA,"householdItemsPossessed/secardor_mecanico","Cuales de los siguientes articulos domesticos tiene?/secador a combustible o energia",NA,NA,NA,NA,0,0,1,0,NA,NA,NA,NA,NA,NA,NA,NA,NA,NA,NA,NA,NA,NA,NA,NA,NA,NA,1,0,NA,NA,NA,NA,NA,NA,NA,NA,NA,NA,NA,NA
"select_multiple","hh_items",NA,"householdItemsPossessed/tanque","Cuales de los siguientes articulos domesticos tiene?/tanque de fermentacion",NA,NA,NA,NA,0,0,1,0,NA,NA,NA,NA,NA,NA,NA,NA,NA,NA,NA,NA,NA,NA,NA,NA,NA,NA,1,0,NA,NA,NA,NA,NA,NA,NA,NA,NA,NA,NA,NA
"select_multiple","hh_items",NA,"householdItemsPossessed/television","Cuales de los siguientes articulos domesticos tiene?/television",NA,NA,NA,NA,0,0,1,0,NA,NA,NA,NA,NA,NA,NA,NA,NA,NA,NA,NA,NA,NA,NA,NA,NA,NA,1,0,NA,NA,NA,NA,NA,NA,NA,NA,NA,NA,NA,NA
"select_multiple","hh_items",NA,"householdItemsPossessed/tractor","Cuales de los siguientes articulos domesticos tiene?/tractor",NA,NA,NA,NA,0,0,1,0,NA,NA,NA,NA,NA,NA,NA,NA,NA,NA,NA,NA,NA,NA,NA,NA,NA,NA,1,0,NA,NA,NA,NA,NA,NA,NA,NA,NA,NA,NA,NA
"select_one","yes_no","G2","householdMemberInAssociation","Algun miembro del hogar pertenece a una asociacion o cooperativa?",TRUE,NA,NA,NA,0,0,1,0,NA,NA,NA,NA,NA,NA,NA,NA,NA,NA,NA,NA,NA,NA,NA,NA,NA,NA,1,0,NA,NA,NA,NA,NA,NA,NA,NA,NA,NA,NA,NA
"select_one","snn",NA,"identifyIndigenous","Se considera usted parte de un Pueblo Indigena?",TRUE,NA,NA,NA,0,0,1,0,NA,NA,NA,NA,NA,NA,NA,NA,NA,NA,NA,NA,NA,NA,NA,NA,NA,NA,0,1,NA,NA,NA,NA,NA,NA,NA,NA,NA,NA,NA,NA
"select_one","power","L9","incomeSpendingAutonomy","Puede elegir como gastar sus ingresos?",TRUE,NA,NA,NA,0,0,0,1,NA,NA,NA,NA,NA,NA,NA,NA,NA,NA,NA,NA,NA,NA,NA,NA,NA,NA,1,0,NA,NA,NA,NA,NA,NA,NA,NA,NA,NA,NA,NA
"select_one","power",NA,"incomeSpendingAutonomy_1","Puede elegir como gastar sus ingresos?/No puedo",NA,NA,NA,NA,0,0,1,0,NA,NA,NA,NA,NA,NA,NA,NA,NA,NA,NA,NA,NA,NA,NA,NA,NA,NA,1,0,NA,NA,NA,NA,NA,NA,NA,NA,NA,NA,NA,NA
"select_one","power",NA,"incomeSpendingAutonomy_2","Puede elegir como gastar sus ingresos?/Tengo cierto poder de decision, pero mi conyuge tiene la ultima palabra",NA,NA,NA,NA,0,0,1,0,NA,NA,NA,NA,NA,NA,NA,NA,NA,NA,NA,NA,NA,NA,NA,NA,NA,NA,1,0,NA,NA,NA,NA,NA,NA,NA,NA,NA,NA,NA,NA
"select_one","power",NA,"incomeSpendingAutonomy_3","Puede elegir como gastar sus ingresos?/Hay igualdad de decision (mi conyuge y yo decidimos juntos)",NA,NA,NA,NA,0,0,1,0,NA,NA,NA,NA,NA,NA,NA,NA,NA,NA,NA,NA,NA,NA,NA,NA,NA,NA,1,0,NA,NA,NA,NA,NA,NA,NA,NA,NA,NA,NA,NA
"select_one","power",NA,"incomeSpendingAutonomy_4","Puede elegir como gastar sus ingresos?/Tengo la ultima palabra, pero mi conyuge tiene cierto poder de decision",NA,NA,NA,NA,0,0,1,0,NA,NA,NA,NA,NA,NA,NA,NA,NA,NA,NA,NA,NA,NA,NA,NA,NA,NA,1,0,NA,NA,NA,NA,NA,NA,NA,NA,NA,NA,NA,NA
"select_one","power",NA,"incomeSpendingAutonomy_5","Puede elegir como gastar sus ingresos?/Tengo todo el poder de decidir",NA,NA,NA,NA,0,0,1,0,NA,NA,NA,NA,NA,NA,NA,NA,NA,NA,NA,NA,NA,NA,NA,NA,NA,NA,1,0,NA,NA,NA,NA,NA,NA,NA,NA,NA,NA,NA,NA
"select_one","buy_opinion","E79","incomeVariationByQuality","Cuando vendio cafe ${TCX} a ${buyer} y se le hizo prueba por calidad sus ingresos aumentaron disminuyeron o fueron iguales?",TRUE,NA,NA,NA,0,0,0,1,0,0,0,0,0,0,0,0,NA,NA,NA,NA,NA,NA,NA,NA,NA,NA,1,1,"sales_process_repeat","sales_process_repeat",NA,NA,NA,NA,NA,NA,NA,NA,NA,NA
"dummies","buy_opinion",NA,"incomeVariationByQuality_1","Cuando vendio cafe ${TCX} a ${buyer} y se le hizo prueba por calidad sus ingresos aumentaron disminuyeron o fueron iguales?/Tuvo un impacto positivo en los ingresos por venta",NA,NA,NA,NA,0,0,1,0,0,0,0,0,0,1,0,0,NA,NA,NA,NA,NA,NA,NA,NA,NA,NA,1,1,"sales_process_repeat","sales_process_repeat",NA,NA,NA,NA,NA,NA,NA,NA,NA,NA
"dummies","buy_opinion",NA,"incomeVariationByQuality_1_typ","Variacion en ingresos por evaluacion de calidad, por comprador/Tuvo un impacto positivo en los ingresos por venta",NA,NA,NA,NA,0,0,1,0,0,0,0,0,0,1,0,0,NA,NA,NA,NA,NA,NA,NA,NA,NA,NA,1,1,"sales_repeat","sales_repeat",NA,NA,NA,NA,NA,NA,NA,NA,NA,NA
"dummies","buy_opinion",NA,"incomeVariationByQuality_1_typ_buy","Variacion en ingresos por evaluacion de calidad, por comprador/Tuvo un impacto positivo en los ingresos por venta",NA,NA,NA,NA,0,0,1,0,NA,NA,NA,NA,NA,NA,NA,NA,NA,NA,NA,NA,NA,NA,NA,NA,NA,NA,1,1,NA,NA,NA,NA,NA,NA,NA,NA,NA,NA,NA,NA
"dummies","buy_opinion",NA,"incomeVariationByQuality_2","Cuando vendio cafe ${TCX} a ${buyer} y se le hizo prueba por calidad sus ingresos aumentaron disminuyeron o fueron iguales?/No tuvo impacto en los ingresos por venta",NA,NA,NA,NA,0,0,1,0,0,0,0,0,0,1,0,0,NA,NA,NA,NA,NA,NA,NA,NA,NA,NA,1,1,"sales_process_repeat","sales_process_repeat",NA,NA,NA,NA,NA,NA,NA,NA,NA,NA
"dummies","buy_opinion",NA,"incomeVariationByQuality_2_typ","Variacion en ingresos por evaluacion de calidad, por comprador/No tuvo impacto en los ingresos por venta",NA,NA,NA,NA,0,0,1,0,0,0,0,0,0,1,0,0,NA,NA,NA,NA,NA,NA,NA,NA,NA,NA,1,1,"sales_repeat","sales_repeat",NA,NA,NA,NA,NA,NA,NA,NA,NA,NA
"dummies","buy_opinion",NA,"incomeVariationByQuality_2_typ_buy","Variacion en ingresos por evaluacion de calidad, por comprador/No tuvo impacto en los ingresos por venta",NA,NA,NA,NA,0,0,1,0,NA,NA,NA,NA,NA,NA,NA,NA,NA,NA,NA,NA,NA,NA,NA,NA,NA,NA,1,1,NA,NA,NA,NA,NA,NA,NA,NA,NA,NA,NA,NA
"dummies","buy_opinion",NA,"incomeVariationByQuality_3","Cuando vendio cafe ${TCX} a ${buyer} y se le hizo prueba por calidad sus ingresos aumentaron disminuyeron o fueron iguales?/Tuvo un impacto negativo en los ingresos por venta",NA,NA,NA,NA,0,0,1,0,0,0,0,0,0,1,0,0,NA,NA,NA,NA,NA,NA,NA,NA,NA,NA,1,1,"sales_process_repeat","sales_process_repeat",NA,NA,NA,NA,NA,NA,NA,NA,NA,NA
"dummies","buy_opinion",NA,"incomeVariationByQuality_3_typ","Variacion en ingresos por evaluacion de calidad, por comprador/Tuvo un impacto negativo en los ingresos por venta",NA,NA,NA,NA,0,0,1,0,0,0,0,0,0,1,0,0,NA,NA,NA,NA,NA,NA,NA,NA,NA,NA,1,1,"sales_repeat","sales_repeat",NA,NA,NA,NA,NA,NA,NA,NA,NA,NA
"dummies","buy_opinion",NA,"incomeVariationByQuality_3_typ_buy","Variacion en ingresos por evaluacion de calidad, por comprador/Tuvo un impacto negativo en los ingresos por venta",NA,NA,NA,NA,0,0,1,0,NA,NA,NA,NA,NA,NA,NA,NA,NA,NA,NA,NA,NA,NA,NA,NA,NA,NA,1,1,NA,NA,NA,NA,NA,NA,NA,NA,NA,NA,NA,NA
"dummies","buy_opinion",NA,"incomeVariationByQuality_4","Cuando vendio cafe ${TCX} a ${buyer} y se le hizo prueba por calidad sus ingresos aumentaron disminuyeron o fueron iguales?/Siempre lo he vendido por peso",NA,NA,NA,NA,0,0,1,0,0,0,0,0,0,1,0,0,NA,NA,NA,NA,NA,NA,NA,NA,NA,NA,1,1,"sales_process_repeat","sales_process_repeat",NA,NA,NA,NA,NA,NA,NA,NA,NA,NA
"dummies","buy_opinion",NA,"incomeVariationByQuality_4_typ","Variacion en ingresos por evaluacion de calidad, por comprador/Siempre lo he vendido por peso",NA,NA,NA,NA,0,0,1,0,0,0,0,0,0,1,0,0,NA,NA,NA,NA,NA,NA,NA,NA,NA,NA,1,1,"sales_repeat","sales_repeat",NA,NA,NA,NA,NA,NA,NA,NA,NA,NA
"dummies","buy_opinion",NA,"incomeVariationByQuality_4_typ_buy","Variacion en ingresos por evaluacion de calidad, por comprador/Siempre lo he vendido por peso",NA,NA,NA,NA,0,0,1,0,NA,NA,NA,NA,NA,NA,NA,NA,NA,NA,NA,NA,NA,NA,NA,NA,NA,NA,1,1,NA,NA,NA,NA,NA,NA,NA,NA,NA,NA,NA,NA
"select_one","buy_opinion",NA,"incomeVariationByQuality_typ","Variacion en ingresos por evaluacion de calidad, por comprador",NA,NA,NA,NA,0,0,0,0,0,0,0,0,0,0,0,0,NA,NA,NA,NA,NA,NA,NA,NA,NA,NA,0,0,NA,NA,NA,NA,NA,NA,NA,NA,NA,NA,NA,NA
"select_one","buy_opinion","E76","incomeVariationBySellingWeight","Cuando vendio cafe a ${buyer} por peso sus ingresos aumentaron disminuyeron o fueron iguales comparado a cuando vende por volumen?",TRUE,"${soldCoffeeByVolumeOrWeight} = 'weight'",NA,NA,0,0,0,1,0,0,0,0,0,0,0,0,NA,NA,NA,NA,NA,NA,NA,NA,NA,NA,1,1,"sales_process_repeat","sales_repeat",NA,NA,NA,NA,NA,NA,NA,NA,NA,NA
"dummies","buy_opinion",NA,"incomeVariationBySellingWeight_1","Cuando vendio cafe a ${buyer} por peso sus ingresos aumentaron disminuyeron o fueron iguales comparado a cuando vende por volumen?/Tuvo un impacto positivo en los ingresos por venta",NA,NA,NA,NA,0,0,1,0,0,0,0,0,0,1,0,0,NA,NA,NA,NA,NA,NA,NA,NA,NA,NA,1,1,"sales_process_repeat","sales_repeat",NA,NA,NA,NA,NA,NA,NA,NA,NA,NA
"dummies","buy_opinion",NA,"incomeVariationBySellingWeight_1_buy","Cuando vendio cafe a ${buyer} por peso sus ingresos aumentaron disminuyeron o fueron iguales comparado a cuando vende por volumen? Por comprador/Tuvo un impacto positivo en los ingresos por venta",NA,NA,NA,NA,0,0,1,0,NA,NA,NA,NA,NA,NA,NA,NA,NA,NA,NA,NA,NA,NA,NA,NA,NA,NA,0,1,NA,NA,11,NA,NA,NA,NA,NA,NA,NA,NA,NA
"select_one","buy_opinion",NA,"incomeVariationBySellingWeight_1_typ","Cuando vendio cafe a ${buyer} por peso sus ingresos aumentaron disminuyeron o fueron iguales comparado a cuando vende por volumen? Por tipo/Tuvo un impacto positivo en los ingresos por venta",NA,NA,NA,NA,0,0,1,0,0,0,0,0,0,1,0,0,NA,NA,NA,NA,NA,NA,NA,NA,NA,NA,1,0,"sales_repeat",NA,NA,NA,NA,NA,NA,NA,NA,NA,NA,NA
"select_one","buy_opinion",NA,"incomeVariationBySellingWeight_1_typ_buy","Cuando vendio cafe a ${buyer} por peso sus ingresos aumentaron disminuyeron o fueron iguales comparado a cuando vende por volumen? Por comprador/Tuvo un impacto positivo en los ingresos por venta",NA,NA,NA,NA,0,0,1,0,NA,NA,NA,NA,NA,NA,NA,NA,NA,NA,NA,NA,NA,NA,NA,NA,NA,NA,1,0,NA,NA,11,NA,NA,NA,NA,NA,NA,NA,NA,NA
"dummies","buy_opinion",NA,"incomeVariationBySellingWeight_2","Cuando vendio cafe a ${buyer} por peso sus ingresos aumentaron disminuyeron o fueron iguales comparado a cuando vende por volumen?/No tuvo impacto en los ingresos por venta",NA,NA,NA,NA,0,0,1,0,0,0,0,0,0,1,0,0,NA,NA,NA,NA,NA,NA,NA,NA,NA,NA,1,1,"sales_process_repeat","sales_repeat",NA,NA,NA,NA,NA,NA,NA,NA,NA,NA
"dummies","buy_opinion",NA,"incomeVariationBySellingWeight_2_buy","Cuando vendio cafe a ${buyer} por peso sus ingresos aumentaron disminuyeron o fueron iguales comparado a cuando vende por volumen? Por comprador/No tuvo impacto en los ingresos por venta",NA,NA,NA,NA,0,0,1,0,NA,NA,NA,NA,NA,NA,NA,NA,NA,NA,NA,NA,NA,NA,NA,NA,NA,NA,0,1,NA,NA,12,NA,NA,NA,NA,NA,NA,NA,NA,NA
"select_one","buy_opinion",NA,"incomeVariationBySellingWeight_2_typ","Cuando vendio cafe a ${buyer} por peso sus ingresos aumentaron disminuyeron o fueron iguales comparado a cuando vende por volumen? Por tipo/No tuvo impacto en los ingresos por venta",NA,NA,NA,NA,0,0,1,0,0,0,0,0,0,1,0,0,NA,NA,NA,NA,NA,NA,NA,NA,NA,NA,1,0,"sales_repeat",NA,NA,NA,NA,NA,NA,NA,NA,NA,NA,NA
"select_one","buy_opinion",NA,"incomeVariationBySellingWeight_2_typ_buy","Cuando vendio cafe a ${buyer} por peso sus ingresos aumentaron disminuyeron o fueron iguales comparado a cuando vende por volumen? Por comprador/No tuvo impacto en los ingresos por venta",NA,NA,NA,NA,0,0,1,0,NA,NA,NA,NA,NA,NA,NA,NA,NA,NA,NA,NA,NA,NA,NA,NA,NA,NA,1,0,NA,NA,12,NA,NA,NA,NA,NA,NA,NA,NA,NA
"dummies","buy_opinion",NA,"incomeVariationBySellingWeight_3","Cuando vendio cafe a ${buyer} por peso sus ingresos aumentaron disminuyeron o fueron iguales comparado a cuando vende por volumen?/Tuvo un impacto negativo en los ingresos por venta",NA,NA,NA,NA,0,0,1,0,0,0,0,0,0,1,0,0,NA,NA,NA,NA,NA,NA,NA,NA,NA,NA,1,1,"sales_process_repeat","sales_repeat",NA,NA,NA,NA,NA,NA,NA,NA,NA,NA
"dummies","buy_opinion",NA,"incomeVariationBySellingWeight_3_buy","Cuando vendio cafe a ${buyer} por peso sus ingresos aumentaron disminuyeron o fueron iguales comparado a cuando vende por volumen? Por comprador/Tuvo un impacto negativo en los ingresos por venta",NA,NA,NA,NA,0,0,1,0,NA,NA,NA,NA,NA,NA,NA,NA,NA,NA,NA,NA,NA,NA,NA,NA,NA,NA,0,1,NA,NA,13,NA,NA,NA,NA,NA,NA,NA,NA,NA
"select_one","buy_opinion",NA,"incomeVariationBySellingWeight_3_typ","Cuando vendio cafe a ${buyer} por peso sus ingresos aumentaron disminuyeron o fueron iguales comparado a cuando vende por volumen? Por tipo/Tuvo un impacto negativo en los ingresos por venta",NA,NA,NA,NA,0,0,1,0,0,0,0,0,0,1,0,0,NA,NA,NA,NA,NA,NA,NA,NA,NA,NA,1,0,"sales_repeat",NA,NA,NA,NA,NA,NA,NA,NA,NA,NA,NA
"select_one","buy_opinion",NA,"incomeVariationBySellingWeight_3_typ_buy","Cuando vendio cafe a ${buyer} por peso sus ingresos aumentaron disminuyeron o fueron iguales comparado a cuando vende por volumen? Por comprador/Tuvo un impacto negativo en los ingresos por venta",NA,NA,NA,NA,0,0,1,0,NA,NA,NA,NA,NA,NA,NA,NA,NA,NA,NA,NA,NA,NA,NA,NA,NA,NA,1,0,NA,NA,13,NA,NA,NA,NA,NA,NA,NA,NA,NA
"dummies","buy_opinion",NA,"incomeVariationBySellingWeight_4","Cuando vendio cafe a ${buyer} por peso sus ingresos aumentaron disminuyeron o fueron iguales comparado a cuando vende por volumen?/Siempre lo he vendido por peso",NA,NA,NA,NA,0,0,1,0,0,0,0,0,0,1,0,0,NA,NA,NA,NA,NA,NA,NA,NA,NA,NA,1,1,"sales_process_repeat","sales_repeat",NA,NA,NA,NA,NA,NA,NA,NA,NA,NA
"dummies","buy_opinion",NA,"incomeVariationBySellingWeight_4_buy","Cuando vendio cafe a ${buyer} por peso sus ingresos aumentaron disminuyeron o fueron iguales comparado a cuando vende por volumen? Por comprador/Siempre lo he vendido por peso",NA,NA,NA,NA,0,0,1,0,NA,NA,NA,NA,NA,NA,NA,NA,NA,NA,NA,NA,NA,NA,NA,NA,NA,NA,0,1,NA,NA,14,NA,NA,NA,NA,NA,NA,NA,NA,NA
"select_one","buy_opinion",NA,"incomeVariationBySellingWeight_4_typ","Cuando vendio cafe a ${buyer} por peso sus ingresos aumentaron disminuyeron o fueron iguales comparado a cuando vende por volumen? Por tipo/Siempre lo he vendido por peso",NA,NA,NA,NA,0,0,1,0,0,0,0,0,0,1,0,0,NA,NA,NA,NA,NA,NA,NA,NA,NA,NA,1,0,"sales_repeat",NA,NA,NA,NA,NA,NA,NA,NA,NA,NA,NA
"select_one","buy_opinion",NA,"incomeVariationBySellingWeight_4_typ_buy","Cuando vendio cafe a ${buyer} por peso sus ingresos aumentaron disminuyeron o fueron iguales comparado a cuando vende por volumen? Por comprador/Siempre lo he vendido por peso",NA,NA,NA,NA,0,0,1,0,NA,NA,NA,NA,NA,NA,NA,NA,NA,NA,NA,NA,NA,NA,NA,NA,NA,NA,1,0,NA,NA,14,NA,NA,NA,NA,NA,NA,NA,NA,NA
"select_one","influence_voice_hh","L1","influenceOnConsumptionCropChoice","Cuanta influencia tiene sobre los cultivos destinados al consumo familiar?",TRUE,NA,NA,NA,0,0,0,1,NA,NA,NA,NA,NA,NA,NA,NA,NA,NA,NA,NA,NA,NA,NA,NA,NA,NA,1,0,NA,NA,NA,NA,NA,NA,NA,NA,NA,NA,NA,NA
"select_one","influence_voice_hh",NA,"influenceOnConsumptionCropChoice_1","Cuanta influencia tiene sobre los cultivos destinados al consumo familiar?/No tengo influencia",NA,NA,NA,NA,0,0,1,0,NA,NA,NA,NA,NA,NA,NA,NA,NA,NA,NA,NA,NA,NA,NA,NA,NA,NA,1,0,NA,NA,NA,NA,NA,NA,NA,NA,NA,NA,NA,NA
"select_one","influence_voice_hh",NA,"influenceOnConsumptionCropChoice_2","Cuanta influencia tiene sobre los cultivos destinados al consumo familiar?/Tengo cierta influencia, pero mi conyuge tiene la ultima palabra",NA,NA,NA,NA,0,0,1,0,NA,NA,NA,NA,NA,NA,NA,NA,NA,NA,NA,NA,NA,NA,NA,NA,NA,NA,1,0,NA,NA,NA,NA,NA,NA,NA,NA,NA,NA,NA,NA
"select_one","influence_voice_hh",NA,"influenceOnConsumptionCropChoice_3","Cuanta influencia tiene sobre los cultivos destinados al consumo familiar?/Hay igualdad de influencia (mi conyuge y yo decidimos juntos)",NA,NA,NA,NA,0,0,1,0,NA,NA,NA,NA,NA,NA,NA,NA,NA,NA,NA,NA,NA,NA,NA,NA,NA,NA,1,0,NA,NA,NA,NA,NA,NA,NA,NA,NA,NA,NA,NA
"select_one","influence_voice_hh",NA,"influenceOnConsumptionCropChoice_4","Cuanta influencia tiene sobre los cultivos destinados al consumo familiar?/Tengo la ultima palabra, pero mi conyuge tiene cierto poder de influencia",NA,NA,NA,NA,0,0,1,0,NA,NA,NA,NA,NA,NA,NA,NA,NA,NA,NA,NA,NA,NA,NA,NA,NA,NA,1,0,NA,NA,NA,NA,NA,NA,NA,NA,NA,NA,NA,NA
"select_one","influence_voice_hh",NA,"influenceOnConsumptionCropChoice_5","Cuanta influencia tiene sobre los cultivos destinados al consumo familiar?/Tengo toda la influencia",NA,NA,NA,NA,0,0,1,0,NA,NA,NA,NA,NA,NA,NA,NA,NA,NA,NA,NA,NA,NA,NA,NA,NA,NA,1,0,NA,NA,NA,NA,NA,NA,NA,NA,NA,NA,NA,NA
"select_one","influence_voice_hh","L2","influenceOnFamilySavingsUsage","Cuanta influencia tiene sobre el gasto de los ahorros familiares?",TRUE,NA,NA,NA,0,0,0,1,NA,NA,NA,NA,NA,NA,NA,NA,NA,NA,NA,NA,NA,NA,NA,NA,NA,NA,1,0,NA,NA,NA,NA,NA,NA,NA,NA,NA,NA,NA,NA
"select_one","influence_voice_hh",NA,"influenceOnFamilySavingsUsage_1","Cuanta influencia tiene sobre el gasto de los ahorros familiares?/No tengo influencia",NA,NA,NA,NA,0,0,1,0,NA,NA,NA,NA,NA,NA,NA,NA,NA,NA,NA,NA,NA,NA,NA,NA,NA,NA,1,0,NA,NA,NA,NA,NA,NA,NA,NA,NA,NA,NA,NA
"select_one","influence_voice_hh",NA,"influenceOnFamilySavingsUsage_2","Cuanta influencia tiene sobre el gasto de los ahorros familiares?/Tengo cierta influencia, pero mi conyuge tiene la ultima palabra",NA,NA,NA,NA,0,0,1,0,NA,NA,NA,NA,NA,NA,NA,NA,NA,NA,NA,NA,NA,NA,NA,NA,NA,NA,1,0,NA,NA,NA,NA,NA,NA,NA,NA,NA,NA,NA,NA
"select_one","influence_voice_hh",NA,"influenceOnFamilySavingsUsage_3","Cuanta influencia tiene sobre el gasto de los ahorros familiares?/Hay igualdad de influencia (mi conyuge y yo decidimos juntos)",NA,NA,NA,NA,0,0,1,0,NA,NA,NA,NA,NA,NA,NA,NA,NA,NA,NA,NA,NA,NA,NA,NA,NA,NA,1,0,NA,NA,NA,NA,NA,NA,NA,NA,NA,NA,NA,NA
"select_one","influence_voice_hh",NA,"influenceOnFamilySavingsUsage_4","Cuanta influencia tiene sobre el gasto de los ahorros familiares?/Tengo la ultima palabra, pero mi conyuge tiene cierto poder de influencia",NA,NA,NA,NA,0,0,1,0,NA,NA,NA,NA,NA,NA,NA,NA,NA,NA,NA,NA,NA,NA,NA,NA,NA,NA,1,0,NA,NA,NA,NA,NA,NA,NA,NA,NA,NA,NA,NA
"select_one","influence_voice_hh",NA,"influenceOnFamilySavingsUsage_5","Cuanta influencia tiene sobre el gasto de los ahorros familiares?/Tengo toda la influencia",NA,NA,NA,NA,0,0,1,0,NA,NA,NA,NA,NA,NA,NA,NA,NA,NA,NA,NA,NA,NA,NA,NA,NA,NA,1,0,NA,NA,NA,NA,NA,NA,NA,NA,NA,NA,NA,NA
"select_one","influence_voice_hh","L3","influenceOnSalesCropChoice","Cuanta influencia tiene sobre los cultivos destinados a la venta?",TRUE,NA,NA,NA,0,0,0,1,NA,NA,NA,NA,NA,NA,NA,NA,NA,NA,NA,NA,NA,NA,NA,NA,NA,NA,1,0,NA,NA,NA,NA,NA,NA,NA,NA,NA,NA,NA,NA
"select_one","influence_voice_hh",NA,"influenceOnSalesCropChoice_1","Cuanta influencia tiene sobre los cultivos destinados a la venta?/No tengo influencia",NA,NA,NA,NA,0,0,1,0,NA,NA,NA,NA,NA,NA,NA,NA,NA,NA,NA,NA,NA,NA,NA,NA,NA,NA,1,0,NA,NA,NA,NA,NA,NA,NA,NA,NA,NA,NA,NA
"select_one","influence_voice_hh",NA,"influenceOnSalesCropChoice_2","Cuanta influencia tiene sobre los cultivos destinados a la venta?/Tengo cierta influencia, pero mi conyuge tiene la ultima palabra",NA,NA,NA,NA,0,0,1,0,NA,NA,NA,NA,NA,NA,NA,NA,NA,NA,NA,NA,NA,NA,NA,NA,NA,NA,1,0,NA,NA,NA,NA,NA,NA,NA,NA,NA,NA,NA,NA
"select_one","influence_voice_hh",NA,"influenceOnSalesCropChoice_3","Cuanta influencia tiene sobre los cultivos destinados a la venta?/Hay igualdad de influencia (mi conyuge y yo decidimos juntos)",NA,NA,NA,NA,0,0,1,0,NA,NA,NA,NA,NA,NA,NA,NA,NA,NA,NA,NA,NA,NA,NA,NA,NA,NA,1,0,NA,NA,NA,NA,NA,NA,NA,NA,NA,NA,NA,NA
"select_one","influence_voice_hh",NA,"influenceOnSalesCropChoice_4","Cuanta influencia tiene sobre los cultivos destinados a la venta?/Tengo la ultima palabra, pero mi conyuge tiene cierto poder de influencia",NA,NA,NA,NA,0,0,1,0,NA,NA,NA,NA,NA,NA,NA,NA,NA,NA,NA,NA,NA,NA,NA,NA,NA,NA,1,0,NA,NA,NA,NA,NA,NA,NA,NA,NA,NA,NA,NA
"select_one","influence_voice_hh",NA,"influenceOnSalesCropChoice_5","Cuanta influencia tiene sobre los cultivos destinados a la venta?/Tengo toda la influencia",NA,NA,NA,NA,0,0,1,0,NA,NA,NA,NA,NA,NA,NA,NA,NA,NA,NA,NA,NA,NA,NA,NA,NA,NA,1,0,NA,NA,NA,NA,NA,NA,NA,NA,NA,NA,NA,NA
"calculate",NA,NA,"IntermediaryName","Nombre del intermediario",NA,NA,NA,"jr:choice-name(selected-at(${sellsToIntermediary},(position(..)-1)),'${sellsToIntermediary}')",0,0,0,1,NA,NA,NA,NA,NA,NA,NA,NA,NA,NA,NA,NA,NA,NA,NA,NA,NA,NA,0,1,NA,NA,19,NA,NA,NA,NA,NA,NA,NA,NA,NA
"calculate",NA,NA,"INTER","Nombre del intermediario",NA,NA,NA,NA,0,0,0,1,NA,NA,NA,NA,NA,NA,NA,NA,NA,NA,NA,NA,NA,NA,NA,NA,NA,NA,1,0,NA,NA,19,NA,NA,NA,NA,NA,NA,NA,NA,NA
"select_one","sn","B1","isCoffeeProducer","Es usted productor de cafe?",TRUE,NA,NA,NA,0,0,1,0,NA,NA,NA,NA,NA,NA,NA,NA,NA,NA,NA,NA,NA,NA,NA,NA,NA,NA,1,1,NA,NA,NA,NA,NA,NA,NA,NA,NA,NA,NA,NA
"select_one","householdtype","C3","isMarriedOrInPartnership","Esta usted casado(a) o tiene un companero(a) permanente?",TRUE,NA,NA,NA,0,0,0,1,NA,NA,NA,NA,NA,NA,NA,NA,NA,NA,NA,NA,NA,NA,NA,NA,NA,NA,1,1,NA,NA,NA,NA,NA,NA,NA,NA,NA,NA,NA,NA
"dummies","householdtype",NA,"isMarriedOrInPartnership_couple","Esta usted casado(a) o tiene un companero(a) permanente?/Hombre y mujer (pareja consolidada ambos viven en el hogar)",NA,NA,NA,NA,0,0,1,0,NA,NA,NA,NA,NA,NA,NA,NA,NA,NA,NA,NA,NA,NA,NA,NA,NA,NA,1,1,NA,NA,NA,NA,NA,NA,NA,NA,NA,NA,NA,NA
"dummies","householdtype",NA,"isMarriedOrInPartnership_man_single","Esta usted casado(a) o tiene un companero(a) permanente?/Hombre soltero (viudo o mujer ausente del hogar)",NA,NA,NA,NA,0,0,1,0,NA,NA,NA,NA,NA,NA,NA,NA,NA,NA,NA,NA,NA,NA,NA,NA,NA,NA,1,1,NA,NA,NA,NA,NA,NA,NA,NA,NA,NA,NA,NA
"dummies","householdtype",NA,"isMarriedOrInPartnership_no_answer","Esta usted casado(a) o tiene un companero(a) permanente?/Sin respuesta",NA,NA,NA,NA,0,0,1,0,NA,NA,NA,NA,NA,NA,NA,NA,NA,NA,NA,NA,NA,NA,NA,NA,NA,NA,1,1,NA,NA,NA,NA,NA,NA,NA,NA,NA,NA,NA,NA
"dummies","householdtype",NA,"isMarriedOrInPartnership_woman_single","Esta usted casado(a) o tiene un companero(a) permanente?/Mujer soltera (viuda o hombre ausente del hogar)",NA,NA,NA,NA,0,0,1,0,NA,NA,NA,NA,NA,NA,NA,NA,NA,NA,NA,NA,NA,NA,NA,NA,NA,NA,1,1,NA,NA,NA,NA,NA,NA,NA,NA,NA,NA,NA,NA
"select_one","sn",NA,"isProducerReplacement","Es usted el productor de la finca?",TRUE,"selected(${surveyID}, 'other')",NA,NA,0,0,1,0,NA,NA,NA,NA,NA,NA,NA,NA,NA,NA,NA,NA,NA,NA,NA,NA,NA,NA,0,1,NA,NA,NA,NA,NA,NA,NA,NA,NA,NA,NA,NA
"select_one","sn",NA,"landFamily","Algun miembro del hogar posee tierras agricolas?",TRUE,NA,NA,NA,0,0,1,0,NA,NA,NA,NA,NA,NA,NA,NA,NA,NA,NA,NA,NA,NA,NA,NA,NA,NA,0,1,NA,NA,NA,NA,NA,NA,NA,NA,NA,NA,NA,NA
"select_multiple","land_tenure","E1","landLegalStatusForCultivation","Bajo que condicion(es) de tenencia manejo el hogar la finca?",TRUE,NA,NA,NA,0,0,0,2,NA,NA,NA,NA,NA,NA,NA,NA,NA,NA,NA,NA,NA,NA,NA,NA,NA,NA,1,1,NA,"lands",NA,NA,NA,NA,NA,NA,NA,NA,NA,NA
"select_multiple","land_tenure",NA,"landLegalStatusForCultivation/communal_land","Bajo que condicion(es) de tenencia manejo el hogar el terreno numero ${landNumber}?/Tierra comunal (utiliza y trabaja en tierra comunal)",NA,NA,NA,NA,0,0,1,0,0,0,0,0,0,1,0,0,NA,NA,NA,NA,NA,NA,NA,NA,NA,NA,1,1,NA,"lands",NA,NA,NA,NA,NA,NA,NA,NA,NA,NA
"select_multiple","land_tenure",NA,"landLegalStatusForCultivation/communal_land_trr","Bajo que condicion(es) de tenencia manejo el hogar el terreno numero ${landNumber}?/Tierra comunal (utiliza y trabaja en tierra comunal)",NA,NA,NA,NA,0,0,1,0,NA,NA,NA,NA,NA,NA,NA,NA,NA,NA,NA,NA,NA,NA,NA,NA,NA,NA,0,1,NA,NA,NA,NA,NA,NA,NA,NA,NA,NA,NA,NA
"select_multiple","land_tenure",NA,"landLegalStatusForCultivation/own_land","Bajo que condicion(es) de tenencia manejo el hogar el terreno numero ${landNumber}?/Tierra propia (con o sin titulo oficial)",NA,NA,NA,NA,0,0,1,0,0,0,0,0,0,1,0,0,NA,NA,NA,NA,NA,NA,NA,NA,NA,NA,1,1,NA,"lands",NA,NA,NA,NA,NA,NA,NA,NA,NA,NA
"select_multiple","land_tenure",NA,"landLegalStatusForCultivation/own_land_trr","Bajo que condicion(es) de tenencia manejo el hogar el terreno numero ${landNumber}?/Tierra propia (con o sin titulo oficial)",NA,NA,NA,NA,0,0,1,0,NA,NA,NA,NA,NA,NA,NA,NA,NA,NA,NA,NA,NA,NA,NA,NA,NA,NA,0,1,NA,NA,NA,NA,NA,NA,NA,NA,NA,NA,NA,NA
"select_multiple","land_tenure",NA,"landLegalStatusForCultivation/rent_in_land","Bajo que condicion(es) de tenencia manejo el hogar el terreno numero ${landNumber}?/Tierra rentada para poder sembrar",NA,NA,NA,NA,0,0,1,0,0,0,0,0,0,1,0,0,NA,NA,NA,NA,NA,NA,NA,NA,NA,NA,1,1,NA,"lands",NA,NA,NA,NA,NA,NA,NA,NA,NA,NA
"select_multiple","land_tenure",NA,"landLegalStatusForCultivation/rent_in_land_trr","Bajo que condicion(es) de tenencia manejo el hogar el terreno numero ${landNumber}?/Tierra rentada para poder sembrar",NA,NA,NA,NA,0,0,1,0,NA,NA,NA,NA,NA,NA,NA,NA,NA,NA,NA,NA,NA,NA,NA,NA,NA,NA,0,1,NA,NA,NA,NA,NA,NA,NA,NA,NA,NA,NA,NA
"select_multiple","land_tenure",NA,"landLegalStatusForCultivation/rent_out_land","Bajo que condicion(es) de tenencia manejo el hogar el terreno numero ${landNumber}?/Tierra propia pero rentada a otras personas",NA,NA,NA,NA,0,0,1,0,0,0,0,0,0,1,0,0,NA,NA,NA,NA,NA,NA,NA,NA,NA,NA,1,1,NA,"lands",NA,NA,NA,NA,NA,NA,NA,NA,NA,NA
"select_multiple","land_tenure",NA,"landLegalStatusForCultivation/rent_out_land_trr","Bajo que condicion(es) de tenencia manejo el hogar el terreno numero ${landNumber}?/Tierra propia pero rentada a otras personas",NA,NA,NA,NA,0,0,1,0,NA,NA,NA,NA,NA,NA,NA,NA,NA,NA,NA,NA,NA,NA,NA,NA,NA,NA,0,1,NA,NA,NA,NA,NA,NA,NA,NA,NA,NA,NA,NA
"select_multiple","land_tenure","E1","landLegalStatusForCultivation_trr","Bajo que condicion(es) de tenencia manejo el hogar la finca?",NA,NA,NA,NA,0,0,0,0,NA,NA,NA,NA,NA,NA,NA,NA,NA,NA,NA,NA,NA,NA,NA,NA,NA,NA,0,0,NA,NA,NA,NA,NA,NA,NA,NA,NA,NA,NA,NA
"calculate",NA,NA,"landNumber","Identificador de terreno",NA,NA,NA,"position(..)",0,1,0,0,0,0,0,0,0,0,0,0,NA,NA,NA,NA,NA,NA,NA,NA,NA,NA,0,1,NA,"lands",NA,NA,NA,NA,NA,NA,NA,NA,NA,NA
"select_one","good_harvest","E21","lastCoffeeHarvestOutcome","Que tal fue la ultima cosecha de cafe?",TRUE,NA,NA,NA,0,0,0,1,NA,NA,NA,NA,NA,NA,NA,NA,NA,NA,NA,NA,NA,NA,NA,NA,NA,NA,1,1,NA,NA,NA,NA,NA,NA,NA,NA,NA,NA,NA,NA
"dummies","good_harvest",NA,"lastCoffeeHarvestOutcome_bad_harvest","Que tal fue la ultima cosecha de cafe?/Mala cosecha",NA,NA,NA,NA,0,0,1,0,NA,NA,NA,NA,NA,NA,NA,NA,NA,NA,NA,NA,NA,NA,NA,NA,NA,NA,1,1,NA,NA,NA,NA,NA,NA,NA,NA,NA,NA,NA,NA
"dummies","good_harvest",NA,"lastCoffeeHarvestOutcome_excellent","Que tal fue la ultima cosecha de cafe?/Excelente cosecha",NA,NA,NA,NA,0,0,1,0,NA,NA,NA,NA,NA,NA,NA,NA,NA,NA,NA,NA,NA,NA,NA,NA,NA,NA,1,1,NA,NA,NA,NA,NA,NA,NA,NA,NA,NA,NA,NA
"dummies","good_harvest",NA,"lastCoffeeHarvestOutcome_good_harvest","Que tal fue la ultima cosecha de cafe?/Buena cosecha",NA,NA,NA,NA,0,0,1,0,NA,NA,NA,NA,NA,NA,NA,NA,NA,NA,NA,NA,NA,NA,NA,NA,NA,NA,1,1,NA,NA,NA,NA,NA,NA,NA,NA,NA,NA,NA,NA
"dummies","good_harvest",NA,"lastCoffeeHarvestOutcome_no_answer","Que tal fue la ultima cosecha de cafe?/Sin respuesta",NA,NA,NA,NA,0,0,1,0,NA,NA,NA,NA,NA,NA,NA,NA,NA,NA,NA,NA,NA,NA,NA,NA,NA,NA,0,1,NA,NA,NA,NA,NA,NA,NA,NA,NA,NA,NA,NA
"dummies","good_harvest",NA,"lastCoffeeHarvestOutcome_normal_harvest","Que tal fue la ultima cosecha de cafe?/Cosecha normal",NA,NA,NA,NA,0,0,1,0,NA,NA,NA,NA,NA,NA,NA,NA,NA,NA,NA,NA,NA,NA,NA,NA,NA,NA,1,1,NA,NA,NA,NA,NA,NA,NA,NA,NA,NA,NA,NA
"dummies","good_harvest",NA,"lastCoffeeHarvestOutcome_regular harvest","Que tal fue la ultima cosecha de cafe?/Cosecha regular",NA,NA,NA,NA,0,0,1,0,NA,NA,NA,NA,NA,NA,NA,NA,NA,NA,NA,NA,NA,NA,NA,NA,NA,NA,0,1,NA,NA,NA,NA,NA,NA,NA,NA,NA,NA,NA,NA
"dummies","good_harvest",NA,"lastCoffeeHarvestOutcome_worst","Que tal fue la ultima cosecha de cafe?/Muy mala cosecha",NA,NA,NA,NA,0,0,1,0,NA,NA,NA,NA,NA,NA,NA,NA,NA,NA,NA,NA,NA,NA,NA,NA,NA,NA,1,1,NA,NA,NA,NA,NA,NA,NA,NA,NA,NA,NA,NA
"select_one","k26","K26","lastMaintenanceOfPulper","Hace cuanto le hizo mantenimiento o calibro su maquina despulpadora?",TRUE,"householdItemsPossessed == 'despulpadora de cafe'",NA,NA,0,0,0,1,NA,NA,NA,NA,NA,NA,NA,NA,NA,NA,NA,NA,NA,NA,NA,NA,NA,NA,1,0,NA,NA,NA,NA,NA,NA,NA,NA,NA,NA,NA,NA
"select_one","k26",NA,"lastMaintenanceOfPulper_1_ano","Hace cuanto le hizo mantenimiento o calibro su maquina despulpadora?/Menos de un ano",NA,NA,NA,NA,0,0,1,0,NA,NA,NA,NA,NA,NA,NA,NA,NA,NA,NA,NA,NA,NA,NA,NA,NA,NA,1,0,NA,NA,NA,NA,NA,NA,NA,NA,NA,NA,NA,NA
"select_one","k26",NA,"lastMaintenanceOfPulper_2_ano","Hace cuanto le hizo mantenimiento o calibro su maquina despulpadora?/Hace dos anos",NA,NA,NA,NA,0,0,1,0,NA,NA,NA,NA,NA,NA,NA,NA,NA,NA,NA,NA,NA,NA,NA,NA,NA,NA,1,0,NA,NA,NA,NA,NA,NA,NA,NA,NA,NA,NA,NA
"select_one","k26",NA,"lastMaintenanceOfPulper_3_ano","Hace cuanto le hizo mantenimiento o calibro su maquina despulpadora?/Hace tres anos",NA,NA,NA,NA,0,0,1,0,NA,NA,NA,NA,NA,NA,NA,NA,NA,NA,NA,NA,NA,NA,NA,NA,NA,NA,1,0,NA,NA,NA,NA,NA,NA,NA,NA,NA,NA,NA,NA
"select_one","k26",NA,"lastMaintenanceOfPulper_4_ano","Hace cuanto le hizo mantenimiento o calibro su maquina despulpadora?/Hace cuatro anos",NA,NA,NA,NA,0,0,1,0,NA,NA,NA,NA,NA,NA,NA,NA,NA,NA,NA,NA,NA,NA,NA,NA,NA,NA,1,0,NA,NA,NA,NA,NA,NA,NA,NA,NA,NA,NA,NA
"select_one","k26",NA,"lastMaintenanceOfPulper_mas_4","Hace cuanto le hizo mantenimiento o calibro su maquina despulpadora?/Hace mas de cuatro anos",NA,NA,NA,NA,0,0,1,0,NA,NA,NA,NA,NA,NA,NA,NA,NA,NA,NA,NA,NA,NA,NA,NA,NA,NA,1,0,NA,NA,NA,NA,NA,NA,NA,NA,NA,NA,NA,NA
"select_one","k26",NA,"lastMaintenanceOfPulper_nunca","Hace cuanto le hizo mantenimiento o calibro su maquina despulpadora?/Nunca le he hecho mantenimiento",NA,NA,NA,NA,0,0,1,0,NA,NA,NA,NA,NA,NA,NA,NA,NA,NA,NA,NA,NA,NA,NA,NA,NA,NA,1,0,NA,NA,NA,NA,NA,NA,NA,NA,NA,NA,NA,NA
"select_one","sn",NA,"lessRain","En la ultima cosecha agricola de primera hubo algun mes en el que lloviera bastante menos de lo habitual?",TRUE,NA,NA,NA,0,0,1,0,NA,NA,NA,NA,NA,NA,NA,NA,NA,NA,NA,NA,NA,NA,NA,NA,NA,NA,0,1,NA,NA,NA,NA,NA,NA,NA,NA,NA,NA,NA,NA
"select_one","delivery","E65","locationOfCoffeeSale","Al vender a ${buyer} entrego el grano en su casa o finca o tuvo que llevarlo a un lugar de entrega?",TRUE,"${amountOfCoffeeProducedLastHarvest}>0",NA,NA,0,0,0,1,0,0,0,0,0,0,0,0,NA,NA,NA,NA,NA,NA,NA,NA,NA,NA,1,1,"sales_repeat","sales_repeat",NA,NA,NA,NA,NA,NA,NA,NA,NA,NA
"dummies","delivery",NA,"locationOfCoffeeSale_coffee_away","Al vender a ${buyer} entrego el grano en su casa o finca o tuvo que llevarlo a un lugar de entrega?/Lo lleve al punto de compra",NA,NA,NA,NA,0,0,1,0,0,0,0,0,0,0,1,0,NA,NA,NA,NA,NA,NA,NA,NA,NA,NA,1,1,"sales_repeat","sales_repeat",NA,NA,NA,NA,NA,NA,NA,NA,NA,NA
"dummies","delivery",NA,"locationOfCoffeeSale_coffee_away_buy","Al vender a ${buyer} entrego el grano en su casa o finca o tuvo que llevarlo a un lugar de entrega?/Lo lleve al punto de compra",NA,NA,NA,NA,0,1,0,0,NA,NA,NA,NA,NA,NA,NA,NA,NA,NA,NA,NA,NA,NA,NA,NA,NA,NA,1,1,NA,NA,NA,NA,NA,NA,NA,NA,NA,NA,NA,NA
"dummies","delivery",NA,"locationOfCoffeeSale_coffee_home","Al vender a ${buyer} entrego el grano en su casa o finca o tuvo que llevarlo a un lugar de entrega?/Lo entregue en mi casa o finca (lo recogieron aqui)",NA,NA,NA,NA,0,0,1,0,0,0,0,0,0,0,1,0,NA,NA,NA,NA,NA,NA,NA,NA,NA,NA,1,1,"sales_repeat","sales_repeat",NA,NA,NA,NA,NA,NA,NA,NA,NA,NA
"dummies","delivery",NA,"locationOfCoffeeSale_coffee_home_buy","Al vender a ${buyer} entrego el grano en su casa o finca o tuvo que llevarlo a un lugar de entrega?/Lo entregue en mi casa o finca (lo recogieron aqui)",NA,NA,NA,NA,0,1,0,0,NA,NA,NA,NA,NA,NA,NA,NA,NA,NA,NA,NA,NA,NA,NA,NA,NA,NA,1,1,NA,NA,NA,NA,NA,NA,NA,NA,NA,NA,NA,NA
"select_multiple","e53","E53","mainHarvestCoffeeClassification","Como clasifico la cosecha principal de su cafe antes de entregarlo al comprador?",TRUE,NA,"not(selected(${mainHarvestCoffeeClassification}, '8') and count-selected(${mainHarvestCoffeeClassification})>1)",NA,0,0,0,2,NA,NA,NA,NA,NA,NA,NA,NA,NA,NA,NA,NA,NA,NA,NA,NA,NA,NA,1,1,NA,NA,NA,NA,NA,NA,NA,NA,NA,NA,NA,NA
"dummies","e53",NA,"mainHarvestCoffeeClassification/1","Como clasifico la cosecha principal de su cafe antes de entregarlo al comprador?/Raleado (seleccion de solo los granos maduros y de alta calidad)",NA,NA,NA,NA,0,0,1,0,NA,NA,NA,NA,NA,NA,NA,NA,NA,NA,NA,NA,NA,NA,NA,NA,NA,NA,1,1,NA,NA,NA,NA,NA,NA,NA,NA,NA,NA,NA,NA
"dummies","e53",NA,"mainHarvestCoffeeClassification/2","Como clasifico la cosecha principal de su cafe antes de entregarlo al comprador?/Cosecha de maduro",NA,NA,NA,NA,0,0,1,0,NA,NA,NA,NA,NA,NA,NA,NA,NA,NA,NA,NA,NA,NA,NA,NA,NA,NA,1,1,NA,NA,NA,NA,NA,NA,NA,NA,NA,NA,NA,NA
"dummies","e53",NA,"mainHarvestCoffeeClassification/3","Como clasifico la cosecha principal de su cafe antes de entregarlo al comprador?/Clasificacion manual (en uvas)",NA,NA,NA,NA,0,0,1,0,NA,NA,NA,NA,NA,NA,NA,NA,NA,NA,NA,NA,NA,NA,NA,NA,NA,NA,1,1,NA,NA,NA,NA,NA,NA,NA,NA,NA,NA,NA,NA
"dummies","e53",NA,"mainHarvestCoffeeClassification/4","Como clasifico la cosecha principal de su cafe antes de entregarlo al comprador?/Separacion de flote (en uvas)",NA,NA,NA,NA,0,0,1,0,NA,NA,NA,NA,NA,NA,NA,NA,NA,NA,NA,NA,NA,NA,NA,NA,NA,NA,1,1,NA,NA,NA,NA,NA,NA,NA,NA,NA,NA,NA,NA
"dummies","e53",NA,"mainHarvestCoffeeClassification/5","Como clasifico la cosecha principal de su cafe antes de entregarlo al comprador?/Clasificacion manual (pergamino humedo)",NA,NA,NA,NA,0,0,1,0,NA,NA,NA,NA,NA,NA,NA,NA,NA,NA,NA,NA,NA,NA,NA,NA,NA,NA,1,1,NA,NA,NA,NA,NA,NA,NA,NA,NA,NA,NA,NA
"dummies","e53",NA,"mainHarvestCoffeeClassification/6","Como clasifico la cosecha principal de su cafe antes de entregarlo al comprador?/Clasificacion mecanica (pergamino humedo)",NA,NA,NA,NA,0,0,1,0,NA,NA,NA,NA,NA,NA,NA,NA,NA,NA,NA,NA,NA,NA,NA,NA,NA,NA,1,1,NA,NA,NA,NA,NA,NA,NA,NA,NA,NA,NA,NA
"dummies","e53",NA,"mainHarvestCoffeeClassification/7","Como clasifico la cosecha principal de su cafe antes de entregarlo al comprador?/Canales/pilas",NA,NA,NA,NA,0,0,1,0,NA,NA,NA,NA,NA,NA,NA,NA,NA,NA,NA,NA,NA,NA,NA,NA,NA,NA,1,1,NA,NA,NA,NA,NA,NA,NA,NA,NA,NA,NA,NA
"dummies","e53",NA,"mainHarvestCoffeeClassification/8","Como clasifico la cosecha principal de su cafe antes de entregarlo al comprador?/Ninguna",NA,NA,NA,NA,0,0,1,0,NA,NA,NA,NA,NA,NA,NA,NA,NA,NA,NA,NA,NA,NA,NA,NA,NA,NA,1,1,NA,NA,NA,NA,NA,NA,NA,NA,NA,NA,NA,NA
"select_multiple","disease_pest","E35","mainPestsOrDiseasesLastYear","Cuales fueron las dos plagas o enfermedades que mas afectaron su cafetal en el ultimo ciclo?",TRUE,NA,"(not(selected(${mainPestsOrDiseasesLastYear}, 'non')) and count-selected(${mainPestsOrDiseasesLastYear}) <= 2) or (selected(${mainPestsOrDiseasesLastYear}, 'non') and count-selected(${mainPestsOrDiseasesLastYear}) = 1)",NA,0,0,0,2,NA,NA,NA,NA,NA,NA,NA,NA,NA,NA,NA,NA,NA,NA,NA,NA,NA,NA,1,1,NA,NA,NA,NA,NA,NA,NA,NA,NA,NA,NA,NA
"dummies","disease_pest",NA,"mainPestsOrDiseasesLastYear/antracnosis","Cuales fueron las dos plagas o enfermedades que mas afectaron su cafetal en el ultimo ciclo?/Antracnosis",NA,NA,NA,NA,0,0,1,0,NA,NA,NA,NA,NA,NA,NA,NA,NA,NA,NA,NA,NA,NA,NA,NA,NA,NA,1,1,NA,NA,NA,NA,NA,NA,NA,NA,NA,NA,NA,NA
"dummies","disease_pest",NA,"mainPestsOrDiseasesLastYear/broca","Cuales fueron las dos plagas o enfermedades que mas afectaron su cafetal en el ultimo ciclo?/Broca",NA,NA,NA,NA,0,0,1,0,NA,NA,NA,NA,NA,NA,NA,NA,NA,NA,NA,NA,NA,NA,NA,NA,NA,NA,1,1,NA,NA,NA,NA,NA,NA,NA,NA,NA,NA,NA,NA
"dummies","disease_pest",NA,"mainPestsOrDiseasesLastYear/gallina","Cuales fueron las dos plagas o enfermedades que mas afectaron su cafetal en el ultimo ciclo?/Gallina ciega",NA,NA,NA,NA,0,0,1,0,NA,NA,NA,NA,NA,NA,NA,NA,NA,NA,NA,NA,NA,NA,NA,NA,NA,NA,0,1,NA,NA,NA,NA,NA,NA,NA,NA,NA,NA,NA,NA
"dummies","disease_pest",NA,"mainPestsOrDiseasesLastYear/gotera","Cuales fueron las dos plagas o enfermedades que mas afectaron su cafetal en el ultimo ciclo?/Gotera (ojo de gallo)",NA,NA,NA,NA,0,0,1,0,NA,NA,NA,NA,NA,NA,NA,NA,NA,NA,NA,NA,NA,NA,NA,NA,NA,NA,1,1,NA,NA,NA,NA,NA,NA,NA,NA,NA,NA,NA,NA
"dummies","disease_pest",NA,"mainPestsOrDiseasesLastYear/mancha","Cuales fueron las dos plagas o enfermedades que mas afectaron su cafetal en el ultimo ciclo?/Mancha de Hierro",NA,NA,NA,NA,0,0,1,0,NA,NA,NA,NA,NA,NA,NA,NA,NA,NA,NA,NA,NA,NA,NA,NA,NA,NA,1,1,NA,NA,NA,NA,NA,NA,NA,NA,NA,NA,NA,NA
"dummies","disease_pest",NA,"mainPestsOrDiseasesLastYear/minador","Cuales fueron las dos plagas o enfermedades que mas afectaron su cafetal en el ultimo ciclo?/Minadora de la hoja",NA,NA,NA,NA,0,0,1,0,NA,NA,NA,NA,NA,NA,NA,NA,NA,NA,NA,NA,NA,NA,NA,NA,NA,NA,0,1,NA,NA,NA,NA,NA,NA,NA,NA,NA,NA,NA,NA
"dummies","disease_pest",NA,"mainPestsOrDiseasesLastYear/muerte_descendente","Cuales fueron las dos plagas o enfermedades que mas afectaron su cafetal en el ultimo ciclo?/Muerte descendente",NA,NA,NA,NA,0,0,1,0,NA,NA,NA,NA,NA,NA,NA,NA,NA,NA,NA,NA,NA,NA,NA,NA,NA,NA,1,1,NA,NA,NA,NA,NA,NA,NA,NA,NA,NA,NA,NA
"dummies","disease_pest",NA,"mainPestsOrDiseasesLastYear/nematodos","Cuales fueron las dos plagas o enfermedades que mas afectaron su cafetal en el ultimo ciclo?/Nematodos",NA,NA,NA,NA,0,0,1,0,NA,NA,NA,NA,NA,NA,NA,NA,NA,NA,NA,NA,NA,NA,NA,NA,NA,NA,0,1,NA,NA,NA,NA,NA,NA,NA,NA,NA,NA,NA,NA
"dummies","disease_pest",NA,"mainPestsOrDiseasesLastYear/non","Cuales fueron las dos plagas o enfermedades que mas afectaron su cafetal en el ultimo ciclo?/Ninguna",NA,NA,NA,NA,0,0,1,0,NA,NA,NA,NA,NA,NA,NA,NA,NA,NA,NA,NA,NA,NA,NA,NA,NA,NA,0,1,NA,NA,NA,NA,NA,NA,NA,NA,NA,NA,NA,NA
"dummies","disease_pest",NA,"mainPestsOrDiseasesLastYear/other","Cuales fueron las dos plagas o enfermedades que mas afectaron su cafetal en el ultimo ciclo?/Otros",NA,NA,NA,NA,0,0,1,0,NA,NA,NA,NA,NA,NA,NA,NA,NA,NA,NA,NA,NA,NA,NA,NA,NA,NA,1,1,NA,NA,NA,NA,NA,NA,NA,NA,NA,NA,NA,NA
"dummies","disease_pest",NA,"mainPestsOrDiseasesLastYear/roya","Cuales fueron las dos plagas o enfermedades que mas afectaron su cafetal en el ultimo ciclo?/Roya",NA,NA,NA,NA,0,0,1,0,NA,NA,NA,NA,NA,NA,NA,NA,NA,NA,NA,NA,NA,NA,NA,NA,NA,NA,1,1,NA,NA,NA,NA,NA,NA,NA,NA,NA,NA,NA,NA
"dummies","disease_pest",NA,"mainPestsOrDiseasesLastYear/zompopo","Cuales fueron las dos plagas o enfermedades que mas afectaron su cafetal en el ultimo ciclo?/Zompopo",NA,NA,NA,NA,0,0,1,0,NA,NA,NA,NA,NA,NA,NA,NA,NA,NA,NA,NA,NA,NA,NA,NA,NA,NA,1,1,NA,NA,NA,NA,NA,NA,NA,NA,NA,NA,NA,NA
"select_one","why_sell_buyer","E66","mainReasonForSellingCoffee","Cual fue la razon principal por la que decidio vender cafe?",TRUE,"amountCoffeeSold > 0",NA,NA,0,0,0,1,0,0,0,0,0,0,0,0,NA,NA,NA,NA,NA,NA,NA,NA,NA,NA,1,0,"sales_repeat",NA,NA,NA,NA,NA,NA,NA,NA,NA,NA,NA
"select_one","why_sell_buyer",NA,"mainReasonForSellingCoffee_sell_agreements","Cual fue la razon principal por la que decidio vender cafe? Por comprador/Acuerdos formales o informales para venderle",NA,NA,NA,NA,0,0,1,0,0,0,0,0,0,0,1,0,NA,NA,NA,NA,NA,NA,NA,NA,NA,NA,1,0,"sales_repeat",NA,NA,NA,NA,NA,NA,NA,NA,NA,NA,NA
"select_one","why_sell_buyer",NA,"mainReasonForSellingCoffee_sell_agreements_buy","Cual fue la razon principal por la que decidio vender cafe?/Acuerdos formales o informales para venderle",NA,NA,NA,NA,0,1,0,0,NA,NA,NA,NA,NA,NA,NA,NA,NA,NA,NA,NA,NA,NA,NA,NA,NA,NA,1,0,NA,NA,NA,NA,NA,NA,NA,NA,NA,NA,NA,NA
"select_one","why_sell_buyer",NA,"mainReasonForSellingCoffee_sell_custom","Cual fue la razon principal por la que decidio vender cafe? Por comprador/Costumbre (siempre le vendo a el)",NA,NA,NA,NA,0,0,1,0,0,0,0,0,0,0,1,0,NA,NA,NA,NA,NA,NA,NA,NA,NA,NA,1,0,"sales_repeat",NA,NA,NA,NA,NA,NA,NA,NA,NA,NA,NA
"select_one","why_sell_buyer",NA,"mainReasonForSellingCoffee_sell_custom_buy","Cual fue la razon principal por la que decidio vender cafe?/Costumbre (siempre le vendo a el)",NA,NA,NA,NA,0,1,0,0,NA,NA,NA,NA,NA,NA,NA,NA,NA,NA,NA,NA,NA,NA,NA,NA,NA,NA,1,0,NA,NA,NA,NA,NA,NA,NA,NA,NA,NA,NA,NA
"select_one","why_sell_buyer",NA,"mainReasonForSellingCoffee_sell_family","Cual fue la razon principal por la que decidio vender cafe? Por comprador/Relaciones familiares",NA,NA,NA,NA,0,0,1,0,0,0,0,0,0,0,1,0,NA,NA,NA,NA,NA,NA,NA,NA,NA,NA,1,0,"sales_repeat",NA,NA,NA,NA,NA,NA,NA,NA,NA,NA,NA
"select_one","why_sell_buyer",NA,"mainReasonForSellingCoffee_sell_family_buy","Cual fue la razon principal por la que decidio vender cafe?/Relaciones familiares",NA,NA,NA,NA,0,1,0,0,NA,NA,NA,NA,NA,NA,NA,NA,NA,NA,NA,NA,NA,NA,NA,NA,NA,NA,1,0,NA,NA,NA,NA,NA,NA,NA,NA,NA,NA,NA,NA
"select_one","why_sell_buyer",NA,"mainReasonForSellingCoffee_sell_immediate","Cual fue la razon principal por la que decidio vender cafe? Por comprador/Me paga inmediatamente",NA,NA,NA,NA,0,0,1,0,0,0,0,0,0,0,1,0,NA,NA,NA,NA,NA,NA,NA,NA,NA,NA,1,0,"sales_repeat",NA,NA,NA,NA,NA,NA,NA,NA,NA,NA,NA
"select_one","why_sell_buyer",NA,"mainReasonForSellingCoffee_sell_immediate_buy","Cual fue la razon principal por la que decidio vender cafe?/Me paga inmediatamente",NA,NA,NA,NA,0,1,0,0,NA,NA,NA,NA,NA,NA,NA,NA,NA,NA,NA,NA,NA,NA,NA,NA,NA,NA,1,0,NA,NA,NA,NA,NA,NA,NA,NA,NA,NA,NA,NA
"select_one","why_sell_buyer",NA,"mainReasonForSellingCoffee_sell_only","Cual fue la razon principal por la que decidio vender cafe? Por comprador/Es el unico comprador",NA,NA,NA,NA,0,0,1,0,0,0,0,0,0,0,1,0,NA,NA,NA,NA,NA,NA,NA,NA,NA,NA,1,0,"sales_repeat",NA,NA,NA,NA,NA,NA,NA,NA,NA,NA,NA
"select_one","why_sell_buyer",NA,"mainReasonForSellingCoffee_sell_only_buy","Cual fue la razon principal por la que decidio vender cafe?/Es el unico comprador",NA,NA,NA,NA,0,1,0,0,NA,NA,NA,NA,NA,NA,NA,NA,NA,NA,NA,NA,NA,NA,NA,NA,NA,NA,1,0,NA,NA,NA,NA,NA,NA,NA,NA,NA,NA,NA,NA
"select_one","why_sell_buyer",NA,"mainReasonForSellingCoffee_sell_other","Cual fue la razon principal por la que decidio vender cafe? Por comprador/Otra",NA,NA,NA,NA,0,0,1,0,0,0,0,0,0,0,1,0,NA,NA,NA,NA,NA,NA,NA,NA,NA,NA,1,0,"sales_repeat",NA,NA,NA,NA,NA,NA,NA,NA,NA,NA,NA
"select_one","why_sell_buyer",NA,"mainReasonForSellingCoffee_sell_other_buy","Cual fue la razon principal por la que decidio vender cafe?/Otra",NA,NA,NA,NA,0,1,0,0,NA,NA,NA,NA,NA,NA,NA,NA,NA,NA,NA,NA,NA,NA,NA,NA,NA,NA,1,0,NA,NA,NA,NA,NA,NA,NA,NA,NA,NA,NA,NA
"select_one","why_sell_buyer",NA,"mainReasonForSellingCoffee_sell_price","Cual fue la razon principal por la que decidio vender cafe? Por comprador/Me paga un buen precio",NA,NA,NA,NA,0,0,1,0,0,0,0,0,0,0,1,0,NA,NA,NA,NA,NA,NA,NA,NA,NA,NA,1,0,"sales_repeat",NA,NA,NA,NA,NA,NA,NA,NA,NA,NA,NA
"select_one","why_sell_buyer",NA,"mainReasonForSellingCoffee_sell_price_buy","Cual fue la razon principal por la que decidio vender cafe?/Me paga un buen precio",NA,NA,NA,NA,0,1,0,0,NA,NA,NA,NA,NA,NA,NA,NA,NA,NA,NA,NA,NA,NA,NA,NA,NA,NA,1,0,NA,NA,NA,NA,NA,NA,NA,NA,NA,NA,NA,NA
"select_one","why_sell_buyer",NA,"mainReasonForSellingCoffee_sell_quality","Cual fue la razon principal por la que decidio vender cafe? Por comprador/Me paga por la calidad",NA,NA,NA,NA,0,0,1,0,0,0,0,0,0,0,1,0,NA,NA,NA,NA,NA,NA,NA,NA,NA,NA,1,0,"sales_repeat",NA,NA,NA,NA,NA,NA,NA,NA,NA,NA,NA
"select_one","why_sell_buyer",NA,"mainReasonForSellingCoffee_sell_quality_buy","Cual fue la razon principal por la que decidio vender cafe?/Me paga por la calidad",NA,NA,NA,NA,0,1,0,0,NA,NA,NA,NA,NA,NA,NA,NA,NA,NA,NA,NA,NA,NA,NA,NA,NA,NA,1,0,NA,NA,NA,NA,NA,NA,NA,NA,NA,NA,NA,NA
"select_one","why_sell_buyer",NA,"mainReasonForSellingCoffee_sell_repay","Cual fue la razon principal por la que decidio vender cafe? Por comprador/Tengo que devolver el credito recibido del comprador",NA,NA,NA,NA,0,0,1,0,0,0,0,0,0,0,1,0,NA,NA,NA,NA,NA,NA,NA,NA,NA,NA,1,0,"sales_repeat",NA,NA,NA,NA,NA,NA,NA,NA,NA,NA,NA
"select_one","why_sell_buyer",NA,"mainReasonForSellingCoffee_sell_repay_buy","Cual fue la razon principal por la que decidio vender cafe?/Tengo que devolver el credito recibido del comprador",NA,NA,NA,NA,0,1,0,0,NA,NA,NA,NA,NA,NA,NA,NA,NA,NA,NA,NA,NA,NA,NA,NA,NA,NA,1,0,NA,NA,NA,NA,NA,NA,NA,NA,NA,NA,NA,NA
"select_one","why_sell_buyer",NA,"mainReasonForSellingCoffee_sell_transport","Cual fue la razon principal por la que decidio vender cafe? Por comprador/Transporta el cafe desde mi finca",NA,NA,NA,NA,0,0,1,0,0,0,0,0,0,0,1,0,NA,NA,NA,NA,NA,NA,NA,NA,NA,NA,0,0,"sales_repeat",NA,NA,NA,NA,NA,NA,NA,NA,NA,NA,NA
"select_one","why_sell_buyer",NA,"mainReasonForSellingCoffee_sell_transport_buy","Cual fue la razon principal por la que decidio vender cafe?/Transporta el cafe desde mi finca",NA,NA,NA,NA,0,1,0,0,NA,NA,NA,NA,NA,NA,NA,NA,NA,NA,NA,NA,NA,NA,NA,NA,NA,NA,0,0,NA,NA,NA,NA,NA,NA,NA,NA,NA,NA,NA,NA
"select_one","snap",NA,"maleElementary","De todos los HOMBRES de entre 15 y 29 anos de este hogar alguno ha completado el ultimo grado de educacion primaria o superior?",TRUE,"${numberOfPeopleInHousehold}-${familyWomen}>0",NA,NA,0,0,0,1,NA,NA,NA,NA,NA,NA,NA,NA,NA,NA,NA,NA,NA,NA,NA,NA,NA,NA,0,1,NA,NA,NA,NA,NA,NA,NA,NA,NA,NA,NA,NA
"dummies","snap",NA,"maleElementary_N","De todos los HOMBRES de entre 15 y 29 anos de este hogar alguno ha completado educacion primaria (escuela)?/No",NA,NA,NA,NA,0,0,1,0,NA,NA,NA,NA,NA,NA,NA,NA,NA,NA,NA,NA,NA,NA,NA,NA,NA,NA,0,1,NA,NA,NA,NA,NA,NA,NA,NA,NA,NA,NA,NA
"dummies","snap",NA,"maleElementary_NA","De todos los HOMBRES de entre 15 y 29 anos de este hogar alguno ha completado educacion primaria (escuela)?/No aplica",NA,NA,NA,NA,0,0,1,0,NA,NA,NA,NA,NA,NA,NA,NA,NA,NA,NA,NA,NA,NA,NA,NA,NA,NA,0,1,NA,NA,NA,NA,NA,NA,NA,NA,NA,NA,NA,NA
"dummies","snap",NA,"maleElementary_Y","De todos los HOMBRES de entre 15 y 29 anos de este hogar alguno ha completado educacion primaria (escuela)?/Si",NA,NA,NA,NA,0,0,1,0,NA,NA,NA,NA,NA,NA,NA,NA,NA,NA,NA,NA,NA,NA,NA,NA,NA,NA,0,1,NA,NA,NA,NA,NA,NA,NA,NA,NA,NA,NA,NA
"select_one","power","L10","marketParticipationDecision","Puede elegir que vender en el mercado o a que mercado acudir?",TRUE,NA,NA,NA,0,0,0,1,NA,NA,NA,NA,NA,NA,NA,NA,NA,NA,NA,NA,NA,NA,NA,NA,NA,NA,1,0,NA,NA,NA,NA,NA,NA,NA,NA,NA,NA,NA,NA
"select_one","power",NA,"marketParticipationDecision_1","Puede elegir que vender en el mercado o a que mercado acudir?/No puedo",NA,NA,NA,NA,0,0,1,0,NA,NA,NA,NA,NA,NA,NA,NA,NA,NA,NA,NA,NA,NA,NA,NA,NA,NA,1,0,NA,NA,NA,NA,NA,NA,NA,NA,NA,NA,NA,NA
"select_one","power",NA,"marketParticipationDecision_2","Puede elegir que vender en el mercado o a que mercado acudir?/Tengo cierto poder de decision, pero mi conyuge tiene la ultima palabra",NA,NA,NA,NA,0,0,1,0,NA,NA,NA,NA,NA,NA,NA,NA,NA,NA,NA,NA,NA,NA,NA,NA,NA,NA,1,0,NA,NA,NA,NA,NA,NA,NA,NA,NA,NA,NA,NA
"select_one","power",NA,"marketParticipationDecision_3","Puede elegir que vender en el mercado o a que mercado acudir?/Hay igualdad de decision (mi conyuge y yo decidimos juntos)",NA,NA,NA,NA,0,0,1,0,NA,NA,NA,NA,NA,NA,NA,NA,NA,NA,NA,NA,NA,NA,NA,NA,NA,NA,1,0,NA,NA,NA,NA,NA,NA,NA,NA,NA,NA,NA,NA
"select_one","power",NA,"marketParticipationDecision_4","Puede elegir que vender en el mercado o a que mercado acudir?/Tengo la ultima palabra, pero mi conyuge tiene cierto poder de decision",NA,NA,NA,NA,0,0,1,0,NA,NA,NA,NA,NA,NA,NA,NA,NA,NA,NA,NA,NA,NA,NA,NA,NA,NA,1,0,NA,NA,NA,NA,NA,NA,NA,NA,NA,NA,NA,NA
"select_one","power",NA,"marketParticipationDecision_5","Puede elegir que vender en el mercado o a que mercado acudir?/Tengo todo el poder de decidir",NA,NA,NA,NA,0,0,1,0,NA,NA,NA,NA,NA,NA,NA,NA,NA,NA,NA,NA,NA,NA,NA,NA,NA,NA,1,0,NA,NA,NA,NA,NA,NA,NA,NA,NA,NA,NA,NA
"calculate",NA,NA,"maxcos",NA,NA,NA,NA,"${E24CA}*1.15",1,0,0,0,NA,NA,NA,NA,NA,NA,NA,NA,NA,NA,NA,NA,NA,NA,NA,NA,NA,NA,0,1,NA,NA,NA,NA,NA,NA,NA,NA,NA,NA,NA,NA
"decimal",NA,"E72","maximumReceivedPriceForCoffee","Cual fue el precio maximo que recibio de cafe ${TCX} durante la ultima cosecha?",TRUE,NA,NA,NA,1,0,0,0,0,0,0,0,0,0,0,0,0,0,0,0,0,0,0,0,0,2,1,1,"sales_process_repeat","sales_process_repeat",NA,NA,NA,NA,NA,NA,NA,NA,NA,NA
"decimal",NA,NA,"maximumReceivedPriceForCoffeeInKgGreen","Precio maximo promedio de venta por tipo de cafe, en cafe verde y kg",NA,NA,NA,NA,1,0,0,0,0,0,1,0,0,0,0,0,NA,NA,NA,NA,NA,NA,NA,NA,NA,NA,1,1,"sales_process_repeat","sales_process_repeat",NA,NA,NA,NA,NA,NA,NA,NA,NA,NA
"decimal",NA,NA,"maximumReceivedPriceForCoffeeInKgGreen_typ","Precio maximo promedio de venta, por comprador, en cafe verde y kg",NA,NA,NA,NA,1,0,0,0,0,0,1,0,0,0,0,0,NA,NA,NA,NA,NA,NA,NA,NA,NA,NA,1,1,"sales_repeat","sales_repeat",NA,NA,NA,NA,NA,NA,NA,NA,NA,NA
"decimal",NA,NA,"maximumReceivedPriceForCoffeeInKgGreen_typ_buy","Precio maximo promedio de venta, por comprador, en cafe verde y kg",NA,NA,NA,NA,1,0,0,0,NA,NA,NA,NA,NA,NA,NA,NA,NA,NA,NA,NA,NA,NA,NA,NA,NA,NA,1,1,NA,NA,NA,NA,NA,NA,NA,NA,NA,NA,NA,NA
"select_one","area_units","E3","measurementUnitOfArea","Unidad de medida de area",TRUE,NA,NA,NA,0,0,0,1,0,0,0,0,0,0,0,0,NA,NA,2,NA,NA,NA,NA,NA,NA,NA,1,1,NA,"lands",NA,NA,NA,NA,NA,NA,NA,NA,NA,NA
"calculate",NA,NA,"measurementUnitOfAreaLabel","Etiqueta de unidad de medida del area",NA,NA,NA,"if(${measurementUnitOfArea}='vr', 'Varas', if(${measurementUnitOfArea}='mz', 'Manzanas', if(${measurementUnitOfArea}='hectare', 'Hectáreas', if(${measurementUnitOfArea}='tarea', 'Tareas', if(${measurementUnitOfArea}='metros2', 'Metros cuadrados', 'Otros')))))",0,0,0,0,0,0,0,0,0,0,0,0,NA,NA,NA,NA,NA,NA,NA,NA,NA,NA,0,1,NA,"lands",NA,NA,NA,NA,NA,NA,NA,NA,NA,NA
"calculate",NA,"E68C","methodOfCoffeeSale","Identificador de forma de Venta del Cafe",NA,NA,NA,NA,0,0,0,1,0,0,0,0,0,0,0,0,0,0,0,0,0,1,0,0,1,1,1,0,"sales_process_repeat",NA,NA,NA,NA,NA,NA,NA,NA,NA,NA,NA
"select_one","who_advise_yes","F3","methodOfContactingTechnicians","Como contacto a estos tecnicos?",TRUE,"sourceOfTechnicalAssistance == 'Tecnico del Gobierno (IHCAFE)' | sourceOfTechnicalAssistance == 'Tecnico de ONG'",NA,NA,0,0,0,1,NA,NA,NA,NA,NA,NA,NA,NA,NA,NA,NA,NA,NA,NA,NA,NA,NA,NA,1,0,NA,NA,NA,NA,NA,NA,NA,NA,NA,NA,NA,NA
"dummies",NA,NA,"methodOfContactingTechnicians_cellphone","Como contacto a estos tecnicos? / Los llamo por celular",NA,NA,NA,NA,0,0,1,0,NA,NA,NA,NA,NA,NA,NA,NA,NA,NA,NA,NA,NA,NA,NA,NA,NA,NA,1,0,NA,NA,NA,NA,NA,NA,NA,NA,NA,NA,NA,NA
"dummies",NA,NA,"methodOfContactingTechnicians_office","Como contacto a estos tecnicos? / Los visito en sus oficinas",NA,NA,NA,NA,0,0,1,0,NA,NA,NA,NA,NA,NA,NA,NA,NA,NA,NA,NA,NA,NA,NA,NA,NA,NA,1,0,NA,NA,NA,NA,NA,NA,NA,NA,NA,NA,NA,NA
"dummies",NA,NA,"methodOfContactingTechnicians_other","Como contacto a estos tecnicos? / Otra manera (esp.)",NA,NA,NA,NA,0,0,1,0,NA,NA,NA,NA,NA,NA,NA,NA,NA,NA,NA,NA,NA,NA,NA,NA,NA,NA,1,0,NA,NA,NA,NA,NA,NA,NA,NA,NA,NA,NA,NA
"dummies",NA,NA,"methodOfContactingTechnicians_visit","Como contacto a estos tecnicos? / Espero que me visiten para aclarar mis dudas",NA,NA,NA,NA,0,0,1,0,NA,NA,NA,NA,NA,NA,NA,NA,NA,NA,NA,NA,NA,NA,NA,NA,NA,NA,1,0,NA,NA,NA,NA,NA,NA,NA,NA,NA,NA,NA,NA
"calculate",NA,NA,"mincos",NA,NA,NA,NA,"${E24CA}*0.15",1,0,0,0,NA,NA,NA,NA,NA,NA,NA,NA,NA,NA,NA,NA,NA,NA,NA,NA,NA,NA,0,1,NA,NA,NA,NA,NA,NA,NA,NA,NA,NA,NA,NA
"decimal",NA,"E71","minimumReceivedPriceForCoffee","Cual fue el precio minimo que recibio por la venta de cafe ${TCX} a ${buyer} durante la ultima cosecha?",TRUE,NA,NA,NA,1,0,0,0,0,0,0,0,0,0,0,0,0,0,0,0,0,0,0,0,2,0,1,1,"sales_process_repeat","sales_process_repeat",NA,NA,NA,NA,NA,NA,NA,NA,NA,NA
"decimal",NA,NA,"minimumReceivedPriceForCoffeeInKgGreen","Precio minimo promedio de venta por tipo de cafe, en cafe verde y kg",NA,NA,NA,NA,1,0,0,0,0,0,0,1,0,0,0,0,NA,NA,NA,NA,NA,NA,NA,NA,NA,NA,1,1,"sales_process_repeat","sales_process_repeat",NA,NA,NA,NA,NA,NA,NA,NA,NA,NA
"decimal",NA,NA,"minimumReceivedPriceForCoffeeInKgGreen_typ","Precio minimo promedio de venta por comprador, en cafe verde y kg",NA,NA,NA,NA,1,0,0,0,0,0,0,1,0,0,0,0,NA,NA,NA,NA,NA,NA,NA,NA,NA,NA,1,1,"sales_repeat","sales_repeat",NA,NA,NA,NA,NA,NA,NA,NA,NA,NA
"decimal",NA,NA,"minimumReceivedPriceForCoffeeInKgGreen_typ_buy","Precio minimo promedio de venta por comprador, en cafe verde y kg",NA,NA,NA,NA,1,0,0,0,NA,NA,NA,NA,NA,NA,NA,NA,NA,NA,NA,NA,NA,NA,NA,NA,NA,NA,1,1,NA,NA,NA,NA,NA,NA,NA,NA,NA,NA,NA,NA
"select_multiple","months","I2","monthsOfLessFoodAvailability","En que meses del ano hay menos comida disponible?",TRUE,"seasonsWithLessFoodAvailability == 'Si'",NA,NA,0,0,0,2,NA,NA,NA,NA,NA,NA,NA,NA,NA,NA,NA,NA,NA,NA,NA,NA,NA,NA,1,0,NA,NA,NA,NA,NA,NA,NA,NA,NA,NA,NA,NA
"select_one","months",NA,"monthsOfLessFoodAvailability/apr","En que meses del ano hay menos comida disponible?/Abr",NA,NA,NA,NA,0,0,1,0,NA,NA,NA,NA,NA,NA,NA,NA,NA,NA,NA,NA,NA,NA,NA,NA,NA,NA,1,0,NA,NA,NA,NA,NA,NA,NA,NA,NA,NA,NA,NA
"select_one","months",NA,"monthsOfLessFoodAvailability/aug","En que meses del ano hay menos comida disponible?/Ago",NA,NA,NA,NA,0,0,1,0,NA,NA,NA,NA,NA,NA,NA,NA,NA,NA,NA,NA,NA,NA,NA,NA,NA,NA,1,0,NA,NA,NA,NA,NA,NA,NA,NA,NA,NA,NA,NA
"select_one","months",NA,"monthsOfLessFoodAvailability/dec","En que meses del ano hay menos comida disponible?/Dic",NA,NA,NA,NA,0,0,1,0,NA,NA,NA,NA,NA,NA,NA,NA,NA,NA,NA,NA,NA,NA,NA,NA,NA,NA,1,0,NA,NA,NA,NA,NA,NA,NA,NA,NA,NA,NA,NA
"select_one","months",NA,"monthsOfLessFoodAvailability/feb","En que meses del ano hay menos comida disponible?/Feb",NA,NA,NA,NA,0,0,1,0,NA,NA,NA,NA,NA,NA,NA,NA,NA,NA,NA,NA,NA,NA,NA,NA,NA,NA,0,0,NA,NA,NA,NA,NA,NA,NA,NA,NA,NA,NA,NA
"select_one","months",NA,"monthsOfLessFoodAvailability/jan","En que meses del ano hay menos comida disponible?/Ene",NA,NA,NA,NA,0,0,1,0,NA,NA,NA,NA,NA,NA,NA,NA,NA,NA,NA,NA,NA,NA,NA,NA,NA,NA,0,0,NA,NA,NA,NA,NA,NA,NA,NA,NA,NA,NA,NA
"select_one","months",NA,"monthsOfLessFoodAvailability/jul","En que meses del ano hay menos comida disponible?/Jul",NA,NA,NA,NA,0,0,1,0,NA,NA,NA,NA,NA,NA,NA,NA,NA,NA,NA,NA,NA,NA,NA,NA,NA,NA,1,0,NA,NA,NA,NA,NA,NA,NA,NA,NA,NA,NA,NA
"select_one","months",NA,"monthsOfLessFoodAvailability/jun","En que meses del ano hay menos comida disponible?/Jun",NA,NA,NA,NA,0,0,1,0,NA,NA,NA,NA,NA,NA,NA,NA,NA,NA,NA,NA,NA,NA,NA,NA,NA,NA,1,0,NA,NA,NA,NA,NA,NA,NA,NA,NA,NA,NA,NA
"select_one","months",NA,"monthsOfLessFoodAvailability/mar","En que meses del ano hay menos comida disponible?/Mar",NA,NA,NA,NA,0,0,1,0,NA,NA,NA,NA,NA,NA,NA,NA,NA,NA,NA,NA,NA,NA,NA,NA,NA,NA,1,0,NA,NA,NA,NA,NA,NA,NA,NA,NA,NA,NA,NA
"select_one","months",NA,"monthsOfLessFoodAvailability/may","En que meses del ano hay menos comida disponible?/May",NA,NA,NA,NA,0,0,1,0,NA,NA,NA,NA,NA,NA,NA,NA,NA,NA,NA,NA,NA,NA,NA,NA,NA,NA,1,0,NA,NA,NA,NA,NA,NA,NA,NA,NA,NA,NA,NA
"select_one","months",NA,"monthsOfLessFoodAvailability/no_answer","En que meses del ano hay menos comida disponible?/Sin respuesta",NA,NA,NA,NA,0,0,1,0,NA,NA,NA,NA,NA,NA,NA,NA,NA,NA,NA,NA,NA,NA,NA,NA,NA,NA,1,0,NA,NA,NA,NA,NA,NA,NA,NA,NA,NA,NA,NA
"select_one","months",NA,"monthsOfLessFoodAvailability/nov","En que meses del ano hay menos comida disponible?/Nov",NA,NA,NA,NA,0,0,1,0,NA,NA,NA,NA,NA,NA,NA,NA,NA,NA,NA,NA,NA,NA,NA,NA,NA,NA,1,0,NA,NA,NA,NA,NA,NA,NA,NA,NA,NA,NA,NA
"select_one","months",NA,"monthsOfLessFoodAvailability/oct","En que meses del ano hay menos comida disponible?/Oct",NA,NA,NA,NA,0,0,1,0,NA,NA,NA,NA,NA,NA,NA,NA,NA,NA,NA,NA,NA,NA,NA,NA,NA,NA,1,0,NA,NA,NA,NA,NA,NA,NA,NA,NA,NA,NA,NA
"select_one","months",NA,"monthsOfLessFoodAvailability/sep","En que meses del ano hay menos comida disponible?/Sep",NA,NA,NA,NA,0,0,1,0,NA,NA,NA,NA,NA,NA,NA,NA,NA,NA,NA,NA,NA,NA,NA,NA,NA,NA,1,0,NA,NA,NA,NA,NA,NA,NA,NA,NA,NA,NA,NA
"select_one","municipio","A5","municipality","Municipio",TRUE,"selected(${same_community}, 'N')",NA,NA,0,0,0,1,NA,NA,NA,NA,NA,NA,NA,NA,NA,NA,NA,NA,NA,NA,NA,NA,NA,NA,1,1,NA,NA,NA,NA,NA,NA,NA,NA,NA,NA,NA,NA
"select_one","municipio",NA,"municipality_arada1","En que municipio se encuentra su finca?/Arada",NA,NA,NA,NA,0,0,1,0,NA,NA,NA,NA,NA,NA,NA,NA,NA,NA,NA,NA,NA,NA,NA,NA,NA,NA,1,1,NA,NA,NA,NA,NA,NA,NA,NA,NA,NA,NA,NA
"select_one","municipio",NA,"municipality_atima","En que municipio se encuentra su finca?/Atima",NA,NA,NA,NA,0,0,1,0,NA,NA,NA,NA,NA,NA,NA,NA,NA,NA,NA,NA,NA,NA,NA,NA,NA,NA,1,1,NA,NA,NA,NA,NA,NA,NA,NA,NA,NA,NA,NA
"select_one","municipio",NA,"municipality_iguala","En que municipio se encuentra su finca?/La Iguala",NA,NA,NA,NA,0,0,1,0,NA,NA,NA,NA,NA,NA,NA,NA,NA,NA,NA,NA,NA,NA,NA,NA,NA,NA,1,1,NA,NA,NA,NA,NA,NA,NA,NA,NA,NA,NA,NA
"select_one","municipio",NA,"municipality_nispero","En que municipio se encuentra su finca?/El Nispero",NA,NA,NA,NA,0,0,1,0,NA,NA,NA,NA,NA,NA,NA,NA,NA,NA,NA,NA,NA,NA,NA,NA,NA,NA,1,1,NA,NA,NA,NA,NA,NA,NA,NA,NA,NA,NA,NA
"select_one","municipio",NA,"municipality_sfojuera","En que municipio se encuentra su finca?/San Francisco de Ojuera",NA,NA,NA,NA,0,0,1,0,NA,NA,NA,NA,NA,NA,NA,NA,NA,NA,NA,NA,NA,NA,NA,NA,NA,NA,1,1,NA,NA,NA,NA,NA,NA,NA,NA,NA,NA,NA,NA
"select_one","municipio",NA,"municipality_snicolas","En que municipio se encuentra su finca?/San Nicolas",NA,NA,NA,NA,0,0,1,0,NA,NA,NA,NA,NA,NA,NA,NA,NA,NA,NA,NA,NA,NA,NA,NA,NA,NA,1,1,NA,NA,NA,NA,NA,NA,NA,NA,NA,NA,NA,NA
"select_one","municipio",NA,"municipality_srafael","En que municipio se encuentra su finca?/San Rafael",NA,NA,NA,NA,0,0,1,0,NA,NA,NA,NA,NA,NA,NA,NA,NA,NA,NA,NA,NA,NA,NA,NA,NA,NA,1,1,NA,NA,NA,NA,NA,NA,NA,NA,NA,NA,NA,NA
"select_one","municipio",NA,"municipality_srita","En que municipio se encuentra su finca?/Santa Rita",NA,NA,NA,NA,0,0,1,0,NA,NA,NA,NA,NA,NA,NA,NA,NA,NA,NA,NA,NA,NA,NA,NA,NA,NA,1,1,NA,NA,NA,NA,NA,NA,NA,NA,NA,NA,NA,NA
"select_one","municipio",NA,"municipality_union","En que municipio se encuentra su finca?/La Union",NA,NA,NA,NA,0,0,1,0,NA,NA,NA,NA,NA,NA,NA,NA,NA,NA,NA,NA,NA,NA,NA,NA,NA,NA,1,1,NA,NA,NA,NA,NA,NA,NA,NA,NA,NA,NA,NA
"select_one","municipio",NA,"municipality_victoria","En que municipio se encuentra su finca?/Victoria",NA,NA,NA,NA,0,0,1,0,NA,NA,NA,NA,NA,NA,NA,NA,NA,NA,NA,NA,NA,NA,NA,NA,NA,NA,1,1,NA,NA,NA,NA,NA,NA,NA,NA,NA,NA,NA,NA
"select_one","municipio",NA,"municipality_yorito","En que municipio se encuentra su finca?/Yorito",NA,NA,NA,NA,0,0,1,0,NA,NA,NA,NA,NA,NA,NA,NA,NA,NA,NA,NA,NA,NA,NA,NA,NA,NA,1,1,NA,NA,NA,NA,NA,NA,NA,NA,NA,NA,NA,NA
"select_one","municipio",NA,"municipality_yoro","En que municipio se encuentra su finca?/Yoro",NA,NA,NA,NA,0,0,1,0,NA,NA,NA,NA,NA,NA,NA,NA,NA,NA,NA,NA,NA,NA,NA,NA,NA,NA,1,1,NA,NA,NA,NA,NA,NA,NA,NA,NA,NA,NA,NA
"calculate",NA,NA,"nameCheck","Nombre del productor",NA,NA,NA,"pulldata('identifiers', 'name', 'surveyID', ${surveyID})",0,0,0,0,NA,NA,NA,NA,NA,NA,NA,NA,NA,NA,NA,NA,NA,NA,NA,NA,NA,NA,0,1,NA,NA,NA,NA,NA,NA,NA,NA,NA,NA,NA,NA
"calculate",NA,"E36C","nameOfPest","Identificador de plaga o enfermedad",NA,NA,NA,"jr:choice-name(selected-at(${mainPestsOrDiseasesLastYear},(position(..)-1)),'${mainPestsOrDiseasesLastYear}')",0,0,0,1,0,0,0,0,0,0,0,0,NA,NA,NA,NA,NA,NA,NA,NA,NA,NA,0,0,NA,"pnd_repeat",NA,NA,NA,NA,NA,NA,NA,NA,NA,NA
"dummies",NA,NA,"nameOfPest_antracnosis","Identificador de plaga o enfermedad/Antracnosis",NA,NA,NA,NA,0,0,0,0,0,0,0,0,0,0,0,0,NA,NA,NA,NA,NA,NA,NA,NA,NA,NA,0,0,NA,"pnd_repeat",NA,NA,NA,NA,NA,NA,NA,NA,NA,NA
"dummies",NA,NA,"nameOfPest_broca","Identificador de plaga o enfermedad/Broca",NA,NA,NA,NA,0,0,0,0,0,0,0,0,0,0,0,0,NA,NA,NA,NA,NA,NA,NA,NA,NA,NA,0,0,NA,"pnd_repeat",NA,NA,NA,NA,NA,NA,NA,NA,NA,NA
"dummies",NA,NA,"nameOfPest_gallina","Identificador de plaga o enfermedad/Gallina ciega",NA,NA,NA,NA,0,0,0,0,0,0,0,0,0,0,0,0,NA,NA,NA,NA,NA,NA,NA,NA,NA,NA,0,0,NA,"pnd_repeat",NA,NA,NA,NA,NA,NA,NA,NA,NA,NA
"dummies",NA,NA,"nameOfPest_gotera","Identificador de plaga o enfermedad/Gotera (ojo de gallo)",NA,NA,NA,NA,0,0,0,0,0,0,0,0,0,0,0,0,NA,NA,NA,NA,NA,NA,NA,NA,NA,NA,0,0,NA,"pnd_repeat",NA,NA,NA,NA,NA,NA,NA,NA,NA,NA
"dummies",NA,NA,"nameOfPest_mancha","Identificador de plaga o enfermedad/Mancha de Hierro",NA,NA,NA,NA,0,0,0,0,0,0,0,0,0,0,0,0,NA,NA,NA,NA,NA,NA,NA,NA,NA,NA,0,0,NA,"pnd_repeat",NA,NA,NA,NA,NA,NA,NA,NA,NA,NA
"dummies",NA,NA,"nameOfPest_minador","Identificador de plaga o enfermedad/Minadora de la hoja",NA,NA,NA,NA,0,0,0,0,0,0,0,0,0,0,0,0,NA,NA,NA,NA,NA,NA,NA,NA,NA,NA,0,0,NA,"pnd_repeat",NA,NA,NA,NA,NA,NA,NA,NA,NA,NA
"dummies",NA,NA,"nameOfPest_muerte_descendente","Identificador de plaga o enfermedad/Muerte descendente",NA,NA,NA,NA,0,0,0,0,0,0,0,0,0,0,0,0,NA,NA,NA,NA,NA,NA,NA,NA,NA,NA,0,0,NA,"pnd_repeat",NA,NA,NA,NA,NA,NA,NA,NA,NA,NA
"dummies",NA,NA,"nameOfPest_nematodos","Identificador de plaga o enfermedad/Nemátodos",NA,NA,NA,NA,0,0,0,0,0,0,0,0,0,0,0,0,NA,NA,NA,NA,NA,NA,NA,NA,NA,NA,0,0,NA,"pnd_repeat",NA,NA,NA,NA,NA,NA,NA,NA,NA,NA
"dummies",NA,NA,"nameOfPest_non","Identificador de plaga o enfermedad/Ninguna",NA,NA,NA,NA,0,0,0,0,0,0,0,0,0,0,0,0,NA,NA,NA,NA,NA,NA,NA,NA,NA,NA,0,0,NA,"pnd_repeat",NA,NA,NA,NA,NA,NA,NA,NA,NA,NA
"dummies",NA,NA,"nameOfPest_other","Identificador de plaga o enfermedad/Otros",NA,NA,NA,NA,0,0,0,0,0,0,0,0,0,0,0,0,NA,NA,NA,NA,NA,NA,NA,NA,NA,NA,0,0,NA,"pnd_repeat",NA,NA,NA,NA,NA,NA,NA,NA,NA,NA
"dummies",NA,NA,"nameOfPest_roya","Identificador de plaga o enfermedad/Roya",NA,NA,NA,NA,0,0,0,0,0,0,0,0,0,0,0,0,NA,NA,NA,NA,NA,NA,NA,NA,NA,NA,0,0,NA,"pnd_repeat",NA,NA,NA,NA,NA,NA,NA,NA,NA,NA
"dummies",NA,NA,"nameOfPest_zompopo","Identificador de plaga o enfermedad/Zompopo",NA,NA,NA,NA,0,0,0,0,0,0,0,0,0,0,0,0,NA,NA,NA,NA,NA,NA,NA,NA,NA,NA,0,0,NA,"pnd_repeat",NA,NA,NA,NA,NA,NA,NA,NA,NA,NA
"select_multiple","why_have","E84","necessityToSellCoffee","Por que tuvo que vender cafe en ${TCX}?",TRUE,NA,NA,NA,0,0,0,2,0,0,0,0,0,0,0,0,NA,NA,NA,NA,NA,NA,NA,NA,NA,NA,1,1,"sales_process_repeat","sales_process_repeat",NA,NA,NA,NA,NA,NA,NA,NA,NA,NA
"dummies","why_have",NA,"necessityToSellCoffee/buyer_requires","Por que tuvo que vender cafe en ${TCX}?/El comprador solo acepta cafe vendido en esa forma",NA,NA,NA,NA,0,0,1,0,0,0,0,0,0,1,0,0,NA,NA,NA,NA,NA,NA,NA,NA,NA,NA,0,1,"sales_process_repeat","sales_process_repeat",NA,NA,NA,NA,NA,NA,NA,NA,NA,NA
"dummies","why_have",NA,"necessityToSellCoffee/buyer_requires_typ","Por que vendio cafe en tipo, por comprador/El comprador solo acepta cafe vendido en esa forma",NA,NA,NA,NA,0,0,1,0,0,0,0,0,0,1,0,0,NA,NA,NA,NA,NA,NA,NA,NA,NA,NA,0,1,"sales_repeat","sales_repeat",NA,NA,NA,NA,NA,NA,NA,NA,NA,NA
"dummies","why_have",NA,"necessityToSellCoffee/buyer_requires_typ_buy","Por que vendio cafe en tipo, por comprador/El comprador solo acepta cafe vendido en esa forma",NA,NA,NA,NA,0,0,1,0,NA,NA,NA,NA,NA,NA,NA,NA,NA,NA,NA,NA,NA,NA,NA,NA,NA,NA,0,1,NA,NA,NA,NA,NA,NA,NA,NA,NA,NA,NA,NA
"dummies","why_have",NA,"necessityToSellCoffee/effort","Por que tuvo que vender cafe en ${TCX}?/Requiere mucho esfuerzo",NA,NA,NA,NA,0,0,1,0,0,0,0,0,0,1,0,0,NA,NA,NA,NA,NA,NA,NA,NA,NA,NA,0,1,"sales_process_repeat","sales_process_repeat",NA,NA,NA,NA,NA,NA,NA,NA,NA,NA
"dummies","why_have",NA,"necessityToSellCoffee/effort_typ","Por que vendio cafe en tipo, por comprador/Requiere mucho esfuerzo",NA,NA,NA,NA,0,0,1,0,0,0,0,0,0,1,0,0,NA,NA,NA,NA,NA,NA,NA,NA,NA,NA,0,1,"sales_repeat","sales_repeat",NA,NA,NA,NA,NA,NA,NA,NA,NA,NA
"dummies","why_have",NA,"necessityToSellCoffee/effort_typ_buy","Por que vendio cafe en tipo, por comprador/Requiere mucho esfuerzo",NA,NA,NA,NA,0,0,1,0,NA,NA,NA,NA,NA,NA,NA,NA,NA,NA,NA,NA,NA,NA,NA,NA,NA,NA,0,1,NA,NA,NA,NA,NA,NA,NA,NA,NA,NA,NA,NA
"dummies","why_have",NA,"necessityToSellCoffee/infrastructure","Por que tuvo que vender cafe en ${TCX}?/Falta infraestructura de procesamiento (humedo y de secado)",NA,NA,NA,NA,0,0,1,0,0,0,0,0,0,1,0,0,NA,NA,NA,NA,NA,NA,NA,NA,NA,NA,0,1,"sales_process_repeat","sales_process_repeat",NA,NA,NA,NA,NA,NA,NA,NA,NA,NA
"dummies","why_have",NA,"necessityToSellCoffee/infrastructure_typ","Por que vendio cafe en tipo, por comprador/Falta infraestructura de procesamiento (humedo y de secado)",NA,NA,NA,NA,0,0,1,0,0,0,0,0,0,1,0,0,NA,NA,NA,NA,NA,NA,NA,NA,NA,NA,0,1,"sales_repeat","sales_repeat",NA,NA,NA,NA,NA,NA,NA,NA,NA,NA
"dummies","why_have",NA,"necessityToSellCoffee/infrastructure_typ_buy","Por que vendio cafe en tipo, por comprador/Falta infraestructura de procesamiento (humedo y de secado)",NA,NA,NA,NA,0,0,1,0,NA,NA,NA,NA,NA,NA,NA,NA,NA,NA,NA,NA,NA,NA,NA,NA,NA,NA,0,1,NA,NA,NA,NA,NA,NA,NA,NA,NA,NA,NA,NA
"dummies","why_have",NA,"necessityToSellCoffee/other","Por que tuvo que vender cafe en ${TCX}?/Otro",NA,NA,NA,NA,0,0,1,0,0,0,0,0,0,1,0,0,NA,NA,NA,NA,NA,NA,NA,NA,NA,NA,0,1,"sales_process_repeat","sales_process_repeat",NA,NA,NA,NA,NA,NA,NA,NA,NA,NA
"dummies","why_have",NA,"necessityToSellCoffee/other_typ","Por que vendio cafe en tipo, por comprador/Otro",NA,NA,NA,NA,0,0,1,0,0,0,0,0,0,1,0,0,NA,NA,NA,NA,NA,NA,NA,NA,NA,NA,0,1,"sales_repeat","sales_repeat",NA,NA,NA,NA,NA,NA,NA,NA,NA,NA
"dummies","why_have",NA,"necessityToSellCoffee/other_typ_buy","Por que vendio cafe en tipo, por comprador/Otro",NA,NA,NA,NA,0,0,1,0,NA,NA,NA,NA,NA,NA,NA,NA,NA,NA,NA,NA,NA,NA,NA,NA,NA,NA,0,1,NA,NA,NA,NA,NA,NA,NA,NA,NA,NA,NA,NA
"dummies","why_have",NA,"necessityToSellCoffee/time","Por que tuvo que vender cafe en ${TCX}?/Falta de tiempo para hacer el procesamiento",NA,NA,NA,NA,0,0,1,0,0,0,0,0,0,1,0,0,NA,NA,NA,NA,NA,NA,NA,NA,NA,NA,0,1,"sales_process_repeat","sales_process_repeat",NA,NA,NA,NA,NA,NA,NA,NA,NA,NA
"dummies","why_have",NA,"necessityToSellCoffee/time_typ","Por que vendio cafe en tipo, por comprador/Falta de tiempo para hacer el procesamiento",NA,NA,NA,NA,0,0,1,0,0,0,0,0,0,1,0,0,NA,NA,NA,NA,NA,NA,NA,NA,NA,NA,0,1,"sales_repeat","sales_repeat",NA,NA,NA,NA,NA,NA,NA,NA,NA,NA
"dummies","why_have",NA,"necessityToSellCoffee/time_typ_buy","Por que vendio cafe en tipo, por comprador/Falta de tiempo para hacer el procesamiento",NA,NA,NA,NA,0,0,1,0,NA,NA,NA,NA,NA,NA,NA,NA,NA,NA,NA,NA,NA,NA,NA,NA,NA,NA,0,1,NA,NA,NA,NA,NA,NA,NA,NA,NA,NA,NA,NA
"dummies","why_have",NA,"necessityToSellCoffee/weather","Por que tuvo que vender cafe en ${TCX}?/El clima dificulta el procesamiento",NA,NA,NA,NA,0,0,1,0,0,0,0,0,0,1,0,0,NA,NA,NA,NA,NA,NA,NA,NA,NA,NA,0,1,"sales_process_repeat","sales_process_repeat",NA,NA,NA,NA,NA,NA,NA,NA,NA,NA
"dummies","why_have",NA,"necessityToSellCoffee/weather_typ","Por que vendio cafe en tipo, por comprador/El clima dificulta el procesamiento",NA,NA,NA,NA,0,0,1,0,0,0,0,0,0,1,0,0,NA,NA,NA,NA,NA,NA,NA,NA,NA,NA,0,1,"sales_repeat","sales_repeat",NA,NA,NA,NA,NA,NA,NA,NA,NA,NA
"dummies","why_have",NA,"necessityToSellCoffee/weather_typ_buy","Por que vendio cafe en tipo, por comprador/El clima dificulta el procesamiento",NA,NA,NA,NA,0,0,1,0,NA,NA,NA,NA,NA,NA,NA,NA,NA,NA,NA,NA,NA,NA,NA,NA,NA,NA,0,1,NA,NA,NA,NA,NA,NA,NA,NA,NA,NA,NA,NA
"select_multiple","why_have",NA,"necessityToSellCoffee_typ","Por que vendio cafe en tipo, por comprador",NA,NA,NA,NA,0,0,0,0,0,0,0,0,0,0,0,0,NA,NA,NA,NA,NA,NA,NA,NA,NA,NA,0,1,NA,"sales_repeat",NA,NA,NA,NA,NA,NA,NA,NA,NA,NA
"integer",NA,"E63","numberDifferentBuyersLastHarvest","A cuantos compradores vendio cafe en la ultima cosecha?",TRUE,NA,".>=0",NA,0,1,0,0,NA,NA,NA,NA,NA,NA,NA,NA,NA,NA,NA,NA,NA,NA,NA,NA,NA,NA,1,1,NA,NA,NA,NA,NA,NA,NA,NA,NA,NA,NA,NA
"calculate",NA,"E67C","numberOfCoffeeSales","Conteo de formas de venta de cafe, por comprador",NA,NA,NA,"count-selected(${formInWhichCoffeeWasSold})",0,1,0,0,1,0,0,0,0,0,0,0,NA,NA,NA,NA,NA,NA,NA,NA,NA,NA,1,1,"sales_repeat","sales_repeat",NA,NA,NA,NA,NA,NA,NA,NA,NA,NA
"calculate",NA,NA,"numberOfCoffeeSales_buy","Conteo de formas de venta de café",NA,NA,NA,NA,1,0,0,0,NA,NA,NA,NA,NA,NA,NA,NA,NA,NA,NA,NA,NA,NA,NA,NA,NA,NA,1,1,NA,NA,NA,NA,NA,NA,NA,NA,NA,NA,NA,NA
"calculate",NA,"E67CA","numberOfCoffeeSalesId","Indicador de forma de venta de cafe",NA,NA,NA,"position(..)",0,1,0,0,0,0,0,0,0,0,0,0,NA,NA,NA,NA,NA,NA,NA,NA,NA,NA,0,0,NA,NA,NA,NA,NA,NA,NA,NA,NA,NA,NA,NA
"integer",NA,"K15","numberOfHouseholdBicycles","Cuantas bicicletas tiene?",TRUE,"householdItemsPossessed == 'bicicletas'",NA,NA,0,1,0,0,NA,NA,NA,NA,NA,NA,NA,NA,NA,NA,NA,NA,NA,NA,NA,NA,NA,NA,1,0,NA,NA,NA,NA,NA,NA,NA,NA,NA,NA,NA,NA
"integer",NA,"K19","numberOfHouseholdBrushCutters","Cuantas chapeadoras tiene?",TRUE,"householdItemsPossessed == 'chapeadora'",NA,NA,0,1,0,0,NA,NA,NA,NA,NA,NA,NA,NA,NA,NA,NA,NA,NA,NA,NA,NA,NA,NA,1,0,NA,NA,NA,NA,NA,NA,NA,NA,NA,NA,NA,NA
"integer",NA,"K17","numberOfHouseholdCars","Cuantos autos tiene?",TRUE,"householdItemsPossessed == 'carro'",NA,NA,0,1,0,0,NA,NA,NA,NA,NA,NA,NA,NA,NA,NA,NA,NA,NA,NA,NA,NA,NA,NA,1,0,NA,NA,NA,NA,NA,NA,NA,NA,NA,NA,NA,NA
"integer",NA,"K23","numberOfHouseholdComputers","Cuantos computadores tiene?",TRUE,"householdItemsPossessed == 'ordenador'",NA,NA,0,1,0,0,NA,NA,NA,NA,NA,NA,NA,NA,NA,NA,NA,NA,NA,NA,NA,NA,NA,NA,1,0,NA,NA,NA,NA,NA,NA,NA,NA,NA,NA,NA,NA
"integer",NA,"K24","numberOfHouseholdFridges","Cuantos refrigeradores tiene?",TRUE,"householdItemsPossessed == 'refrigerador'",NA,NA,0,1,0,0,NA,NA,NA,NA,NA,NA,NA,NA,NA,NA,NA,NA,NA,NA,NA,NA,NA,NA,1,0,NA,NA,NA,NA,NA,NA,NA,NA,NA,NA,NA,NA
"integer",NA,"K25","numberOfHouseholdGrainMills","Cuantos molinos de granos tiene?",TRUE,"householdItemsPossessed == 'mill'",NA,NA,0,1,0,0,NA,NA,NA,NA,NA,NA,NA,NA,NA,NA,NA,NA,NA,NA,NA,NA,NA,NA,1,0,NA,NA,NA,NA,NA,NA,NA,NA,NA,NA,NA,NA
"integer",NA,"K16","numberOfHouseholdMotorcycles","Cuantas motos tiene?",TRUE,"householdItemsPossessed == 'moto'",NA,NA,0,1,0,0,NA,NA,NA,NA,NA,NA,NA,NA,NA,NA,NA,NA,NA,NA,NA,NA,NA,NA,1,0,NA,NA,NA,NA,NA,NA,NA,NA,NA,NA,NA,NA
"integer",NA,"K14","numberOfHouseholdPhones","Cuantos telefonos tiene?",TRUE,"householdItemsPossessed == 'telefonos'",NA,NA,0,1,0,0,NA,NA,NA,NA,NA,NA,NA,NA,NA,NA,NA,NA,NA,NA,NA,NA,NA,NA,1,0,NA,NA,NA,NA,NA,NA,NA,NA,NA,NA,NA,NA
"integer",NA,"K20","numberOfHouseholdRadios","Cuantas radios tiene?",TRUE,"householdItemsPossessed == 'radio'",NA,NA,0,1,0,0,NA,NA,NA,NA,NA,NA,NA,NA,NA,NA,NA,NA,NA,NA,NA,NA,NA,NA,1,0,NA,NA,NA,NA,NA,NA,NA,NA,NA,NA,NA,NA
"integer",NA,"K22","numberOfHouseholdSatelliteDishes","Cuantas antenas parabolicas tiene?",TRUE,"householdItemsPossessed == 'anten'",NA,NA,0,1,0,0,NA,NA,NA,NA,NA,NA,NA,NA,NA,NA,NA,NA,NA,NA,NA,NA,NA,NA,1,0,NA,NA,NA,NA,NA,NA,NA,NA,NA,NA,NA,NA
"integer",NA,"K18","numberOfHouseholdTractors","Cuantos tractores tiene?",TRUE,"householdItemsPossessed == 'numberOfHouseholdPhones'",NA,NA,0,1,0,0,NA,NA,NA,NA,NA,NA,NA,NA,NA,NA,NA,NA,NA,NA,NA,NA,NA,NA,1,0,NA,NA,NA,NA,NA,NA,NA,NA,NA,NA,NA,NA
"integer",NA,"K21","numberOfHouseholdTVs","Cuantos televisores tiene?",TRUE,"householdItemsPossessed == 'television'",NA,NA,0,1,0,0,NA,NA,NA,NA,NA,NA,NA,NA,NA,NA,NA,NA,NA,NA,NA,NA,NA,NA,1,0,NA,NA,NA,NA,NA,NA,NA,NA,NA,NA,NA,NA
"integer",NA,NA,"numberOfLands","Cuantos terrenos manejo durante la cosecha 2023/2024?",TRUE,NA,".>0",NA,0,1,0,0,NA,NA,NA,NA,NA,NA,NA,NA,NA,NA,NA,NA,NA,NA,NA,NA,NA,NA,0,1,NA,NA,NA,NA,NA,NA,NA,NA,NA,NA,NA,NA
"integer",NA,"C6","numberOfPeopleInHousehold","Cuantas personas viven en su hogar?",TRUE,NA,".>0 and .<15",NA,0,1,0,0,NA,NA,NA,NA,NA,NA,NA,NA,NA,NA,NA,NA,NA,NA,NA,NA,NA,NA,1,1,NA,NA,NA,NA,NA,NA,NA,NA,NA,NA,NA,NA
"select_one","proportions","E47","numberPlantsPruned","De las ${totalCoffeePlantsOnFarm} a que porcentaje le hizo podas durante el ciclo de la cosecha 2023/2024?",TRUE,NA,NA,NA,0,0,0,1,NA,NA,NA,NA,NA,NA,NA,NA,NA,NA,NA,NA,NA,NA,NA,NA,NA,NA,1,1,NA,NA,NA,NA,NA,NA,NA,NA,NA,NA,NA,NA
"dummies","proportions",NA,"numberPlantsPruned_All","De las ${totalCoffeePlantsOnFarm} plantas sembradas a que porcentaje le hizo podas durante el ciclo de la cosecha 2023/2024?/Todo o casi todo (90-100)",NA,NA,NA,NA,0,0,1,0,NA,NA,NA,NA,NA,NA,NA,NA,NA,NA,NA,NA,NA,NA,NA,NA,NA,NA,1,1,NA,NA,NA,NA,NA,NA,NA,NA,NA,NA,NA,NA
"dummies","proportions",NA,"numberPlantsPruned_Half","De las ${totalCoffeePlantsOnFarm} plantas sembradas a que porcentaje le hizo podas durante el ciclo de la cosecha 2023/2024?/La mitad (40-60)",NA,NA,NA,NA,0,0,1,0,NA,NA,NA,NA,NA,NA,NA,NA,NA,NA,NA,NA,NA,NA,NA,NA,NA,NA,1,1,NA,NA,NA,NA,NA,NA,NA,NA,NA,NA,NA,NA
"dummies","proportions",NA,"numberPlantsPruned_Little","De las ${totalCoffeePlantsOnFarm} plantas sembradas a que porcentaje le hizo podas durante el ciclo de la cosecha 2023/2024?/Poco (1-10)",NA,NA,NA,NA,0,0,1,0,NA,NA,NA,NA,NA,NA,NA,NA,NA,NA,NA,NA,NA,NA,NA,NA,NA,NA,1,1,NA,NA,NA,NA,NA,NA,NA,NA,NA,NA,NA,NA
"dummies","proportions",NA,"numberPlantsPruned_Most","De las ${totalCoffeePlantsOnFarm} plantas sembradas a que porcentaje le hizo podas durante el ciclo de la cosecha 2023/2024?/Mas de la mitad (60-90)",NA,NA,NA,NA,0,0,1,0,NA,NA,NA,NA,NA,NA,NA,NA,NA,NA,NA,NA,NA,NA,NA,NA,NA,NA,1,1,NA,NA,NA,NA,NA,NA,NA,NA,NA,NA,NA,NA
"dummies","proportions",NA,"numberPlantsPruned_no_answer","De las ${totalCoffeePlantsOnFarm} plantas sembradas a que porcentaje le hizo podas durante el ciclo de la cosecha 2023/2024?/Sin respuesta",NA,NA,NA,NA,0,0,1,0,NA,NA,NA,NA,NA,NA,NA,NA,NA,NA,NA,NA,NA,NA,NA,NA,NA,NA,1,1,NA,NA,NA,NA,NA,NA,NA,NA,NA,NA,NA,NA
"dummies","proportions",NA,"numberPlantsPruned_None","De las ${totalCoffeePlantsOnFarm} plantas sembradas a que porcentaje le hizo podas durante el ciclo de la cosecha 2023/2024?/Nada (0)",NA,NA,NA,NA,0,0,1,0,NA,NA,NA,NA,NA,NA,NA,NA,NA,NA,NA,NA,NA,NA,NA,NA,NA,NA,1,1,NA,NA,NA,NA,NA,NA,NA,NA,NA,NA,NA,NA
"dummies","proportions",NA,"numberPlantsPruned_UnderHalf","De las ${totalCoffeePlantsOnFarm} plantas sembradas a que porcentaje le hizo podas durante el ciclo de la cosecha 2023/2024?/Menos de la mitad (10-40)",NA,NA,NA,NA,0,0,1,0,NA,NA,NA,NA,NA,NA,NA,NA,NA,NA,NA,NA,NA,NA,NA,NA,NA,NA,1,1,NA,NA,NA,NA,NA,NA,NA,NA,NA,NA,NA,NA
"decimal",NA,"E44","numberProductivePlants","De las ${totalCoffeePlantsOnFarm} plantas cuantas son productivas?",TRUE,NA,".>0 and .<=${totalCoffeePlantsOnFarm}",NA,1,0,0,0,NA,NA,NA,NA,NA,NA,NA,NA,NA,NA,NA,NA,NA,NA,NA,NA,NA,NA,1,1,NA,NA,NA,NA,NA,NA,NA,NA,NA,NA,NA,NA
"text",NA,NA,"observacion","Si tiene alguna observacion sobre la entrevista la puede escribir a continuacion. Si no es el caso deje esto vacio y avance para terminar con la encuesta",NA,NA,NA,NA,0,0,0,0,NA,NA,NA,NA,NA,NA,NA,NA,NA,NA,NA,NA,NA,NA,NA,NA,NA,NA,0,1,NA,NA,18,NA,NA,NA,NA,NA,NA,NA,NA,NA
"text",NA,NA,"OBSERVACION","Si tiene alguna observacion sobre la entrevista la puede escribir a continuacion. Si no es el caso deje esto vacio y avance para terminar con la encuesta",NA,NA,NA,NA,0,0,0,0,NA,NA,NA,NA,NA,NA,NA,NA,NA,NA,NA,NA,NA,NA,NA,NA,NA,NA,1,0,NA,NA,18,NA,NA,NA,NA,NA,NA,NA,NA,NA
"text",NA,"E4","otherAreaMeasurementUnit","Especifique el nombre de la otra unidad de medida y su equivalencia a una de las unidades de medida de arriba",TRUE,"measurementUnitOfArea == 'Otros'",NA,NA,0,0,0,0,NA,NA,NA,NA,NA,NA,NA,NA,NA,NA,NA,NA,NA,NA,NA,NA,NA,NA,1,0,NA,NA,NA,NA,NA,NA,NA,NA,NA,NA,NA,NA
"text",NA,"F10","otherBarriersToExperimentation","Defina otro motivo",TRUE,"barriersToExperimentation == 'Otros'",NA,NA,0,0,0,0,0,0,0,0,0,0,0,0,NA,NA,NA,NA,NA,NA,NA,NA,NA,NA,1,0,"tech_repeat",NA,NA,NA,NA,NA,NA,NA,NA,NA,NA,NA
"select_multiple","crop_list","E16","otherCropsCultivated","Aparte de cafe, que otros cultivos sembro en su finca durante la cosecha 2023/2024?",TRUE,NA,"not(selected(${otherCropsCultivated}, 'no_answer') and count-selected(${otherCropsCultivated})>1)",NA,0,0,0,2,NA,NA,NA,NA,NA,NA,NA,NA,NA,NA,NA,NA,NA,NA,NA,NA,NA,NA,1,1,NA,NA,NA,NA,NA,NA,NA,NA,NA,NA,NA,NA
"dummies","crop_list",NA,"otherCropsCultivated/avocado","Aparte de cafe que otros cultivos sembro en su finca durante la cosecha 2023/2024?/Aguacate",NA,NA,NA,NA,0,0,1,0,NA,NA,NA,NA,NA,NA,NA,NA,NA,NA,NA,NA,NA,NA,NA,NA,NA,NA,1,1,NA,NA,NA,NA,NA,NA,NA,NA,NA,NA,NA,NA
"dummies","crop_list",NA,"otherCropsCultivated/Cassava","Aparte de cafe que otros cultivos sembro en su finca durante la cosecha 2023/2024?/Yuca",NA,NA,NA,NA,0,0,1,0,NA,NA,NA,NA,NA,NA,NA,NA,NA,NA,NA,NA,NA,NA,NA,NA,NA,NA,1,1,NA,NA,NA,NA,NA,NA,NA,NA,NA,NA,NA,NA
"dummies","crop_list",NA,"otherCropsCultivated/Chili","Aparte de cafe que otros cultivos sembro en su finca durante la cosecha 2023/2024?/Chile",NA,NA,NA,NA,0,0,1,0,NA,NA,NA,NA,NA,NA,NA,NA,NA,NA,NA,NA,NA,NA,NA,NA,NA,NA,1,1,NA,NA,NA,NA,NA,NA,NA,NA,NA,NA,NA,NA
"dummies","crop_list",NA,"otherCropsCultivated/field_beans","Aparte de cafe que otros cultivos sembro en su finca durante la cosecha 2023/2024?/Frijol",NA,NA,NA,NA,0,0,1,0,NA,NA,NA,NA,NA,NA,NA,NA,NA,NA,NA,NA,NA,NA,NA,NA,NA,NA,1,1,NA,NA,NA,NA,NA,NA,NA,NA,NA,NA,NA,NA
"dummies","crop_list",NA,"otherCropsCultivated/fruits","Aparte de cafe que otros cultivos sembro en su finca durante la cosecha 2023/2024?/Fruta (diferente de platano)",NA,NA,NA,NA,0,0,1,0,NA,NA,NA,NA,NA,NA,NA,NA,NA,NA,NA,NA,NA,NA,NA,NA,NA,NA,1,1,NA,NA,NA,NA,NA,NA,NA,NA,NA,NA,NA,NA
"dummies","crop_list",NA,"otherCropsCultivated/Maize","Aparte de cafe que otros cultivos sembro en su finca durante la cosecha 2023/2024?/Maiz",NA,NA,NA,NA,0,0,1,0,NA,NA,NA,NA,NA,NA,NA,NA,NA,NA,NA,NA,NA,NA,NA,NA,NA,NA,1,1,NA,NA,NA,NA,NA,NA,NA,NA,NA,NA,NA,NA
"dummies","crop_list",NA,"otherCropsCultivated/no_answer","Aparte de cafe que otros cultivos sembro en su finca durante la cosecha 2023/2024?/Ninguno",NA,NA,NA,NA,0,0,1,0,NA,NA,NA,NA,NA,NA,NA,NA,NA,NA,NA,NA,NA,NA,NA,NA,NA,NA,1,1,NA,NA,NA,NA,NA,NA,NA,NA,NA,NA,NA,NA
"dummies","crop_list",NA,"otherCropsCultivated/other1","Aparte de cafe que otros cultivos sembro en su finca durante la cosecha 2023/2024?/Otro 1",NA,NA,NA,NA,0,0,1,0,NA,NA,NA,NA,NA,NA,NA,NA,NA,NA,NA,NA,NA,NA,NA,NA,NA,NA,1,1,NA,NA,NA,NA,NA,NA,NA,NA,NA,NA,NA,NA
"dummies","crop_list",NA,"otherCropsCultivated/other2","Aparte de cafe que otros cultivos sembro en su finca durante la cosecha 2023/2024?/Otro 2",NA,NA,NA,NA,0,0,1,0,NA,NA,NA,NA,NA,NA,NA,NA,NA,NA,NA,NA,NA,NA,NA,NA,NA,NA,1,1,NA,NA,NA,NA,NA,NA,NA,NA,NA,NA,NA,NA
"dummies","crop_list",NA,"otherCropsCultivated/other3","Aparte de cafe que otros cultivos sembro en su finca durante la cosecha 2023/2024?/Otro 3",NA,NA,NA,NA,0,0,1,0,NA,NA,NA,NA,NA,NA,NA,NA,NA,NA,NA,NA,NA,NA,NA,NA,NA,NA,1,1,NA,NA,NA,NA,NA,NA,NA,NA,NA,NA,NA,NA
"dummies","crop_list",NA,"otherCropsCultivated/platano","Aparte de cafe que otros cultivos sembro en su finca durante la cosecha 2023/2024?/Platano",NA,NA,NA,NA,0,0,1,0,NA,NA,NA,NA,NA,NA,NA,NA,NA,NA,NA,NA,NA,NA,NA,NA,NA,NA,0,1,NA,NA,NA,NA,NA,NA,NA,NA,NA,NA,NA,NA
"dummies","crop_list",NA,"otherCropsCultivated/Rice","Aparte de cafe que otros cultivos sembro en su finca durante la cosecha 2023/2024?/Arroz",NA,NA,NA,NA,0,0,1,0,NA,NA,NA,NA,NA,NA,NA,NA,NA,NA,NA,NA,NA,NA,NA,NA,NA,NA,1,1,NA,NA,NA,NA,NA,NA,NA,NA,NA,NA,NA,NA
"dummies","crop_list",NA,"otherCropsCultivated/squash","Aparte de cafe que otros cultivos sembro en su finca durante la cosecha 2023/2024?/Calabaza",NA,NA,NA,NA,0,0,1,0,NA,NA,NA,NA,NA,NA,NA,NA,NA,NA,NA,NA,NA,NA,NA,NA,NA,NA,1,1,NA,NA,NA,NA,NA,NA,NA,NA,NA,NA,NA,NA
"dummies","crop_list",NA,"otherCropsCultivated/Sugarcane","Aparte de cafe que otros cultivos sembro en su finca durante la cosecha 2023/2024?/Cana de azucar",NA,NA,NA,NA,0,0,1,0,NA,NA,NA,NA,NA,NA,NA,NA,NA,NA,NA,NA,NA,NA,NA,NA,NA,NA,1,1,NA,NA,NA,NA,NA,NA,NA,NA,NA,NA,NA,NA
"dummies","crop_list",NA,"otherCropsCultivated/tobacco","Aparte de cafe que otros cultivos sembro en su finca durante la cosecha 2023/2024?/Tabaco",NA,NA,NA,NA,0,0,1,0,NA,NA,NA,NA,NA,NA,NA,NA,NA,NA,NA,NA,NA,NA,NA,NA,NA,NA,0,1,NA,NA,NA,NA,NA,NA,NA,NA,NA,NA,NA,NA
"dummies","crop_list",NA,"otherCropsCultivated/tomato","Aparte de cafe que otros cultivos sembro en su finca durante la cosecha 2023/2024?/Tomate",NA,NA,NA,NA,0,0,1,0,NA,NA,NA,NA,NA,NA,NA,NA,NA,NA,NA,NA,NA,NA,NA,NA,NA,NA,1,1,NA,NA,NA,NA,NA,NA,NA,NA,NA,NA,NA,NA
"dummies","crop_list",NA,"otherCropsCultivated/vegetables","Aparte de cafe que otros cultivos sembro en su finca durante la cosecha 2023/2024?/Vegetales",NA,NA,NA,NA,0,0,1,0,NA,NA,NA,NA,NA,NA,NA,NA,NA,NA,NA,NA,NA,NA,NA,NA,NA,NA,1,1,NA,NA,NA,NA,NA,NA,NA,NA,NA,NA,NA,NA
"select_multiple","coffee_process","E67A","otherFormInWhichCoffeeWasSold","Vendio cafe a [nombre NCX] en alguna otra forma? Mencione la segunda forma mas comun de ventas a  [nombre NCX].",TRUE,NA,NA,NA,0,0,0,0,NA,NA,NA,NA,NA,NA,NA,NA,NA,NA,NA,NA,NA,NA,NA,NA,NA,NA,0,0,NA,NA,NA,NA,NA,NA,NA,NA,NA,NA,NA,NA
"text",NA,NA,"otherGpsWhere","Indique por favor cual es el otro lugar",TRUE,"selected(${gpsWhere}, 'other')",NA,NA,0,0,0,0,NA,NA,NA,NA,NA,NA,NA,NA,NA,NA,NA,NA,NA,NA,NA,NA,NA,NA,0,1,NA,NA,NA,NA,NA,NA,NA,NA,NA,NA,NA,NA
"text",NA,"E35A","otherPestsOrDiseases","Otro",TRUE,"mainPestsOrDiseasesLastYear == 'Otros'",NA,NA,0,0,0,0,NA,NA,NA,NA,NA,NA,NA,NA,NA,NA,NA,NA,NA,NA,NA,NA,NA,NA,1,0,NA,NA,NA,NA,NA,NA,NA,NA,NA,NA,NA,NA
"text",NA,"prod2","otherProducerName","Escriba el nombre del otro productor",TRUE,"otherProducerName == '0'",NA,NA,0,0,0,0,NA,NA,NA,NA,NA,NA,NA,NA,NA,NA,NA,NA,NA,NA,NA,NA,NA,NA,1,0,NA,NA,NA,NA,NA,NA,NA,NA,NA,NA,NA,NA
"text",NA,"C11","otherPropertyType","Especificar otro tipo de propiedad",TRUE,"${typeOfHousingOccupied} = 'otra'",NA,NA,0,0,0,0,NA,NA,NA,NA,NA,NA,NA,NA,NA,NA,NA,NA,NA,NA,NA,NA,NA,NA,1,1,NA,NA,NA,NA,NA,NA,NA,NA,NA,NA,NA,NA
"text",NA,"F8","otherReasonsForExperimenting","Defina otro motivo",TRUE,"reasonsForExperimenting == 'Otros'",NA,NA,0,0,0,0,0,0,0,0,0,0,0,0,NA,NA,NA,NA,NA,NA,NA,NA,NA,NA,1,0,"tech_repeat",NA,NA,NA,NA,NA,NA,NA,NA,NA,NA,NA
"text",NA,"E83A","otherReasonsForSellingCoffee_aux","Otra razon de vender cafe",TRUE,"reasonsForSellingCoffee == 'Otro (por favor, especifique):'",NA,NA,0,0,0,0,0,0,0,0,0,0,0,0,NA,NA,NA,NA,NA,NA,NA,NA,NA,NA,1,0,"sales_process_repeat",NA,NA,NA,NA,NA,NA,NA,NA,NA,NA,NA
"select_one","reason_prune","E46","otherSeedSourceSpecified","Especifique otro origen de los materiales de cafe",TRUE,"sourceOfNewSeeds == 'Otro, ¿Cual?'",NA,NA,0,0,0,0,NA,NA,NA,NA,NA,NA,NA,NA,NA,NA,NA,NA,NA,NA,NA,NA,NA,NA,1,0,NA,NA,NA,NA,NA,NA,NA,NA,NA,NA,NA,NA
"select_one","yes_no","K1","otherSourcesOfIncome","Tiene usted otras fuentes de ingreso aparte de la venta de los productos de su finca?",TRUE,NA,NA,NA,0,0,1,0,NA,NA,NA,NA,NA,NA,NA,NA,NA,NA,NA,NA,NA,NA,NA,NA,NA,NA,1,0,NA,NA,NA,NA,NA,NA,NA,NA,NA,NA,NA,NA
"text",NA,"E82","otherTypeOfCertification","Especifique otra certificacion",TRUE,"typeOfCertificationBonus == 'Otro'",NA,NA,0,0,0,0,0,0,0,0,0,0,0,0,NA,NA,NA,NA,NA,NA,NA,NA,NA,NA,1,0,"sales_process_repeat",NA,NA,NA,NA,NA,NA,NA,NA,NA,NA,NA
"integer",NA,"G10","overallLifeSatisfaction","En general que tan satisfecho se siente con todos los aspectos de su vida?",TRUE,NA,"overallLifeSatisfaction >= 0 & overallLifeSatisfaction <= 10",NA,0,1,0,0,NA,NA,NA,NA,NA,NA,NA,NA,NA,NA,NA,NA,NA,NA,NA,NA,NA,NA,1,0,NA,NA,NA,NA,NA,NA,NA,NA,NA,NA,NA,NA
"select_one","sn",NA,"ownLivestock","Posee el hogar algun tipo de ganado como vacas toros pollos/ gallinas cerdos o cabras/ovejas?",TRUE,NA,NA,NA,0,0,1,0,NA,NA,NA,NA,NA,NA,NA,NA,NA,NA,NA,NA,NA,NA,NA,NA,NA,NA,0,1,NA,NA,NA,NA,NA,NA,NA,NA,NA,NA,NA,NA
"select_one","sn",NA,"ownTV","Tiene television en casa?",TRUE,NA,NA,NA,0,0,1,0,NA,NA,NA,NA,NA,NA,NA,NA,NA,NA,NA,NA,NA,NA,NA,NA,NA,NA,0,1,NA,NA,NA,NA,NA,NA,NA,NA,NA,NA,NA,NA
"select_one","sn",NA,"ownVehicle","Algun miembro del hogar tiene carro o moto?",TRUE,NA,NA,NA,0,0,1,0,NA,NA,NA,NA,NA,NA,NA,NA,NA,NA,NA,NA,NA,NA,NA,NA,NA,NA,0,1,NA,NA,NA,NA,NA,NA,NA,NA,NA,NA,NA,NA
"select_one","area_units","E6","parcelAreaMeasurementUnit","Unidad de medida de area",TRUE,NA,NA,NA,0,0,0,0,0,0,0,0,0,0,0,0,2,0,0,0,0,0,0,0,0,0,1,0,"area_terr",NA,NA,NA,NA,NA,NA,NA,NA,NA,NA,NA
"select_one","power","L6","participationInCommunityActivitiesLevel","Que tanto puede participar en las actividades de la comunidad?",TRUE,NA,NA,NA,0,0,0,1,NA,NA,NA,NA,NA,NA,NA,NA,NA,NA,NA,NA,NA,NA,NA,NA,NA,NA,1,0,NA,NA,NA,NA,NA,NA,NA,NA,NA,NA,NA,NA
"select_one","power",NA,"participationInCommunityActivitiesLevel_1","Que tanto puede participar en las actividades de la comunidad?/No puedo",NA,NA,NA,NA,0,0,1,0,NA,NA,NA,NA,NA,NA,NA,NA,NA,NA,NA,NA,NA,NA,NA,NA,NA,NA,1,0,NA,NA,NA,NA,NA,NA,NA,NA,NA,NA,NA,NA
"select_one","power",NA,"participationInCommunityActivitiesLevel_2","Que tanto puede participar en las actividades de la comunidad?/Tengo cierto poder de decision, pero mi conyuge tiene la ultima palabra",NA,NA,NA,NA,0,0,1,0,NA,NA,NA,NA,NA,NA,NA,NA,NA,NA,NA,NA,NA,NA,NA,NA,NA,NA,1,0,NA,NA,NA,NA,NA,NA,NA,NA,NA,NA,NA,NA
"select_one","power",NA,"participationInCommunityActivitiesLevel_3","Que tanto puede participar en las actividades de la comunidad?/Hay igualdad de decision (mi conyuge y yo decidimos juntos)",NA,NA,NA,NA,0,0,1,0,NA,NA,NA,NA,NA,NA,NA,NA,NA,NA,NA,NA,NA,NA,NA,NA,NA,NA,1,0,NA,NA,NA,NA,NA,NA,NA,NA,NA,NA,NA,NA
"select_one","power",NA,"participationInCommunityActivitiesLevel_4","Que tanto puede participar en las actividades de la comunidad?/Tengo la ultima palabra, pero mi conyuge tiene cierto poder de decision",NA,NA,NA,NA,0,0,1,0,NA,NA,NA,NA,NA,NA,NA,NA,NA,NA,NA,NA,NA,NA,NA,NA,NA,NA,1,0,NA,NA,NA,NA,NA,NA,NA,NA,NA,NA,NA,NA
"select_one","power",NA,"participationInCommunityActivitiesLevel_5","Que tanto puede participar en las actividades de la comunidad?/Tengo todo el poder de decidir",NA,NA,NA,NA,0,0,1,0,NA,NA,NA,NA,NA,NA,NA,NA,NA,NA,NA,NA,NA,NA,NA,NA,NA,NA,1,0,NA,NA,NA,NA,NA,NA,NA,NA,NA,NA,NA,NA
"decimal",NA,"E39","percentageOfVarietyPlanted","Cual es el numero de arboles de la variedad ${varr} que tuvo sembrados en su finca durante la cosecha 2023/2024?",TRUE,NA,NA,NA,1,0,0,0,0,0,1,0,0,0,0,0,NA,NA,NA,NA,NA,NA,NA,NA,NA,NA,1,1,"repeatvar","repeatvar",NA,NA,NA,NA,NA,NA,NA,NA,NA,NA
"decimal",NA,NA,"percentageOfVarietyPlanted_var","Cual es el numero de arboles de la variedad ${varr} que tuvo sembrados en su finca durante la cosecha 2023/2024?",NA,NA,NA,NA,1,0,0,0,NA,NA,NA,NA,NA,NA,NA,NA,NA,NA,NA,NA,NA,NA,NA,NA,NA,NA,1,1,NA,NA,NA,NA,NA,NA,NA,NA,NA,NA,NA,NA
"calculate",NA,NA,"percentagesum","Suma de arboles por variedad",NA,NA,NA,"sum(${percentageOfVarietyPlanted})",1,0,0,0,NA,NA,NA,NA,NA,NA,NA,NA,NA,NA,NA,NA,NA,NA,NA,NA,NA,NA,0,1,NA,NA,NA,NA,NA,NA,NA,NA,NA,NA,NA,NA
"select_one","snn","E33","performsSelectiveClearing","Realizo algun tipo de chapia selectiva para el ciclo 2023/2024?",TRUE,NA,NA,NA,0,0,1,0,NA,NA,NA,NA,NA,NA,NA,NA,NA,NA,NA,NA,NA,NA,NA,NA,NA,NA,1,1,NA,NA,NA,NA,NA,NA,NA,NA,NA,NA,NA,NA
"select_multiple","who_work","l21","personHarvestingCoffee","Quien suele hacer la recoleccion de cafe?",TRUE,NA,NA,NA,0,0,0,2,NA,NA,NA,NA,NA,NA,NA,NA,NA,NA,NA,NA,NA,NA,NA,NA,NA,NA,1,0,NA,NA,NA,NA,NA,NA,NA,NA,NA,NA,NA,NA
"select_multiple","who_work",NA,"personHarvestingCoffee/Female_adult","Quien suele hacer la recoleccion de cafe?/Mujer adulta",NA,NA,NA,NA,0,0,1,0,NA,NA,NA,NA,NA,NA,NA,NA,NA,NA,NA,NA,NA,NA,NA,NA,NA,NA,1,0,NA,NA,NA,NA,NA,NA,NA,NA,NA,NA,NA,NA
"select_multiple","who_work",NA,"personHarvestingCoffee/Female_Child","Quien suele hacer la recoleccion de cafe?/Nina (15 anos)",NA,NA,NA,NA,0,0,1,0,NA,NA,NA,NA,NA,NA,NA,NA,NA,NA,NA,NA,NA,NA,NA,NA,NA,NA,1,0,NA,NA,NA,NA,NA,NA,NA,NA,NA,NA,NA,NA
"select_multiple","who_work",NA,"personHarvestingCoffee/Female_Youth","Quien suele hacer la recoleccion de cafe?/Mujer joven (15-30 anos)",NA,NA,NA,NA,0,0,1,0,NA,NA,NA,NA,NA,NA,NA,NA,NA,NA,NA,NA,NA,NA,NA,NA,NA,NA,1,0,NA,NA,NA,NA,NA,NA,NA,NA,NA,NA,NA,NA
"select_multiple","who_work",NA,"personHarvestingCoffee/hired_lanour","Quien suele hacer la recoleccion de cafe?/Mano de obra contratada",NA,NA,NA,NA,0,0,1,0,NA,NA,NA,NA,NA,NA,NA,NA,NA,NA,NA,NA,NA,NA,NA,NA,NA,NA,1,0,NA,NA,NA,NA,NA,NA,NA,NA,NA,NA,NA,NA
"select_multiple","who_work",NA,"personHarvestingCoffee/Male_adult","Quien suele hacer la recoleccion de cafe?/Hombre adulto",NA,NA,NA,NA,0,0,1,0,NA,NA,NA,NA,NA,NA,NA,NA,NA,NA,NA,NA,NA,NA,NA,NA,NA,NA,1,0,NA,NA,NA,NA,NA,NA,NA,NA,NA,NA,NA,NA
"select_multiple","who_work",NA,"personHarvestingCoffee/Male_Child","Quien suele hacer la recoleccion de cafe?/Nino (15 anos)",NA,NA,NA,NA,0,0,1,0,NA,NA,NA,NA,NA,NA,NA,NA,NA,NA,NA,NA,NA,NA,NA,NA,NA,NA,1,0,NA,NA,NA,NA,NA,NA,NA,NA,NA,NA,NA,NA
"select_multiple","who_work",NA,"personHarvestingCoffee/Male_Youth","Quien suele hacer la recoleccion de cafe?/Hombre joven (15-30 anos)",NA,NA,NA,NA,0,0,1,0,NA,NA,NA,NA,NA,NA,NA,NA,NA,NA,NA,NA,NA,NA,NA,NA,NA,NA,1,0,NA,NA,NA,NA,NA,NA,NA,NA,NA,NA,NA,NA
"select_multiple","who_work","L19","personPreparingLand","Quien suele preparar la tierra para los cultivos de cafe?",TRUE,NA,NA,NA,0,0,0,2,NA,NA,NA,NA,NA,NA,NA,NA,NA,NA,NA,NA,NA,NA,NA,NA,NA,NA,1,0,NA,NA,NA,NA,NA,NA,NA,NA,NA,NA,NA,NA
"select_multiple","who_work",NA,"personPreparingLand/Female_adult","Quien suele preparar la tierra para los cultivos de cafe?/Mujer adulta",NA,NA,NA,NA,0,0,1,0,NA,NA,NA,NA,NA,NA,NA,NA,NA,NA,NA,NA,NA,NA,NA,NA,NA,NA,1,0,NA,NA,NA,NA,NA,NA,NA,NA,NA,NA,NA,NA
"select_multiple","who_work",NA,"personPreparingLand/Female_Child","Quien suele preparar la tierra para los cultivos de cafe?/Nina (15 anos)",NA,NA,NA,NA,0,0,1,0,NA,NA,NA,NA,NA,NA,NA,NA,NA,NA,NA,NA,NA,NA,NA,NA,NA,NA,1,0,NA,NA,NA,NA,NA,NA,NA,NA,NA,NA,NA,NA
"select_multiple","who_work",NA,"personPreparingLand/Female_Youth","Quien suele preparar la tierra para los cultivos de cafe?/Mujer joven (15-30 anos)",NA,NA,NA,NA,0,0,1,0,NA,NA,NA,NA,NA,NA,NA,NA,NA,NA,NA,NA,NA,NA,NA,NA,NA,NA,1,0,NA,NA,NA,NA,NA,NA,NA,NA,NA,NA,NA,NA
"select_multiple","who_work",NA,"personPreparingLand/hired_lanour","Quien suele preparar la tierra para los cultivos de cafe?/Mano de obra contratada",NA,NA,NA,NA,0,0,1,0,NA,NA,NA,NA,NA,NA,NA,NA,NA,NA,NA,NA,NA,NA,NA,NA,NA,NA,1,0,NA,NA,NA,NA,NA,NA,NA,NA,NA,NA,NA,NA
"select_multiple","who_work",NA,"personPreparingLand/Male_adult","Quien suele preparar la tierra para los cultivos de cafe?/Hombre adulto",NA,NA,NA,NA,0,0,1,0,NA,NA,NA,NA,NA,NA,NA,NA,NA,NA,NA,NA,NA,NA,NA,NA,NA,NA,1,0,NA,NA,NA,NA,NA,NA,NA,NA,NA,NA,NA,NA
"select_multiple","who_work",NA,"personPreparingLand/Male_Child","Quien suele preparar la tierra para los cultivos de cafe?/Nino (15 anos)",NA,NA,NA,NA,0,0,1,0,NA,NA,NA,NA,NA,NA,NA,NA,NA,NA,NA,NA,NA,NA,NA,NA,NA,NA,1,0,NA,NA,NA,NA,NA,NA,NA,NA,NA,NA,NA,NA
"select_multiple","who_work",NA,"personPreparingLand/Male_Youth","Quien suele preparar la tierra para los cultivos de cafe?/Hombre joven (15-30 anos)",NA,NA,NA,NA,0,0,1,0,NA,NA,NA,NA,NA,NA,NA,NA,NA,NA,NA,NA,NA,NA,NA,NA,NA,NA,1,0,NA,NA,NA,NA,NA,NA,NA,NA,NA,NA,NA,NA
"select_one","snn","E34","pestAndDiseaseMonitoringImplemented","Implemento un sistema de monitoreo de plagas y enfermedades para la cosecha 2023/2024?",TRUE,NA,NA,NA,0,0,1,0,NA,NA,NA,NA,NA,NA,NA,NA,NA,NA,NA,NA,NA,NA,NA,NA,NA,NA,1,1,NA,NA,NA,NA,NA,NA,NA,NA,NA,NA,NA,NA
"select_multiple","control_pnd","E37","pestControlActions","Que hizo para prevenir o controlar los ataques de ${E36C}?",TRUE,NA,"not(selected(${pestControlActions}, 'nada') and count-selected(${pestControlActions})>1)",NA,0,0,0,2,0,0,0,0,0,0,0,0,NA,NA,NA,NA,NA,NA,NA,NA,NA,NA,1,1,"pnd_repeat","pnd_repeat",NA,NA,NA,NA,NA,NA,NA,NA,NA,NA
"dummies","control_pnd",NA,"pestControlActions/biologico","Que hizo para prevenir o controlar los ataques de ${E36C}?/Control biologico (uso de insectos parasitos o patogenos practicas agroecologicas y sostenibles)",NA,NA,NA,NA,0,0,1,0,0,0,0,0,0,1,0,0,NA,NA,NA,NA,NA,NA,NA,NA,NA,NA,1,1,"pnd_repeat","pnd_repeat",NA,NA,NA,NA,NA,NA,NA,NA,NA,NA
"dummies","control_pnd",NA,"pestControlActions/biologico_dop","Que hizo para prevenir o controlar los ataques de ${E36C}?/Control biologico (uso de insectos parasitos o patogenos practicas agroecologicas y sostenibles)",NA,NA,NA,NA,0,0,1,0,NA,NA,NA,NA,NA,NA,NA,NA,NA,NA,NA,NA,NA,NA,NA,NA,NA,NA,1,1,NA,NA,NA,NA,NA,NA,NA,NA,NA,NA,NA,NA
"dummies","control_pnd",NA,"pestControlActions/cultural","Que hizo para prevenir o controlar los ataques de ${E36C}?/Control cultural (rotacion de cultivos regulaciones de sombra manejo de agua entre otros)",NA,NA,NA,NA,0,0,1,0,0,0,0,0,0,1,0,0,NA,NA,NA,NA,NA,NA,NA,NA,NA,NA,1,1,"pnd_repeat","pnd_repeat",NA,NA,NA,NA,NA,NA,NA,NA,NA,NA
"dummies","control_pnd",NA,"pestControlActions/cultural_dop","Que hizo para prevenir o controlar los ataques de ${E36C}?/Control cultural (rotacion de cultivos regulaciones de sombra manejo de agua entre otros)",NA,NA,NA,NA,0,0,1,0,NA,NA,NA,NA,NA,NA,NA,NA,NA,NA,NA,NA,NA,NA,NA,NA,NA,NA,1,1,NA,NA,NA,NA,NA,NA,NA,NA,NA,NA,NA,NA
"dummies","control_pnd",NA,"pestControlActions/nada","Que hizo para prevenir o controlar los ataques de ${E36C}?/No hizo nada",NA,NA,NA,NA,0,0,1,0,0,0,0,0,0,1,0,0,NA,NA,NA,NA,NA,NA,NA,NA,NA,NA,1,1,"pnd_repeat","pnd_repeat",NA,NA,NA,NA,NA,NA,NA,NA,NA,NA
"dummies","control_pnd",NA,"pestControlActions/nada_dop","Que hizo para prevenir o controlar los ataques de ${E36C}?/No hizo nada",NA,NA,NA,NA,0,0,1,0,NA,NA,NA,NA,NA,NA,NA,NA,NA,NA,NA,NA,NA,NA,NA,NA,NA,NA,1,1,NA,NA,NA,NA,NA,NA,NA,NA,NA,NA,NA,NA
"dummies","control_pnd",NA,"pestControlActions/quimico","Que hizo para prevenir o controlar los ataques de ${E36C}?/Control quimico (uso de sustancias quimicas como insecticidas herbicidas o fungicidas)",NA,NA,NA,NA,0,0,1,0,0,0,0,0,0,1,0,0,NA,NA,NA,NA,NA,NA,NA,NA,NA,NA,1,1,"pnd_repeat","pnd_repeat",NA,NA,NA,NA,NA,NA,NA,NA,NA,NA
"dummies","control_pnd",NA,"pestControlActions/quimico_dop","Que hizo para prevenir o controlar los ataques de ${E36C}?/Control quimico (uso de sustancias quimicas como insecticidas herbicidas o fungicidas)",NA,NA,NA,NA,0,0,1,0,NA,NA,NA,NA,NA,NA,NA,NA,NA,NA,NA,NA,NA,NA,NA,NA,NA,NA,1,1,NA,NA,NA,NA,NA,NA,NA,NA,NA,NA,NA,NA
"dummies","control_pnd",NA,"pestControlActions/ryp","Que hizo para prevenir o controlar los ataques de ${E36C}?/Repela y pepena (uso de sustancias repelentes o eliminacion manual de las plagas)",NA,NA,NA,NA,0,0,1,0,0,0,0,0,0,1,0,0,NA,NA,NA,NA,NA,NA,NA,NA,NA,NA,1,1,"pnd_repeat","pnd_repeat",NA,NA,NA,NA,NA,NA,NA,NA,NA,NA
"dummies","control_pnd",NA,"pestControlActions/ryp_dop","Que hizo para prevenir o controlar los ataques de ${E36C}?/Repela y pepena (uso de sustancias repelentes o eliminacion manual de las plagas)",NA,NA,NA,NA,0,0,1,0,NA,NA,NA,NA,NA,NA,NA,NA,NA,NA,NA,NA,NA,NA,NA,NA,NA,NA,1,1,NA,NA,NA,NA,NA,NA,NA,NA,NA,NA,NA,NA
"select_one","cr3","CR3","plannedIntermediaryNextHarvest","A cual intermediario tiene planeado vender cafe en la cosecha 2023/2024?",TRUE,"(isCoffeeProducer == 'Si') & (producedCoffeeLastHarvest == 'Si') & (canProvideManagementInfo == 'Si') & !(sellsToIntermediary == 'Ninguno')",NA,NA,0,0,0,1,NA,NA,NA,NA,NA,NA,NA,NA,NA,NA,NA,NA,NA,NA,NA,NA,NA,NA,1,0,NA,NA,NA,NA,NA,NA,NA,NA,NA,NA,NA,NA
"dummies",NA,NA,"plannedIntermediaryNextHarvest_becamo","A cual intermediario tiene planeado vender cafe en la cosecha 2023/2024? BECAMO",NA,NA,NA,NA,0,0,1,0,NA,NA,NA,NA,NA,NA,NA,NA,NA,NA,NA,NA,NA,NA,NA,NA,NA,NA,1,0,NA,NA,NA,NA,NA,NA,NA,NA,NA,NA,NA,NA
"dummies",NA,NA,"plannedIntermediaryNextHarvest_dario","A cual intermediario tiene planeado vender cafe en la cosecha 2023/2024? Darío Enamorado",NA,NA,NA,NA,0,0,1,0,NA,NA,NA,NA,NA,NA,NA,NA,NA,NA,NA,NA,NA,NA,NA,NA,NA,NA,1,0,NA,NA,NA,NA,NA,NA,NA,NA,NA,NA,NA,NA
"dummies",NA,NA,"plannedIntermediaryNextHarvest_ninguno","A cual intermediario tiene planeado vender cafe en la cosecha 2023/2024? Ninguno",NA,NA,NA,NA,0,0,1,0,NA,NA,NA,NA,NA,NA,NA,NA,NA,NA,NA,NA,NA,NA,NA,NA,NA,NA,1,0,NA,NA,NA,NA,NA,NA,NA,NA,NA,NA,NA,NA
"dummies",NA,NA,"plannedIntermediaryNextHarvest_ramiro","A cual intermediario tiene planeado vender cafe en la cosecha 2023/2024? Ramiro Rosales",NA,NA,NA,NA,0,0,1,0,NA,NA,NA,NA,NA,NA,NA,NA,NA,NA,NA,NA,NA,NA,NA,NA,NA,NA,1,0,NA,NA,NA,NA,NA,NA,NA,NA,NA,NA,NA,NA
"select_one","cropyield_units","E72A","priceUnitForMaximumPrice","El precio es por",TRUE,NA,NA,NA,0,0,0,0,0,0,0,0,0,0,0,0,0,0,0,0,0,0,0,0,0,3,1,1,"sales_process_repeat","sales_process_repeat",NA,NA,NA,NA,NA,NA,NA,NA,NA,NA
"select_one","cropyield_units","E71A","priceUnitForMinimumPrice","El precio es por",TRUE,NA,NA,NA,0,0,0,0,0,0,0,0,0,0,0,0,0,0,0,0,0,0,0,0,3,0,1,1,"sales_process_repeat","sales_process_repeat",NA,NA,NA,NA,NA,NA,NA,NA,NA,NA
"select_one","snn",NA,"produceCoffeeFutureHarvest","Planea usted producir cafe para la cosecha del 2024/2025 (cosecha futura)?",TRUE,"not(selected(${reasonNotCoffeeLastHarvest2}, '5')) and  not(selected(${reasonNotCoffeeLastHarvest2}, '8')) and  not(selected(${reasonNotCoffeeLastHarvest2}, '9')) and  selected(${producedCoffeeLastHarvest}, 'Y') and  selected(${producedCoffeeLastHarvest2}, 'N')",NA,NA,0,0,1,0,NA,NA,NA,NA,NA,NA,NA,NA,NA,NA,NA,NA,NA,NA,NA,NA,NA,NA,0,1,NA,NA,NA,NA,NA,NA,NA,NA,NA,NA,NA,NA
"select_one","sn","BX","producedCoffeeLastHarvest","Produjo cafe en la cosecha del 2022/2023 (cosecha anterior)?",TRUE,"selected(${isCoffeeProducer}, 'Y')",NA,NA,0,0,1,0,NA,NA,NA,NA,NA,NA,NA,NA,NA,NA,NA,NA,NA,NA,NA,NA,NA,NA,1,1,NA,NA,NA,NA,NA,NA,NA,NA,NA,NA,NA,NA
"select_one","sn","BZ","producedCoffeeLastHarvest2","Produjo cafe en la cosecha del 2023/2024 (cosecha anterior)?",TRUE,"selected(${isCoffeeProducer}, 'Y')",NA,NA,0,0,1,0,NA,NA,NA,NA,NA,NA,NA,NA,NA,NA,NA,NA,NA,NA,NA,NA,NA,NA,0,1,NA,NA,NA,NA,NA,NA,NA,NA,NA,NA,NA,NA
"calculate",NA,NA,"producer_community","Comunidad del productor",NA,NA,NA,"pulldata('producers', 'community', 'nameCheck', ${nameCheck})",0,0,0,1,NA,NA,NA,NA,NA,NA,NA,NA,NA,NA,NA,NA,NA,NA,NA,NA,NA,NA,0,1,NA,NA,NA,NA,NA,NA,NA,NA,NA,NA,NA,NA
"select_one","comunidad",NA,"producer_community","Comunidad del productor",NA,NA,NA,NA,0,0,0,1,NA,NA,NA,NA,NA,NA,NA,NA,NA,NA,NA,NA,NA,NA,NA,NA,NA,NA,0,1,NA,NA,NA,NA,NA,NA,NA,NA,NA,NA,NA,NA
"dummies","comunidad",NA,"producer_community_aguacatal","Comunidad del productor/Aguacatal",NA,NA,NA,NA,0,0,1,0,NA,NA,NA,NA,NA,NA,NA,NA,NA,NA,NA,NA,NA,NA,NA,NA,NA,NA,0,1,NA,NA,NA,NA,NA,NA,NA,NA,NA,NA,NA,NA
"dummies","comunidad",NA,"producer_community_baires1","Comunidad del productor/Buenos Aires",NA,NA,NA,NA,0,0,1,0,NA,NA,NA,NA,NA,NA,NA,NA,NA,NA,NA,NA,NA,NA,NA,NA,NA,NA,0,1,NA,NA,NA,NA,NA,NA,NA,NA,NA,NA,NA,NA
"dummies","comunidad",NA,"producer_community_baires2","Comunidad del productor/Buenos Aires",NA,NA,NA,NA,0,0,1,0,NA,NA,NA,NA,NA,NA,NA,NA,NA,NA,NA,NA,NA,NA,NA,NA,NA,NA,0,1,NA,NA,NA,NA,NA,NA,NA,NA,NA,NA,NA,NA
"dummies","comunidad",NA,"producer_community_baires3","Comunidad del productor/Buenos Aires",NA,NA,NA,NA,0,0,1,0,NA,NA,NA,NA,NA,NA,NA,NA,NA,NA,NA,NA,NA,NA,NA,NA,NA,NA,0,1,NA,NA,NA,NA,NA,NA,NA,NA,NA,NA,NA,NA
"dummies","comunidad",NA,"producer_community_balastrera","Comunidad del productor/La Balastrera",NA,NA,NA,NA,0,0,1,0,NA,NA,NA,NA,NA,NA,NA,NA,NA,NA,NA,NA,NA,NA,NA,NA,NA,NA,0,1,NA,NA,NA,NA,NA,NA,NA,NA,NA,NA,NA,NA
"dummies","comunidad",NA,"producer_community_balsamo","Comunidad del productor/El Balsamo",NA,NA,NA,NA,0,0,1,0,NA,NA,NA,NA,NA,NA,NA,NA,NA,NA,NA,NA,NA,NA,NA,NA,NA,NA,0,1,NA,NA,NA,NA,NA,NA,NA,NA,NA,NA,NA,NA
"dummies","comunidad",NA,"producer_community_boro1","Comunidad del productor/Las Brisas de Oro",NA,NA,NA,NA,0,0,1,0,NA,NA,NA,NA,NA,NA,NA,NA,NA,NA,NA,NA,NA,NA,NA,NA,NA,NA,0,1,NA,NA,NA,NA,NA,NA,NA,NA,NA,NA,NA,NA
"dummies","comunidad",NA,"producer_community_camoteras","Comunidad del productor/Las Camoteras",NA,NA,NA,NA,0,0,1,0,NA,NA,NA,NA,NA,NA,NA,NA,NA,NA,NA,NA,NA,NA,NA,NA,NA,NA,0,1,NA,NA,NA,NA,NA,NA,NA,NA,NA,NA,NA,NA
"dummies","comunidad",NA,"producer_community_campanario","Comunidad del productor/El Campanario",NA,NA,NA,NA,0,0,1,0,NA,NA,NA,NA,NA,NA,NA,NA,NA,NA,NA,NA,NA,NA,NA,NA,NA,NA,0,1,NA,NA,NA,NA,NA,NA,NA,NA,NA,NA,NA,NA
"dummies","comunidad",NA,"producer_community_candelaria","Comunidad del productor/Candelaria",NA,NA,NA,NA,0,0,1,0,NA,NA,NA,NA,NA,NA,NA,NA,NA,NA,NA,NA,NA,NA,NA,NA,NA,NA,0,1,NA,NA,NA,NA,NA,NA,NA,NA,NA,NA,NA,NA
"dummies","comunidad",NA,"producer_community_caracol","Comunidad del productor/El Caracol",NA,NA,NA,NA,0,0,1,0,NA,NA,NA,NA,NA,NA,NA,NA,NA,NA,NA,NA,NA,NA,NA,NA,NA,NA,0,1,NA,NA,NA,NA,NA,NA,NA,NA,NA,NA,NA,NA
"dummies","comunidad",NA,"producer_community_caulotales","Comunidad del productor/Caulotales",NA,NA,NA,NA,0,0,1,0,NA,NA,NA,NA,NA,NA,NA,NA,NA,NA,NA,NA,NA,NA,NA,NA,NA,NA,0,1,NA,NA,NA,NA,NA,NA,NA,NA,NA,NA,NA,NA
"dummies","comunidad",NA,"producer_community_cedrales","Comunidad del productor/Cedrales",NA,NA,NA,NA,0,0,1,0,NA,NA,NA,NA,NA,NA,NA,NA,NA,NA,NA,NA,NA,NA,NA,NA,NA,NA,0,1,NA,NA,NA,NA,NA,NA,NA,NA,NA,NA,NA,NA
"dummies","comunidad",NA,"producer_community_ceibita","Comunidad del productor/La Ceibita",NA,NA,NA,NA,0,0,1,0,NA,NA,NA,NA,NA,NA,NA,NA,NA,NA,NA,NA,NA,NA,NA,NA,NA,NA,0,1,NA,NA,NA,NA,NA,NA,NA,NA,NA,NA,NA,NA
"dummies","comunidad",NA,"producer_community_choloma","Comunidad del productor/Choloma",NA,NA,NA,NA,0,0,1,0,NA,NA,NA,NA,NA,NA,NA,NA,NA,NA,NA,NA,NA,NA,NA,NA,NA,NA,0,1,NA,NA,NA,NA,NA,NA,NA,NA,NA,NA,NA,NA
"dummies","comunidad",NA,"producer_community_concepcion","Comunidad del productor/Concepcion",NA,NA,NA,NA,0,0,1,0,NA,NA,NA,NA,NA,NA,NA,NA,NA,NA,NA,NA,NA,NA,NA,NA,NA,NA,0,1,NA,NA,NA,NA,NA,NA,NA,NA,NA,NA,NA,NA
"dummies","comunidad",NA,"producer_community_cuchilla1","Comunidad del productor/La Cuchilla",NA,NA,NA,NA,0,0,1,0,NA,NA,NA,NA,NA,NA,NA,NA,NA,NA,NA,NA,NA,NA,NA,NA,NA,NA,0,1,NA,NA,NA,NA,NA,NA,NA,NA,NA,NA,NA,NA
"dummies","comunidad",NA,"producer_community_cuchilla2","Comunidad del productor/La Cuchilla",NA,NA,NA,NA,0,0,1,0,NA,NA,NA,NA,NA,NA,NA,NA,NA,NA,NA,NA,NA,NA,NA,NA,NA,NA,0,1,NA,NA,NA,NA,NA,NA,NA,NA,NA,NA,NA,NA
"dummies","comunidad",NA,"producer_community_dantos","Comunidad del productor/Los Dantos",NA,NA,NA,NA,0,0,1,0,NA,NA,NA,NA,NA,NA,NA,NA,NA,NA,NA,NA,NA,NA,NA,NA,NA,NA,0,1,NA,NA,NA,NA,NA,NA,NA,NA,NA,NA,NA,NA
"dummies","comunidad",NA,"producer_community_esperanza","Comunidad del productor/La Esperanza",NA,NA,NA,NA,0,0,1,0,NA,NA,NA,NA,NA,NA,NA,NA,NA,NA,NA,NA,NA,NA,NA,NA,NA,NA,0,1,NA,NA,NA,NA,NA,NA,NA,NA,NA,NA,NA,NA
"dummies","comunidad",NA,"producer_community_hierbabuena1","Comunidad del productor/Hierbabuena",NA,NA,NA,NA,0,0,1,0,NA,NA,NA,NA,NA,NA,NA,NA,NA,NA,NA,NA,NA,NA,NA,NA,NA,NA,0,1,NA,NA,NA,NA,NA,NA,NA,NA,NA,NA,NA,NA
"dummies","comunidad",NA,"producer_community_hoyos","Comunidad del productor/Los Hoyos",NA,NA,NA,NA,0,0,1,0,NA,NA,NA,NA,NA,NA,NA,NA,NA,NA,NA,NA,NA,NA,NA,NA,NA,NA,0,1,NA,NA,NA,NA,NA,NA,NA,NA,NA,NA,NA,NA
"dummies","comunidad",NA,"producer_community_ig_filo","Comunidad del productor/El Filo del Monte Largo",NA,NA,NA,NA,0,0,1,0,NA,NA,NA,NA,NA,NA,NA,NA,NA,NA,NA,NA,NA,NA,NA,NA,NA,NA,0,1,NA,NA,NA,NA,NA,NA,NA,NA,NA,NA,NA,NA
"dummies","comunidad",NA,"producer_community_ig_lagunetas","Comunidad del productor/Lagunetas",NA,NA,NA,NA,0,0,1,0,NA,NA,NA,NA,NA,NA,NA,NA,NA,NA,NA,NA,NA,NA,NA,NA,NA,NA,0,1,NA,NA,NA,NA,NA,NA,NA,NA,NA,NA,NA,NA
"dummies","comunidad",NA,"producer_community_ig_rcolorado","Comunidad del productor/Rio Colorado",NA,NA,NA,NA,0,0,1,0,NA,NA,NA,NA,NA,NA,NA,NA,NA,NA,NA,NA,NA,NA,NA,NA,NA,NA,0,1,NA,NA,NA,NA,NA,NA,NA,NA,NA,NA,NA,NA
"dummies","comunidad",NA,"producer_community_ig_srafael","Comunidad del productor/San Rafael",NA,NA,NA,NA,0,0,1,0,NA,NA,NA,NA,NA,NA,NA,NA,NA,NA,NA,NA,NA,NA,NA,NA,NA,NA,0,1,NA,NA,NA,NA,NA,NA,NA,NA,NA,NA,NA,NA
"dummies","comunidad",NA,"producer_community_ig_suyapa","Comunidad del productor/Suyapa",NA,NA,NA,NA,0,0,1,0,NA,NA,NA,NA,NA,NA,NA,NA,NA,NA,NA,NA,NA,NA,NA,NA,NA,NA,0,1,NA,NA,NA,NA,NA,NA,NA,NA,NA,NA,NA,NA
"dummies","comunidad",NA,"producer_community_joconal","Comunidad del productor/El Joconal",NA,NA,NA,NA,0,0,1,0,NA,NA,NA,NA,NA,NA,NA,NA,NA,NA,NA,NA,NA,NA,NA,NA,NA,NA,0,1,NA,NA,NA,NA,NA,NA,NA,NA,NA,NA,NA,NA
"dummies","comunidad",NA,"producer_community_juntas","Comunidad del productor/Las Juntas",NA,NA,NA,NA,0,0,1,0,NA,NA,NA,NA,NA,NA,NA,NA,NA,NA,NA,NA,NA,NA,NA,NA,NA,NA,0,1,NA,NA,NA,NA,NA,NA,NA,NA,NA,NA,NA,NA
"dummies","comunidad",NA,"producer_community_laureles","Comunidad del productor/Los Laureles",NA,NA,NA,NA,0,0,1,0,NA,NA,NA,NA,NA,NA,NA,NA,NA,NA,NA,NA,NA,NA,NA,NA,NA,NA,0,1,NA,NA,NA,NA,NA,NA,NA,NA,NA,NA,NA,NA
"dummies","comunidad",NA,"producer_community_macuzal","Comunidad del productor/Macuzal",NA,NA,NA,NA,0,0,1,0,NA,NA,NA,NA,NA,NA,NA,NA,NA,NA,NA,NA,NA,NA,NA,NA,NA,NA,0,1,NA,NA,NA,NA,NA,NA,NA,NA,NA,NA,NA,NA
"dummies","comunidad",NA,"producer_community_marias1","Comunidad del productor/Las Marias",NA,NA,NA,NA,0,0,1,0,NA,NA,NA,NA,NA,NA,NA,NA,NA,NA,NA,NA,NA,NA,NA,NA,NA,NA,0,1,NA,NA,NA,NA,NA,NA,NA,NA,NA,NA,NA,NA
"dummies","comunidad",NA,"producer_community_marias2","Comunidad del productor/Las Marias",NA,NA,NA,NA,0,0,1,0,NA,NA,NA,NA,NA,NA,NA,NA,NA,NA,NA,NA,NA,NA,NA,NA,NA,NA,0,1,NA,NA,NA,NA,NA,NA,NA,NA,NA,NA,NA,NA
"dummies","comunidad",NA,"producer_community_marias3","Comunidad del productor/Las Marias",NA,NA,NA,NA,0,0,1,0,NA,NA,NA,NA,NA,NA,NA,NA,NA,NA,NA,NA,NA,NA,NA,NA,NA,NA,0,1,NA,NA,NA,NA,NA,NA,NA,NA,NA,NA,NA,NA
"dummies","comunidad",NA,"producer_community_montesoro","Comunidad del productor/Montes de Oro",NA,NA,NA,NA,0,0,1,0,NA,NA,NA,NA,NA,NA,NA,NA,NA,NA,NA,NA,NA,NA,NA,NA,NA,NA,0,1,NA,NA,NA,NA,NA,NA,NA,NA,NA,NA,NA,NA
"dummies","comunidad",NA,"producer_community_ni_buenavista","Comunidad del productor/Buena Vista",NA,NA,NA,NA,0,0,1,0,NA,NA,NA,NA,NA,NA,NA,NA,NA,NA,NA,NA,NA,NA,NA,NA,NA,NA,0,1,NA,NA,NA,NA,NA,NA,NA,NA,NA,NA,NA,NA
"dummies","comunidad",NA,"producer_community_ni_scruz","Comunidad del productor/Santa Cruz",NA,NA,NA,NA,0,0,1,0,NA,NA,NA,NA,NA,NA,NA,NA,NA,NA,NA,NA,NA,NA,NA,NA,NA,NA,0,1,NA,NA,NA,NA,NA,NA,NA,NA,NA,NA,NA,NA
"dummies","comunidad",NA,"producer_community_ni_yorito","Comunidad del productor/Yorito",NA,NA,NA,NA,0,0,1,0,NA,NA,NA,NA,NA,NA,NA,NA,NA,NA,NA,NA,NA,NA,NA,NA,NA,NA,0,1,NA,NA,NA,NA,NA,NA,NA,NA,NA,NA,NA,NA
"dummies","comunidad",NA,"producer_community_nyork","Comunidad del productor/Nueva York",NA,NA,NA,NA,0,0,1,0,NA,NA,NA,NA,NA,NA,NA,NA,NA,NA,NA,NA,NA,NA,NA,NA,NA,NA,0,1,NA,NA,NA,NA,NA,NA,NA,NA,NA,NA,NA,NA
"dummies","comunidad",NA,"producer_community_ocotillo","Comunidad del productor/El Ocotillo",NA,NA,NA,NA,0,0,1,0,NA,NA,NA,NA,NA,NA,NA,NA,NA,NA,NA,NA,NA,NA,NA,NA,NA,NA,0,1,NA,NA,NA,NA,NA,NA,NA,NA,NA,NA,NA,NA
"dummies","comunidad",NA,"producer_community_pacayalito","Comunidad del productor/Pacayalito",NA,NA,NA,NA,0,0,1,0,NA,NA,NA,NA,NA,NA,NA,NA,NA,NA,NA,NA,NA,NA,NA,NA,NA,NA,0,1,NA,NA,NA,NA,NA,NA,NA,NA,NA,NA,NA,NA
"dummies","comunidad",NA,"producer_community_palmo","Comunidad del productor/El Palmo",NA,NA,NA,NA,0,0,1,0,NA,NA,NA,NA,NA,NA,NA,NA,NA,NA,NA,NA,NA,NA,NA,NA,NA,NA,0,1,NA,NA,NA,NA,NA,NA,NA,NA,NA,NA,NA,NA
"dummies","comunidad",NA,"producer_community_paraiso","Comunidad del productor/El Paraiso",NA,NA,NA,NA,0,0,1,0,NA,NA,NA,NA,NA,NA,NA,NA,NA,NA,NA,NA,NA,NA,NA,NA,NA,NA,0,1,NA,NA,NA,NA,NA,NA,NA,NA,NA,NA,NA,NA
"dummies","comunidad",NA,"producer_community_pgrande","Comunidad del productor/Plan Grande",NA,NA,NA,NA,0,0,1,0,NA,NA,NA,NA,NA,NA,NA,NA,NA,NA,NA,NA,NA,NA,NA,NA,NA,NA,0,1,NA,NA,NA,NA,NA,NA,NA,NA,NA,NA,NA,NA
"dummies","comunidad",NA,"producer_community_phigo","Comunidad del productor/Plan del Higo",NA,NA,NA,NA,0,0,1,0,NA,NA,NA,NA,NA,NA,NA,NA,NA,NA,NA,NA,NA,NA,NA,NA,NA,NA,0,1,NA,NA,NA,NA,NA,NA,NA,NA,NA,NA,NA,NA
"dummies","comunidad",NA,"producer_community_porvenir","Comunidad del productor/El Porvenir",NA,NA,NA,NA,0,0,1,0,NA,NA,NA,NA,NA,NA,NA,NA,NA,NA,NA,NA,NA,NA,NA,NA,NA,NA,0,1,NA,NA,NA,NA,NA,NA,NA,NA,NA,NA,NA,NA
"dummies","comunidad",NA,"producer_community_resumidero","Comunidad del productor/El Resumidero",NA,NA,NA,NA,0,0,1,0,NA,NA,NA,NA,NA,NA,NA,NA,NA,NA,NA,NA,NA,NA,NA,NA,NA,NA,0,1,NA,NA,NA,NA,NA,NA,NA,NA,NA,NA,NA,NA
"dummies","comunidad",NA,"producer_community_rfrio","Comunidad del productor/Finca Rio Frio",NA,NA,NA,NA,0,0,1,0,NA,NA,NA,NA,NA,NA,NA,NA,NA,NA,NA,NA,NA,NA,NA,NA,NA,NA,0,1,NA,NA,NA,NA,NA,NA,NA,NA,NA,NA,NA,NA
"dummies","comunidad",NA,"producer_community_santonio","Comunidad del productor/San Antonio",NA,NA,NA,NA,0,0,1,0,NA,NA,NA,NA,NA,NA,NA,NA,NA,NA,NA,NA,NA,NA,NA,NA,NA,NA,0,1,NA,NA,NA,NA,NA,NA,NA,NA,NA,NA,NA,NA
"dummies","comunidad",NA,"producer_community_sbartolo","Comunidad del productor/San Bartolo",NA,NA,NA,NA,0,0,1,0,NA,NA,NA,NA,NA,NA,NA,NA,NA,NA,NA,NA,NA,NA,NA,NA,NA,NA,0,1,NA,NA,NA,NA,NA,NA,NA,NA,NA,NA,NA,NA
"dummies","comunidad",NA,"producer_community_sfernando","Comunidad del productor/San Fernando",NA,NA,NA,NA,0,0,1,0,NA,NA,NA,NA,NA,NA,NA,NA,NA,NA,NA,NA,NA,NA,NA,NA,NA,NA,0,1,NA,NA,NA,NA,NA,NA,NA,NA,NA,NA,NA,NA
"dummies","comunidad",NA,"producer_community_sisidro1","Comunidad del productor/San Isidro del Pacayal",NA,NA,NA,NA,0,0,1,0,NA,NA,NA,NA,NA,NA,NA,NA,NA,NA,NA,NA,NA,NA,NA,NA,NA,NA,0,1,NA,NA,NA,NA,NA,NA,NA,NA,NA,NA,NA,NA
"dummies","comunidad",NA,"producer_community_sisidro2","Comunidad del productor/San Isidro",NA,NA,NA,NA,0,0,1,0,NA,NA,NA,NA,NA,NA,NA,NA,NA,NA,NA,NA,NA,NA,NA,NA,NA,NA,0,1,NA,NA,NA,NA,NA,NA,NA,NA,NA,NA,NA,NA
"dummies","comunidad",NA,"producer_community_sjeronimo","Comunidad del productor/San Jeronimo",NA,NA,NA,NA,0,0,1,0,NA,NA,NA,NA,NA,NA,NA,NA,NA,NA,NA,NA,NA,NA,NA,NA,NA,NA,0,1,NA,NA,NA,NA,NA,NA,NA,NA,NA,NA,NA,NA
"dummies","comunidad",NA,"producer_community_smarcos","Comunidad del productor/San Marcos o El Cedral",NA,NA,NA,NA,0,0,1,0,NA,NA,NA,NA,NA,NA,NA,NA,NA,NA,NA,NA,NA,NA,NA,NA,NA,NA,0,1,NA,NA,NA,NA,NA,NA,NA,NA,NA,NA,NA,NA
"dummies","comunidad",NA,"producer_community_smiguel","Comunidad del productor/San Miguel",NA,NA,NA,NA,0,0,1,0,NA,NA,NA,NA,NA,NA,NA,NA,NA,NA,NA,NA,NA,NA,NA,NA,NA,NA,0,1,NA,NA,NA,NA,NA,NA,NA,NA,NA,NA,NA,NA
"dummies","comunidad",NA,"producer_community_sn_scruz","Comunidad del productor/Santa Cruz",NA,NA,NA,NA,0,0,1,0,NA,NA,NA,NA,NA,NA,NA,NA,NA,NA,NA,NA,NA,NA,NA,NA,NA,NA,0,1,NA,NA,NA,NA,NA,NA,NA,NA,NA,NA,NA,NA
"dummies","comunidad",NA,"producer_community_spedrito","Comunidad del productor/San Pedrito",NA,NA,NA,NA,0,0,1,0,NA,NA,NA,NA,NA,NA,NA,NA,NA,NA,NA,NA,NA,NA,NA,NA,NA,NA,0,1,NA,NA,NA,NA,NA,NA,NA,NA,NA,NA,NA,NA
"dummies","comunidad",NA,"producer_community_sr_filo","Comunidad del productor/El Filo del Monte Largo",NA,NA,NA,NA,0,0,1,0,NA,NA,NA,NA,NA,NA,NA,NA,NA,NA,NA,NA,NA,NA,NA,NA,NA,NA,0,1,NA,NA,NA,NA,NA,NA,NA,NA,NA,NA,NA,NA
"dummies","comunidad",NA,"producer_community_sr_lagunetas","Comunidad del productor/Lagunetas",NA,NA,NA,NA,0,0,1,0,NA,NA,NA,NA,NA,NA,NA,NA,NA,NA,NA,NA,NA,NA,NA,NA,NA,NA,0,1,NA,NA,NA,NA,NA,NA,NA,NA,NA,NA,NA,NA
"dummies","comunidad",NA,"producer_community_sr_rcolorado","Comunidad del productor/Rio Colorado",NA,NA,NA,NA,0,0,1,0,NA,NA,NA,NA,NA,NA,NA,NA,NA,NA,NA,NA,NA,NA,NA,NA,NA,NA,0,1,NA,NA,NA,NA,NA,NA,NA,NA,NA,NA,NA,NA
"dummies","comunidad",NA,"producer_community_sr_srafael","Comunidad del productor/San Rafael",NA,NA,NA,NA,0,0,1,0,NA,NA,NA,NA,NA,NA,NA,NA,NA,NA,NA,NA,NA,NA,NA,NA,NA,NA,0,1,NA,NA,NA,NA,NA,NA,NA,NA,NA,NA,NA,NA
"dummies","comunidad",NA,"producer_community_sr_suyapa","Comunidad del productor/Suyapa",NA,NA,NA,NA,0,0,1,0,NA,NA,NA,NA,NA,NA,NA,NA,NA,NA,NA,NA,NA,NA,NA,NA,NA,NA,0,1,NA,NA,NA,NA,NA,NA,NA,NA,NA,NA,NA,NA
"dummies","comunidad",NA,"producer_community_subirana","Comunidad del productor/Subirana",NA,NA,NA,NA,0,0,1,0,NA,NA,NA,NA,NA,NA,NA,NA,NA,NA,NA,NA,NA,NA,NA,NA,NA,NA,0,1,NA,NA,NA,NA,NA,NA,NA,NA,NA,NA,NA,NA
"dummies","comunidad",NA,"producer_community_tegucigalpita","Comunidad del productor/Tegucigalpita",NA,NA,NA,NA,0,0,1,0,NA,NA,NA,NA,NA,NA,NA,NA,NA,NA,NA,NA,NA,NA,NA,NA,NA,NA,0,1,NA,NA,NA,NA,NA,NA,NA,NA,NA,NA,NA,NA
"dummies","comunidad",NA,"producer_community_teocinte","Comunidad del productor/Teocinte",NA,NA,NA,NA,0,0,1,0,NA,NA,NA,NA,NA,NA,NA,NA,NA,NA,NA,NA,NA,NA,NA,NA,NA,NA,0,1,NA,NA,NA,NA,NA,NA,NA,NA,NA,NA,NA,NA
"dummies","comunidad",NA,"producer_community_un_filo","Comunidad del productor/El Filo del Monte Largo",NA,NA,NA,NA,0,0,1,0,NA,NA,NA,NA,NA,NA,NA,NA,NA,NA,NA,NA,NA,NA,NA,NA,NA,NA,0,1,NA,NA,NA,NA,NA,NA,NA,NA,NA,NA,NA,NA
"dummies","comunidad",NA,"producer_community_un_lagunetas","Comunidad del productor/Lagunetas",NA,NA,NA,NA,0,0,1,0,NA,NA,NA,NA,NA,NA,NA,NA,NA,NA,NA,NA,NA,NA,NA,NA,NA,NA,0,1,NA,NA,NA,NA,NA,NA,NA,NA,NA,NA,NA,NA
"dummies","comunidad",NA,"producer_community_un_rcolorado","Comunidad del productor/Rio Colorado",NA,NA,NA,NA,0,0,1,0,NA,NA,NA,NA,NA,NA,NA,NA,NA,NA,NA,NA,NA,NA,NA,NA,NA,NA,0,1,NA,NA,NA,NA,NA,NA,NA,NA,NA,NA,NA,NA
"dummies","comunidad",NA,"producer_community_un_srafael","Comunidad del productor/San Rafael",NA,NA,NA,NA,0,0,1,0,NA,NA,NA,NA,NA,NA,NA,NA,NA,NA,NA,NA,NA,NA,NA,NA,NA,NA,0,1,NA,NA,NA,NA,NA,NA,NA,NA,NA,NA,NA,NA
"dummies","comunidad",NA,"producer_community_un_suyapa","Comunidad del productor/Suyapa",NA,NA,NA,NA,0,0,1,0,NA,NA,NA,NA,NA,NA,NA,NA,NA,NA,NA,NA,NA,NA,NA,NA,NA,NA,0,1,NA,NA,NA,NA,NA,NA,NA,NA,NA,NA,NA,NA
"dummies","comunidad",NA,"producer_community_yo_buenavista","Comunidad del productor/Buena Vista",NA,NA,NA,NA,0,0,1,0,NA,NA,NA,NA,NA,NA,NA,NA,NA,NA,NA,NA,NA,NA,NA,NA,NA,NA,0,1,NA,NA,NA,NA,NA,NA,NA,NA,NA,NA,NA,NA
"dummies","comunidad",NA,"producer_community_yo_yorito","Comunidad del productor/Yorito",NA,NA,NA,NA,0,0,1,0,NA,NA,NA,NA,NA,NA,NA,NA,NA,NA,NA,NA,NA,NA,NA,NA,NA,NA,0,1,NA,NA,NA,NA,NA,NA,NA,NA,NA,NA,NA,NA
"dummies","comunidad",NA,"producer_community_zapotillo","Comunidad del productor/El Zapotillo",NA,NA,NA,NA,0,0,1,0,NA,NA,NA,NA,NA,NA,NA,NA,NA,NA,NA,NA,NA,NA,NA,NA,NA,NA,0,1,NA,NA,NA,NA,NA,NA,NA,NA,NA,NA,NA,NA
"dummies","comunidad",NA,"producer_community_zorca","Comunidad del productor/Zorca",NA,NA,NA,NA,0,0,1,0,NA,NA,NA,NA,NA,NA,NA,NA,NA,NA,NA,NA,NA,NA,NA,NA,NA,NA,0,1,NA,NA,NA,NA,NA,NA,NA,NA,NA,NA,NA,NA
"calculate",NA,NA,"producer_municipality","Municipio del productor",NA,NA,NA,"pulldata('producers', 'municipality', 'nameCheck', ${nameCheck})",0,0,0,1,NA,NA,NA,NA,NA,NA,NA,NA,NA,NA,NA,NA,NA,NA,NA,NA,NA,NA,0,1,NA,NA,NA,NA,NA,NA,NA,NA,NA,NA,NA,NA
"select_one","municipality",NA,"producer_municipality","Municipio del productor",NA,NA,NA,NA,0,0,0,1,NA,NA,NA,NA,NA,NA,NA,NA,NA,NA,NA,NA,NA,NA,NA,NA,NA,NA,0,1,NA,NA,NA,NA,NA,NA,NA,NA,NA,NA,NA,NA
"dummies",NA,NA,"producer_municipality_arada1","Municipio del productor/Arada",NA,NA,NA,NA,0,0,1,0,NA,NA,NA,NA,NA,NA,NA,NA,NA,NA,NA,NA,NA,NA,NA,NA,NA,NA,0,1,NA,NA,NA,NA,NA,NA,NA,NA,NA,NA,NA,NA
"dummies",NA,NA,"producer_municipality_atima","Municipio del productor/Atima",NA,NA,NA,NA,0,0,1,0,NA,NA,NA,NA,NA,NA,NA,NA,NA,NA,NA,NA,NA,NA,NA,NA,NA,NA,0,1,NA,NA,NA,NA,NA,NA,NA,NA,NA,NA,NA,NA
"dummies",NA,NA,"producer_municipality_iguala","Municipio del productor/La Iguala",NA,NA,NA,NA,0,0,1,0,NA,NA,NA,NA,NA,NA,NA,NA,NA,NA,NA,NA,NA,NA,NA,NA,NA,NA,0,1,NA,NA,NA,NA,NA,NA,NA,NA,NA,NA,NA,NA
"dummies",NA,NA,"producer_municipality_nispero","Municipio del productor/El Nispero",NA,NA,NA,NA,0,0,1,0,NA,NA,NA,NA,NA,NA,NA,NA,NA,NA,NA,NA,NA,NA,NA,NA,NA,NA,0,1,NA,NA,NA,NA,NA,NA,NA,NA,NA,NA,NA,NA
"dummies",NA,NA,"producer_municipality_sfojuera","Municipio del productor/San Francisco de Ojuera",NA,NA,NA,NA,0,0,1,0,NA,NA,NA,NA,NA,NA,NA,NA,NA,NA,NA,NA,NA,NA,NA,NA,NA,NA,0,1,NA,NA,NA,NA,NA,NA,NA,NA,NA,NA,NA,NA
"dummies",NA,NA,"producer_municipality_snicolas","Municipio del productor/San Nicolas",NA,NA,NA,NA,0,0,1,0,NA,NA,NA,NA,NA,NA,NA,NA,NA,NA,NA,NA,NA,NA,NA,NA,NA,NA,0,1,NA,NA,NA,NA,NA,NA,NA,NA,NA,NA,NA,NA
"dummies",NA,NA,"producer_municipality_srafael","Municipio del productor/San Rafael",NA,NA,NA,NA,0,0,1,0,NA,NA,NA,NA,NA,NA,NA,NA,NA,NA,NA,NA,NA,NA,NA,NA,NA,NA,0,1,NA,NA,NA,NA,NA,NA,NA,NA,NA,NA,NA,NA
"dummies",NA,NA,"producer_municipality_srita","Municipio del productor/Santa Rita",NA,NA,NA,NA,0,0,1,0,NA,NA,NA,NA,NA,NA,NA,NA,NA,NA,NA,NA,NA,NA,NA,NA,NA,NA,0,1,NA,NA,NA,NA,NA,NA,NA,NA,NA,NA,NA,NA
"dummies",NA,NA,"producer_municipality_union","Municipio del productor/La Union",NA,NA,NA,NA,0,0,1,0,NA,NA,NA,NA,NA,NA,NA,NA,NA,NA,NA,NA,NA,NA,NA,NA,NA,NA,0,1,NA,NA,NA,NA,NA,NA,NA,NA,NA,NA,NA,NA
"dummies",NA,NA,"producer_municipality_victoria","Municipio del productor/Victoria",NA,NA,NA,NA,0,0,1,0,NA,NA,NA,NA,NA,NA,NA,NA,NA,NA,NA,NA,NA,NA,NA,NA,NA,NA,0,1,NA,NA,NA,NA,NA,NA,NA,NA,NA,NA,NA,NA
"dummies",NA,NA,"producer_municipality_yorito","Municipio del productor/Yorito",NA,NA,NA,NA,0,0,1,0,NA,NA,NA,NA,NA,NA,NA,NA,NA,NA,NA,NA,NA,NA,NA,NA,NA,NA,0,1,NA,NA,NA,NA,NA,NA,NA,NA,NA,NA,NA,NA
"dummies",NA,NA,"producer_municipality_yoro","Municipio del productor/Yoro",NA,NA,NA,NA,0,0,1,0,NA,NA,NA,NA,NA,NA,NA,NA,NA,NA,NA,NA,NA,NA,NA,NA,NA,NA,0,1,NA,NA,NA,NA,NA,NA,NA,NA,NA,NA,NA,NA
"select_one","sn",NA,"producerCheck","La persona entrevistada es ${nameCheck} con numero de telefono ${telCheck}?",TRUE,"not(selected(${surveyID}, 'other'))",NA,NA,0,0,1,0,NA,NA,NA,NA,NA,NA,NA,NA,NA,NA,NA,NA,NA,NA,NA,NA,NA,NA,0,1,NA,NA,NA,NA,NA,NA,NA,NA,NA,NA,NA,NA
"decimal",NA,"E3X","productiveCoffeeAreaLastHarvest","Cuanto es el area productiva de cafe durante la ultima cosecha?",TRUE,NA,NA,NA,1,0,0,0,NA,NA,NA,NA,NA,NA,NA,NA,0,0,NA,0,0,0,0,0,0,0,1,0,NA,NA,NA,NA,NA,NA,NA,NA,NA,NA,NA,NA
"decimal",NA,NA,"productiveCoffeeAreaLastHarvestInHa","Area productiva de cafe durante la ultima cosecha",NA,NA,NA,NA,1,0,0,0,NA,NA,NA,NA,NA,NA,NA,NA,NA,NA,NA,NA,NA,NA,NA,NA,NA,NA,1,0,NA,NA,NA,NA,NA,NA,NA,NA,NA,NA,3,1
"select_one","area_units","E3XA","productiveCoffeeAreaUnit","Unidad de medida de area",TRUE,NA,NA,NA,0,0,0,0,0,0,0,0,0,0,0,0,0,NA,NA,0,0,0,0,0,0,0,1,1,NA,"lands",NA,NA,NA,NA,NA,NA,NA,NA,NA,NA
"calculate",NA,NA,"productiveCoffeeAreaUnitLabel","Etiqueta de unidad de medida del area",NA,NA,NA,"if(${productiveCoffeeAreaUnit}='vr', 'Varas', if(${productiveCoffeeAreaUnit}='mz', 'Manzanas', if(${productiveCoffeeAreaUnit}='hectare', 'Hectáreas', if(${productiveCoffeeAreaUnit}='tarea', 'Tareas', if(${productiveCoffeeAreaUnit}='metros2', 'Metros cuadrados', 'Otros')))))",0,0,0,0,0,0,0,0,0,0,0,0,NA,NA,NA,NA,NA,NA,NA,NA,NA,NA,0,1,NA,"lands",NA,NA,NA,NA,NA,NA,NA,NA,NA,NA
"select_one","proportions",NA,"proportionOfCoffeeSaleIncome","?/Todo o casi todo (90-100%)",NA,NA,NA,NA,0,0,0,1,NA,NA,NA,NA,NA,NA,NA,NA,NA,NA,NA,NA,NA,NA,NA,NA,NA,NA,1,0,NA,NA,NA,NA,NA,NA,NA,NA,NA,NA,NA,NA
"dummies","proportions",NA,"proportionOfCoffeeSaleIncome_All","?/Todo o casi todo (90-100%)",NA,NA,NA,NA,0,0,1,0,NA,NA,NA,NA,NA,NA,NA,NA,NA,NA,NA,NA,NA,NA,NA,NA,NA,NA,1,0,NA,NA,NA,NA,NA,NA,NA,NA,NA,NA,NA,NA
"dummies","proportions",NA,"proportionOfCoffeeSaleIncome_Half","?/La mitad (40-60%)",NA,NA,NA,NA,0,0,1,0,NA,NA,NA,NA,NA,NA,NA,NA,NA,NA,NA,NA,NA,NA,NA,NA,NA,NA,1,0,NA,NA,NA,NA,NA,NA,NA,NA,NA,NA,NA,NA
"dummies","proportions",NA,"proportionOfCoffeeSaleIncome_Little","?/Poco (1-10%)",NA,NA,NA,NA,0,0,1,0,NA,NA,NA,NA,NA,NA,NA,NA,NA,NA,NA,NA,NA,NA,NA,NA,NA,NA,1,0,NA,NA,NA,NA,NA,NA,NA,NA,NA,NA,NA,NA
"dummies","proportions",NA,"proportionOfCoffeeSaleIncome_Most","?/Mas de la mitad (60-90%)",NA,NA,NA,NA,0,0,1,0,NA,NA,NA,NA,NA,NA,NA,NA,NA,NA,NA,NA,NA,NA,NA,NA,NA,NA,1,0,NA,NA,NA,NA,NA,NA,NA,NA,NA,NA,NA,NA
"dummies","proportions",NA,"proportionOfCoffeeSaleIncome_no_answer","?/Sin respuesta",NA,NA,NA,NA,0,0,1,0,NA,NA,NA,NA,NA,NA,NA,NA,NA,NA,NA,NA,NA,NA,NA,NA,NA,NA,0,0,NA,NA,NA,NA,NA,NA,NA,NA,NA,NA,NA,NA
"dummies","proportions",NA,"proportionOfCoffeeSaleIncome_None","?/Nada (0%)",NA,NA,NA,NA,0,0,1,0,NA,NA,NA,NA,NA,NA,NA,NA,NA,NA,NA,NA,NA,NA,NA,NA,NA,NA,0,0,NA,NA,NA,NA,NA,NA,NA,NA,NA,NA,NA,NA
"dummies","proportions",NA,"proportionOfCoffeeSaleIncome_UnderHalf","?/Menos de la mitad (10-40%)",NA,NA,NA,NA,0,0,1,0,NA,NA,NA,NA,NA,NA,NA,NA,NA,NA,NA,NA,NA,NA,NA,NA,NA,NA,1,0,NA,NA,NA,NA,NA,NA,NA,NA,NA,NA,NA,NA
"select_one","proportions","K2","proportionOfOtherIncome","Que proporcion representan estos otros ingresos del total de ingresos de su hogar?",TRUE,"otherSourcesOfIncome == 'Si'",NA,NA,0,0,0,1,NA,NA,NA,NA,NA,NA,NA,NA,NA,NA,NA,NA,NA,NA,NA,NA,NA,NA,1,0,NA,NA,NA,NA,NA,NA,NA,NA,NA,NA,NA,NA
"dummies","proportions",NA,"proportionOfOtherIncome_All","Que proporcion representan estos otros ingresos del total de ingresos de su hogar?/Todo o casi todo (90-100%)",NA,NA,NA,NA,0,0,1,0,NA,NA,NA,NA,NA,NA,NA,NA,NA,NA,NA,NA,NA,NA,NA,NA,NA,NA,1,0,NA,NA,NA,NA,NA,NA,NA,NA,NA,NA,NA,NA
"dummies","proportions",NA,"proportionOfOtherIncome_Half","Que proporcion representan estos otros ingresos del total de ingresos de su hogar?/La mitad (40-60%)",NA,NA,NA,NA,0,0,1,0,NA,NA,NA,NA,NA,NA,NA,NA,NA,NA,NA,NA,NA,NA,NA,NA,NA,NA,1,0,NA,NA,NA,NA,NA,NA,NA,NA,NA,NA,NA,NA
"dummies","proportions",NA,"proportionOfOtherIncome_Little","Que proporcion representan estos otros ingresos del total de ingresos de su hogar?/Poco (1-10%)",NA,NA,NA,NA,0,0,1,0,NA,NA,NA,NA,NA,NA,NA,NA,NA,NA,NA,NA,NA,NA,NA,NA,NA,NA,1,0,NA,NA,NA,NA,NA,NA,NA,NA,NA,NA,NA,NA
"dummies","proportions",NA,"proportionOfOtherIncome_Most","Que proporcion representan estos otros ingresos del total de ingresos de su hogar?/Mas de la mitad (60-90%)",NA,NA,NA,NA,0,0,1,0,NA,NA,NA,NA,NA,NA,NA,NA,NA,NA,NA,NA,NA,NA,NA,NA,NA,NA,1,0,NA,NA,NA,NA,NA,NA,NA,NA,NA,NA,NA,NA
"dummies","proportions",NA,"proportionOfOtherIncome_no_answer","Que proporcion representan estos otros ingresos del total de ingresos de su hogar?/Sin respuesta",NA,NA,NA,NA,0,0,1,0,NA,NA,NA,NA,NA,NA,NA,NA,NA,NA,NA,NA,NA,NA,NA,NA,NA,NA,0,0,NA,NA,NA,NA,NA,NA,NA,NA,NA,NA,NA,NA
"dummies","proportions",NA,"proportionOfOtherIncome_None","Que proporcion representan estos otros ingresos del total de ingresos de su hogar?/Nada (0%)",NA,NA,NA,NA,0,0,1,0,NA,NA,NA,NA,NA,NA,NA,NA,NA,NA,NA,NA,NA,NA,NA,NA,NA,NA,0,0,NA,NA,NA,NA,NA,NA,NA,NA,NA,NA,NA,NA
"dummies","proportions",NA,"proportionOfOtherIncome_UnderHalf","Que proporcion representan estos otros ingresos del total de ingresos de su hogar?/Menos de la mitad (10-40%)",NA,NA,NA,NA,0,0,1,0,NA,NA,NA,NA,NA,NA,NA,NA,NA,NA,NA,NA,NA,NA,NA,NA,NA,NA,1,0,NA,NA,NA,NA,NA,NA,NA,NA,NA,NA,NA,NA
"integer",NA,"D7","providePhoneNumber","Podria facilitarnos un numero de telefono para comunicarnos con usted",TRUE,"${willingToReceiveWhatsAppUpdates} = 'Y' and selected(${producerCheck}, 'N')","regex(.,'[0-9]{8}')",NA,1,0,0,0,NA,NA,NA,NA,NA,NA,NA,NA,NA,NA,NA,NA,NA,NA,NA,NA,NA,NA,1,1,NA,NA,NA,NA,NA,NA,NA,NA,NA,NA,NA,NA
"select_one","rapport",NA,"quality_rapport","ENCUESTADOR En su opinion que tan facil fue entablar el dialogo con la persona que respondio a la encuesta?",TRUE,NA,NA,NA,0,0,0,1,NA,NA,NA,NA,NA,NA,NA,NA,NA,NA,NA,NA,NA,NA,NA,NA,NA,NA,0,1,NA,NA,27,NA,NA,NA,NA,NA,NA,NA,NA,NA
"dummies","rapport",NA,"quality_rapport_difficult","ENCUESTADOR En su opinion que tan facil fue entablar el dialogo con la persona que respondio a la encuesta?/Dificil",NA,NA,NA,NA,0,0,1,0,NA,NA,NA,NA,NA,NA,NA,NA,NA,NA,NA,NA,NA,NA,NA,NA,NA,NA,0,1,NA,NA,NA,NA,NA,NA,NA,NA,NA,NA,NA,NA
"dummies","rapport",NA,"quality_rapport_easy","ENCUESTADOR En su opinion que tan facil fue entablar el dialogo con la persona que respondio a la encuesta?/Facil",NA,NA,NA,NA,0,0,1,0,NA,NA,NA,NA,NA,NA,NA,NA,NA,NA,NA,NA,NA,NA,NA,NA,NA,NA,0,1,NA,NA,NA,NA,NA,NA,NA,NA,NA,NA,NA,NA
"dummies","rapport",NA,"quality_rapport_medium","ENCUESTADOR En su opinion que tan facil fue entablar el dialogo con la persona que respondio a la encuesta?/Medianamente facil",NA,NA,NA,NA,0,0,1,0,NA,NA,NA,NA,NA,NA,NA,NA,NA,NA,NA,NA,NA,NA,NA,NA,NA,NA,0,1,NA,NA,NA,NA,NA,NA,NA,NA,NA,NA,NA,NA
"dummies","rapport",NA,"quality_rapport_no_answer","ENCUESTADOR En su opinion que tan facil fue entablar el dialogo con la persona que respondio a la encuesta?/Sin respuesta",NA,NA,NA,NA,0,0,1,0,NA,NA,NA,NA,NA,NA,NA,NA,NA,NA,NA,NA,NA,NA,NA,NA,NA,NA,0,1,NA,NA,NA,NA,NA,NA,NA,NA,NA,NA,NA,NA
"dummies","rapport",NA,"quality_rapport_very_difficult","ENCUESTADOR En su opinion que tan facil fue entablar el dialogo con la persona que respondio a la encuesta?/Muy Dificil",NA,NA,NA,NA,0,0,1,0,NA,NA,NA,NA,NA,NA,NA,NA,NA,NA,NA,NA,NA,NA,NA,NA,NA,NA,0,1,NA,NA,NA,NA,NA,NA,NA,NA,NA,NA,NA,NA
"select_one","rapport",NA,"QUALITY_RAPPORT","ENCUESTADOR En su opinion que tan facil fue entablar el dialogo con la persona que respondio a la encuesta?",TRUE,NA,NA,NA,0,0,0,1,NA,NA,NA,NA,NA,NA,NA,NA,NA,NA,NA,NA,NA,NA,NA,NA,NA,NA,1,0,NA,NA,27,NA,NA,NA,NA,NA,NA,NA,NA,NA
"select_one","reliability",NA,"quality_reliability","ENCUESTADOR En su opinion que tan confiables son las respuestas dadas durante la encuesta? Considere la exactitud y la voluntad/interes para responder las preguntas",TRUE,NA,NA,NA,0,0,0,1,NA,NA,NA,NA,NA,NA,NA,NA,NA,NA,NA,NA,NA,NA,NA,NA,NA,NA,0,1,NA,NA,28,NA,NA,NA,NA,NA,NA,NA,NA,NA
"dummies","reliability",NA,"quality_reliability_1","ENCUESTADOR En su opinion que tan confiables son las respuestas dadas durante la encuesta? Considere la exactitud y la voluntad/interes para responder las preguntas/Dudas regulares o serias",NA,NA,NA,NA,0,0,1,0,NA,NA,NA,NA,NA,NA,NA,NA,NA,NA,NA,NA,NA,NA,NA,NA,NA,NA,0,1,NA,NA,NA,NA,NA,NA,NA,NA,NA,NA,NA,NA
"dummies","reliability",NA,"quality_reliability_2","ENCUESTADOR En su opinion que tan confiables son las respuestas dadas durante la encuesta? Considere la exactitud y la voluntad/interes para responder las preguntas/Algunas dudas",NA,NA,NA,NA,0,0,1,0,NA,NA,NA,NA,NA,NA,NA,NA,NA,NA,NA,NA,NA,NA,NA,NA,NA,NA,0,1,NA,NA,NA,NA,NA,NA,NA,NA,NA,NA,NA,NA
"dummies","reliability",NA,"quality_reliability_3","ENCUESTADOR En su opinion que tan confiables son las respuestas dadas durante la encuesta? Considere la exactitud y la voluntad/interes para responder las preguntas/Bien",NA,NA,NA,NA,0,0,1,0,NA,NA,NA,NA,NA,NA,NA,NA,NA,NA,NA,NA,NA,NA,NA,NA,NA,NA,0,1,NA,NA,NA,NA,NA,NA,NA,NA,NA,NA,NA,NA
"dummies","reliability",NA,"quality_reliability_4","ENCUESTADOR En su opinion que tan confiables son las respuestas dadas durante la encuesta? Considere la exactitud y la voluntad/interes para responder las preguntas/Confiable",NA,NA,NA,NA,0,0,1,0,NA,NA,NA,NA,NA,NA,NA,NA,NA,NA,NA,NA,NA,NA,NA,NA,NA,NA,0,1,NA,NA,NA,NA,NA,NA,NA,NA,NA,NA,NA,NA
"dummies","reliability",NA,"quality_reliability_5","ENCUESTADOR En su opinion que tan confiables son las respuestas dadas durante la encuesta? Considere la exactitud y la voluntad/interes para responder las preguntas/Muy confiable",NA,NA,NA,NA,0,0,1,0,NA,NA,NA,NA,NA,NA,NA,NA,NA,NA,NA,NA,NA,NA,NA,NA,NA,NA,0,1,NA,NA,NA,NA,NA,NA,NA,NA,NA,NA,NA,NA
"select_one","reliability",NA,"QUALITY_RELIABILITY","ENCUESTADOR En su opinion que tan confiables son las respuestas dadas durante la encuesta? Considere la exactitud y la voluntad/interes para responder las preguntas",TRUE,NA,NA,NA,0,0,0,1,NA,NA,NA,NA,NA,NA,NA,NA,NA,NA,NA,NA,NA,NA,NA,NA,NA,NA,1,0,NA,NA,28,NA,NA,NA,NA,NA,NA,NA,NA,NA
"select_multiple","e77","E77","qualityEvaluationDone","Cuales de las siguientes evaluaciones de calidad fisica se le realizaron a su cafe en la ultima cosecha?",TRUE,NA,"not(selected(${qualityEvaluationDone}, '4') and count-selected(${qualityEvaluationDone})>1)",NA,0,0,0,2,0,0,0,0,0,0,0,0,NA,NA,NA,NA,NA,NA,NA,NA,NA,NA,1,1,"sales_process_repeat","sales_process_repeat",NA,NA,NA,NA,NA,NA,NA,NA,NA,NA
"dummies","e77",NA,"qualityEvaluationDone/1","Cuales de las siguientes evaluaciones de calidad fisica se le realizaron a su cafe en la ultima cosecha?/Separacion de materia extrana",NA,NA,NA,NA,0,0,1,0,0,0,0,0,0,1,0,0,NA,NA,NA,NA,NA,NA,NA,NA,NA,NA,1,1,"sales_process_repeat","sales_process_repeat",NA,NA,NA,NA,NA,NA,NA,NA,NA,NA
"dummies","e77",NA,"qualityEvaluationDone/1_typ","Evaluaciones de calidad, por comprador/Separacion de materia extrana",NA,NA,NA,NA,0,1,0,0,0,1,0,0,0,0,0,0,NA,NA,NA,NA,NA,NA,NA,NA,NA,NA,1,1,"sales_repeat","sales_repeat",NA,NA,NA,NA,NA,NA,NA,NA,NA,NA
"dummies","e77",NA,"qualityEvaluationDone/1_typ_buy","Evaluaciones de calidad, por comprador/Separacion de materia extrana",NA,NA,NA,NA,0,0,1,0,NA,NA,NA,NA,NA,NA,NA,NA,NA,NA,NA,NA,NA,NA,NA,NA,NA,NA,1,1,NA,NA,NA,NA,NA,NA,NA,NA,NA,NA,NA,NA
"dummies","e77",NA,"qualityEvaluationDone/10","Cuales de las siguientes evaluaciones de calidad fisica se le realizaron a su cafe en la ultima cosecha?/Separacion de granos pelados",NA,NA,NA,NA,0,0,1,0,0,0,0,0,0,1,0,0,NA,NA,NA,NA,NA,NA,NA,NA,NA,NA,1,1,"sales_process_repeat","sales_process_repeat",NA,NA,NA,NA,NA,NA,NA,NA,NA,NA
"dummies","e77",NA,"qualityEvaluationDone/10_typ","Evaluaciones de calidad, por comprador/Separacion de granos pelados",NA,NA,NA,NA,0,1,0,0,0,1,0,0,0,0,0,0,NA,NA,NA,NA,NA,NA,NA,NA,NA,NA,1,1,"sales_repeat","sales_repeat",NA,NA,NA,NA,NA,NA,NA,NA,NA,NA
"dummies","e77",NA,"qualityEvaluationDone/10_typ_buy","Evaluaciones de calidad, por comprador/Separacion de granos pelados",NA,NA,NA,NA,0,0,1,0,NA,NA,NA,NA,NA,NA,NA,NA,NA,NA,NA,NA,NA,NA,NA,NA,NA,NA,1,1,NA,NA,NA,NA,NA,NA,NA,NA,NA,NA,NA,NA
"dummies","e77",NA,"qualityEvaluationDone/11","Cuales de las siguientes evaluaciones de calidad fisica se le realizaron a su cafe en la ultima cosecha?/Separacion de granos manchados",NA,NA,NA,NA,0,0,1,0,0,0,0,0,0,1,0,0,NA,NA,NA,NA,NA,NA,NA,NA,NA,NA,1,1,"sales_process_repeat","sales_process_repeat",NA,NA,NA,NA,NA,NA,NA,NA,NA,NA
"dummies","e77",NA,"qualityEvaluationDone/11_typ","Evaluaciones de calidad, por comprador/Separacion de granos manchados",NA,NA,NA,NA,0,1,0,0,0,1,0,0,0,0,0,0,NA,NA,NA,NA,NA,NA,NA,NA,NA,NA,1,1,"sales_repeat","sales_repeat",NA,NA,NA,NA,NA,NA,NA,NA,NA,NA
"dummies","e77",NA,"qualityEvaluationDone/11_typ_buy","Evaluaciones de calidad, por comprador/Separacion de granos manchados",NA,NA,NA,NA,0,0,1,0,NA,NA,NA,NA,NA,NA,NA,NA,NA,NA,NA,NA,NA,NA,NA,NA,NA,NA,1,1,NA,NA,NA,NA,NA,NA,NA,NA,NA,NA,NA,NA
"dummies","e77",NA,"qualityEvaluationDone/12","Cuales de las siguientes evaluaciones de calidad fisica se le realizaron a su cafe en la ultima cosecha?/Granos brocados",NA,NA,NA,NA,0,0,1,0,0,0,0,0,0,1,0,0,NA,NA,NA,NA,NA,NA,NA,NA,NA,NA,0,1,"sales_process_repeat","sales_process_repeat",NA,NA,NA,NA,NA,NA,NA,NA,NA,NA
"dummies","e77",NA,"qualityEvaluationDone/12_typ","Evaluaciones de calidad, por comprador/Granos brocados",NA,NA,NA,NA,0,1,0,0,0,1,0,0,0,0,0,0,NA,NA,NA,NA,NA,NA,NA,NA,NA,NA,0,1,"sales_repeat","sales_repeat",NA,NA,NA,NA,NA,NA,NA,NA,NA,NA
"dummies","e77",NA,"qualityEvaluationDone/12_typ_buy","Evaluaciones de calidad, por comprador/Granos brocados",NA,NA,NA,NA,0,0,1,0,NA,NA,NA,NA,NA,NA,NA,NA,NA,NA,NA,NA,NA,NA,NA,NA,NA,NA,0,1,NA,NA,NA,NA,NA,NA,NA,NA,NA,NA,NA,NA
"dummies","e77",NA,"qualityEvaluationDone/13","Cuales de las siguientes evaluaciones de calidad fisica se le realizaron a su cafe en la ultima cosecha?/Catacion",NA,NA,NA,NA,0,0,1,0,0,0,0,0,0,1,0,0,NA,NA,NA,NA,NA,NA,NA,NA,NA,NA,0,1,"sales_process_repeat","sales_process_repeat",NA,NA,NA,NA,NA,NA,NA,NA,NA,NA
"dummies","e77",NA,"qualityEvaluationDone/13_typ","Evaluaciones de calidad, por comprador/Catacion",NA,NA,NA,NA,0,1,0,0,0,1,0,0,0,0,0,0,NA,NA,NA,NA,NA,NA,NA,NA,NA,NA,0,1,"sales_repeat","sales_repeat",NA,NA,NA,NA,NA,NA,NA,NA,NA,NA
"dummies","e77",NA,"qualityEvaluationDone/13_typ_buy","Evaluaciones de calidad, por comprador/Catacion",NA,NA,NA,NA,0,0,1,0,NA,NA,NA,NA,NA,NA,NA,NA,NA,NA,NA,NA,NA,NA,NA,NA,NA,NA,0,1,NA,NA,NA,NA,NA,NA,NA,NA,NA,NA,NA,NA
"dummies","e77",NA,"qualityEvaluationDone/2","Cuales de las siguientes evaluaciones de calidad fisica se le realizaron a su cafe en la ultima cosecha?/Granos verdes",NA,NA,NA,NA,0,0,1,0,0,0,0,0,0,1,0,0,NA,NA,NA,NA,NA,NA,NA,NA,NA,NA,1,1,"sales_process_repeat","sales_process_repeat",NA,NA,NA,NA,NA,NA,NA,NA,NA,NA
"dummies","e77",NA,"qualityEvaluationDone/2_typ","Evaluaciones de calidad, por comprador/Granos verdes",NA,NA,NA,NA,0,1,0,0,0,1,0,0,0,0,0,0,NA,NA,NA,NA,NA,NA,NA,NA,NA,NA,1,1,"sales_repeat","sales_repeat",NA,NA,NA,NA,NA,NA,NA,NA,NA,NA
"dummies","e77",NA,"qualityEvaluationDone/2_typ_buy","Evaluaciones de calidad, por comprador/Granos verdes",NA,NA,NA,NA,0,0,1,0,NA,NA,NA,NA,NA,NA,NA,NA,NA,NA,NA,NA,NA,NA,NA,NA,NA,NA,1,1,NA,NA,NA,NA,NA,NA,NA,NA,NA,NA,NA,NA
"dummies","e77",NA,"qualityEvaluationDone/3","Cuales de las siguientes evaluaciones de calidad fisica se le realizaron a su cafe en la ultima cosecha?/Guacuco (Guajuco)",NA,NA,NA,NA,0,0,1,0,0,0,0,0,0,1,0,0,NA,NA,NA,NA,NA,NA,NA,NA,NA,NA,1,1,"sales_process_repeat","sales_process_repeat",NA,NA,NA,NA,NA,NA,NA,NA,NA,NA
"dummies","e77",NA,"qualityEvaluationDone/3_typ","Evaluaciones de calidad, por comprador/Guacuco (Guajuco)",NA,NA,NA,NA,0,1,0,0,0,1,0,0,0,0,0,0,NA,NA,NA,NA,NA,NA,NA,NA,NA,NA,1,1,"sales_repeat","sales_repeat",NA,NA,NA,NA,NA,NA,NA,NA,NA,NA
"dummies","e77",NA,"qualityEvaluationDone/3_typ_buy","Evaluaciones de calidad, por comprador/Guacuco (Guajuco)",NA,NA,NA,NA,0,0,1,0,NA,NA,NA,NA,NA,NA,NA,NA,NA,NA,NA,NA,NA,NA,NA,NA,NA,NA,1,1,NA,NA,NA,NA,NA,NA,NA,NA,NA,NA,NA,NA
"dummies","e77",NA,"qualityEvaluationDone/4","Cuales de las siguientes evaluaciones de calidad fisica se le realizaron a su cafe en la ultima cosecha?/No hice ninguna evaluacion",NA,NA,NA,NA,0,0,1,0,0,0,0,0,0,1,0,0,NA,NA,NA,NA,NA,NA,NA,NA,NA,NA,1,1,"sales_process_repeat","sales_process_repeat",NA,NA,NA,NA,NA,NA,NA,NA,NA,NA
"dummies","e77",NA,"qualityEvaluationDone/4_typ","Evaluaciones de calidad, por comprador/No hice ninguna evaluacion",NA,NA,NA,NA,0,1,0,0,0,1,0,0,0,0,0,0,NA,NA,NA,NA,NA,NA,NA,NA,NA,NA,1,1,"sales_repeat","sales_repeat",NA,NA,NA,NA,NA,NA,NA,NA,NA,NA
"dummies","e77",NA,"qualityEvaluationDone/4_typ_buy","Evaluaciones de calidad, por comprador/No hice ninguna evaluacion",NA,NA,NA,NA,0,0,1,0,NA,NA,NA,NA,NA,NA,NA,NA,NA,NA,NA,NA,NA,NA,NA,NA,NA,NA,1,1,NA,NA,NA,NA,NA,NA,NA,NA,NA,NA,NA,NA
"dummies","e77",NA,"qualityEvaluationDone/5","Cuales de las siguientes evaluaciones de calidad fisica se le realizaron a su cafe en la ultima cosecha?/Separacion de cascara de cafe",NA,NA,NA,NA,0,0,1,0,0,0,0,0,0,1,0,0,NA,NA,NA,NA,NA,NA,NA,NA,NA,NA,1,1,"sales_process_repeat","sales_process_repeat",NA,NA,NA,NA,NA,NA,NA,NA,NA,NA
"dummies","e77",NA,"qualityEvaluationDone/5_typ","Evaluaciones de calidad, por comprador/Separacion de cascara de cafe",NA,NA,NA,NA,0,1,0,0,0,1,0,0,0,0,0,0,NA,NA,NA,NA,NA,NA,NA,NA,NA,NA,1,1,"sales_repeat","sales_repeat",NA,NA,NA,NA,NA,NA,NA,NA,NA,NA
"dummies","e77",NA,"qualityEvaluationDone/5_typ_buy","Evaluaciones de calidad, por comprador/Separacion de cascara de cafe",NA,NA,NA,NA,0,0,1,0,NA,NA,NA,NA,NA,NA,NA,NA,NA,NA,NA,NA,NA,NA,NA,NA,NA,NA,1,1,NA,NA,NA,NA,NA,NA,NA,NA,NA,NA,NA,NA
"dummies","e77",NA,"qualityEvaluationDone/6","Cuales de las siguientes evaluaciones de calidad fisica se le realizaron a su cafe en la ultima cosecha?/Separacion de granos con cascara",NA,NA,NA,NA,0,0,1,0,0,0,0,0,0,1,0,0,NA,NA,NA,NA,NA,NA,NA,NA,NA,NA,1,1,"sales_process_repeat","sales_process_repeat",NA,NA,NA,NA,NA,NA,NA,NA,NA,NA
"dummies","e77",NA,"qualityEvaluationDone/6_typ","Evaluaciones de calidad, por comprador/Separacion de granos con cascara",NA,NA,NA,NA,0,1,0,0,0,1,0,0,0,0,0,0,NA,NA,NA,NA,NA,NA,NA,NA,NA,NA,1,1,"sales_repeat","sales_repeat",NA,NA,NA,NA,NA,NA,NA,NA,NA,NA
"dummies","e77",NA,"qualityEvaluationDone/6_typ_buy","Evaluaciones de calidad, por comprador/Separacion de granos con cascara",NA,NA,NA,NA,0,0,1,0,NA,NA,NA,NA,NA,NA,NA,NA,NA,NA,NA,NA,NA,NA,NA,NA,NA,NA,1,1,NA,NA,NA,NA,NA,NA,NA,NA,NA,NA,NA,NA
"dummies","e77",NA,"qualityEvaluationDone/7","Cuales de las siguientes evaluaciones de calidad fisica se le realizaron a su cafe en la ultima cosecha?/Separacion de granos vanos/casulla",NA,NA,NA,NA,0,0,1,0,0,0,0,0,0,1,0,0,NA,NA,NA,NA,NA,NA,NA,NA,NA,NA,1,1,"sales_process_repeat","sales_process_repeat",NA,NA,NA,NA,NA,NA,NA,NA,NA,NA
"dummies","e77",NA,"qualityEvaluationDone/7_typ","Evaluaciones de calidad, por comprador/Separacion de granos vanos/casulla",NA,NA,NA,NA,0,1,0,0,0,1,0,0,0,0,0,0,NA,NA,NA,NA,NA,NA,NA,NA,NA,NA,1,1,"sales_repeat","sales_repeat",NA,NA,NA,NA,NA,NA,NA,NA,NA,NA
"dummies","e77",NA,"qualityEvaluationDone/7_typ_buy","Evaluaciones de calidad, por comprador/Separacion de granos vanos/casulla",NA,NA,NA,NA,0,0,1,0,NA,NA,NA,NA,NA,NA,NA,NA,NA,NA,NA,NA,NA,NA,NA,NA,NA,NA,1,1,NA,NA,NA,NA,NA,NA,NA,NA,NA,NA,NA,NA
"dummies","e77",NA,"qualityEvaluationDone/8","Cuales de las siguientes evaluaciones de calidad fisica se le realizaron a su cafe en la ultima cosecha?/Separacion de granos flotadores (orejas)",NA,NA,NA,NA,0,0,1,0,0,0,0,0,0,1,0,0,NA,NA,NA,NA,NA,NA,NA,NA,NA,NA,1,1,"sales_process_repeat","sales_process_repeat",NA,NA,NA,NA,NA,NA,NA,NA,NA,NA
"dummies","e77",NA,"qualityEvaluationDone/8_typ","Evaluaciones de calidad, por comprador/Separacion de granos flotadores (orejas)",NA,NA,NA,NA,0,1,0,0,0,1,0,0,0,0,0,0,NA,NA,NA,NA,NA,NA,NA,NA,NA,NA,1,1,"sales_repeat","sales_repeat",NA,NA,NA,NA,NA,NA,NA,NA,NA,NA
"dummies","e77",NA,"qualityEvaluationDone/8_typ_buy","Evaluaciones de calidad, por comprador/Separacion de granos flotadores (orejas)",NA,NA,NA,NA,0,0,1,0,NA,NA,NA,NA,NA,NA,NA,NA,NA,NA,NA,NA,NA,NA,NA,NA,NA,NA,1,1,NA,NA,NA,NA,NA,NA,NA,NA,NA,NA,NA,NA
"dummies","e77",NA,"qualityEvaluationDone/9","Cuales de las siguientes evaluaciones de calidad fisica se le realizaron a su cafe en la ultima cosecha?/Separacion de granos aplastados mordidos y partidos",NA,NA,NA,NA,0,0,1,0,0,0,0,0,0,1,0,0,NA,NA,NA,NA,NA,NA,NA,NA,NA,NA,1,1,"sales_process_repeat","sales_process_repeat",NA,NA,NA,NA,NA,NA,NA,NA,NA,NA
"dummies","e77",NA,"qualityEvaluationDone/9_typ","Evaluaciones de calidad, por comprador/Separacion de granos aplastados mordidos y partidos",NA,NA,NA,NA,0,1,0,0,0,1,0,0,0,0,0,0,NA,NA,NA,NA,NA,NA,NA,NA,NA,NA,1,1,"sales_repeat","sales_repeat",NA,NA,NA,NA,NA,NA,NA,NA,NA,NA
"dummies","e77",NA,"qualityEvaluationDone/9_typ_buy","Evaluaciones de calidad, por comprador/Separacion de granos aplastados mordidos y partidos",NA,NA,NA,NA,0,0,1,0,NA,NA,NA,NA,NA,NA,NA,NA,NA,NA,NA,NA,NA,NA,NA,NA,NA,NA,1,1,NA,NA,NA,NA,NA,NA,NA,NA,NA,NA,NA,NA
"dummies","e77",NA,"qualityEvaluationDone/99","Cuales de las siguientes evaluaciones de calidad fisica se le realizaron a su cafe en la ultima cosecha?/Otra",NA,NA,NA,NA,0,0,1,0,0,0,0,0,0,1,0,0,NA,NA,NA,NA,NA,NA,NA,NA,NA,NA,1,1,"sales_process_repeat","sales_process_repeat",NA,NA,NA,NA,NA,NA,NA,NA,NA,NA
"dummies","e77",NA,"qualityEvaluationDone/99_typ","Evaluaciones de calidad, por comprador/Otra",NA,NA,NA,NA,0,1,0,0,0,1,0,0,0,0,0,0,NA,NA,NA,NA,NA,NA,NA,NA,NA,NA,1,1,"sales_repeat","sales_repeat",NA,NA,NA,NA,NA,NA,NA,NA,NA,NA
"dummies","e77",NA,"qualityEvaluationDone/99_typ_buy","Evaluaciones de calidad, por comprador/Otra",NA,NA,NA,NA,0,0,1,0,NA,NA,NA,NA,NA,NA,NA,NA,NA,NA,NA,NA,NA,NA,NA,NA,NA,NA,1,1,NA,NA,NA,NA,NA,NA,NA,NA,NA,NA,NA,NA
"select_multiple","e77",NA,"qualityEvaluationDone_typ","Evaluaciones de calidad, por comprador",NA,NA,NA,NA,0,0,0,0,0,0,0,0,0,0,0,0,NA,NA,NA,NA,NA,NA,NA,NA,NA,NA,0,0,NA,NA,NA,NA,NA,NA,NA,NA,NA,NA,NA,NA
"calculate",NA,"E70CA","quintalConversionRate","Conversion de venta en Quintal Oro",NA,NA,NA,"ifelse(formInWhichCoffeeWasSold == ""cherry"", ifelse(formInWhichCoffeeWasSold == ""wet"", saleAmountInUnits * 0.1851,ifelse(formInWhichCoffeeWasSold == ""dry"",saleAmountInUnits *,0.8, saleAmountInUnits * 1.19)))",1,0,0,0,0,0,0,0,0,0,0,0,NA,NA,NA,NA,NA,NA,NA,NA,NA,NA,1,1,"sales_process_repeat","sales_process_repeat",NA,NA,NA,NA,NA,NA,NA,NA,NA,NA
"select_multiple","technical_assistance_trusting",NA,"reasonForNotTrustingGroupTrainingInfo","Por que?",TRUE,"selected(${reasonForNotUsingGroupTrainingKnowledge}, 'hard') or selected(${reasonForNotUsingGroupTrainingKnowledge}, 'mistrust')",NA,NA,0,0,0,2,NA,NA,NA,NA,NA,NA,NA,NA,NA,NA,NA,NA,NA,NA,NA,NA,NA,NA,0,1,NA,NA,NA,NA,NA,NA,NA,NA,NA,NA,NA,NA
"dummies","technical_assistance_trusting",NA,"reasonForNotTrustingGroupTrainingInfo/foreign","Por que?/El tecnico que le dio la informacion no es de esta zona/ no conoce las condiciones de esta zona",NA,NA,NA,NA,0,0,1,0,NA,NA,NA,NA,NA,NA,NA,NA,NA,NA,NA,NA,NA,NA,NA,NA,NA,NA,0,1,NA,NA,NA,NA,NA,NA,NA,NA,NA,NA,NA,NA
"dummies","technical_assistance_trusting",NA,"reasonForNotTrustingGroupTrainingInfo/man","Por que?/El tecnico que le dio la informacion es hombre",NA,NA,NA,NA,0,0,1,0,NA,NA,NA,NA,NA,NA,NA,NA,NA,NA,NA,NA,NA,NA,NA,NA,NA,NA,0,1,NA,NA,NA,NA,NA,NA,NA,NA,NA,NA,NA,NA
"dummies","technical_assistance_trusting",NA,"reasonForNotTrustingGroupTrainingInfo/other","Por que?/Otro",NA,NA,NA,NA,0,0,1,0,NA,NA,NA,NA,NA,NA,NA,NA,NA,NA,NA,NA,NA,NA,NA,NA,NA,NA,0,1,NA,NA,NA,NA,NA,NA,NA,NA,NA,NA,NA,NA
"dummies","technical_assistance_trusting",NA,"reasonForNotTrustingGroupTrainingInfo/woman","Por que?/El tecnico que le dio la informacion es mujer",NA,NA,NA,NA,0,0,1,0,NA,NA,NA,NA,NA,NA,NA,NA,NA,NA,NA,NA,NA,NA,NA,NA,NA,NA,0,1,NA,NA,NA,NA,NA,NA,NA,NA,NA,NA,NA,NA
"dummies","technical_assistance_trusting",NA,"reasonForNotTrustingGroupTrainingInfo/young","Por que?/El tecnico que le dio la informacion es muy joven",NA,NA,NA,NA,0,0,1,0,NA,NA,NA,NA,NA,NA,NA,NA,NA,NA,NA,NA,NA,NA,NA,NA,NA,NA,0,1,NA,NA,NA,NA,NA,NA,NA,NA,NA,NA,NA,NA
"select_multiple","technical_assistance_trusting",NA,"reasonForNotTrustingTechnicalAssistanceInfo","Por que?",TRUE,"selected(${reasonForNotUsingTechnicalAssistanceKnowledge}, 'hard') or selected(${reasonForNotUsingTechnicalAssistanceKnowledge}, 'mistrust')",NA,NA,0,0,0,2,NA,NA,NA,NA,NA,NA,NA,NA,NA,NA,NA,NA,NA,NA,NA,NA,NA,NA,0,1,NA,NA,NA,NA,NA,NA,NA,NA,NA,NA,NA,NA
"dummies","technical_assistance_trusting",NA,"reasonForNotTrustingTechnicalAssistanceInfo/foreign","Por que?/El tecnico que le dio la informacion no es de esta zona/ no conoce las condiciones de esta zona",NA,NA,NA,NA,0,0,1,0,NA,NA,NA,NA,NA,NA,NA,NA,NA,NA,NA,NA,NA,NA,NA,NA,NA,NA,0,1,NA,NA,NA,NA,NA,NA,NA,NA,NA,NA,NA,NA
"dummies","technical_assistance_trusting",NA,"reasonForNotTrustingTechnicalAssistanceInfo/man","Por que?/El tecnico que le dio la informacion es hombre",NA,NA,NA,NA,0,0,1,0,NA,NA,NA,NA,NA,NA,NA,NA,NA,NA,NA,NA,NA,NA,NA,NA,NA,NA,0,1,NA,NA,NA,NA,NA,NA,NA,NA,NA,NA,NA,NA
"dummies","technical_assistance_trusting",NA,"reasonForNotTrustingTechnicalAssistanceInfo/other","Por que?/Otro",NA,NA,NA,NA,0,0,1,0,NA,NA,NA,NA,NA,NA,NA,NA,NA,NA,NA,NA,NA,NA,NA,NA,NA,NA,0,1,NA,NA,NA,NA,NA,NA,NA,NA,NA,NA,NA,NA
"dummies","technical_assistance_trusting",NA,"reasonForNotTrustingTechnicalAssistanceInfo/woman","Por que?/El tecnico que le dio la informacion es mujer",NA,NA,NA,NA,0,0,1,0,NA,NA,NA,NA,NA,NA,NA,NA,NA,NA,NA,NA,NA,NA,NA,NA,NA,NA,0,1,NA,NA,NA,NA,NA,NA,NA,NA,NA,NA,NA,NA
"dummies","technical_assistance_trusting",NA,"reasonForNotTrustingTechnicalAssistanceInfo/young","Por que?/El tecnico que le dio la informacion es muy joven",NA,NA,NA,NA,0,0,1,0,NA,NA,NA,NA,NA,NA,NA,NA,NA,NA,NA,NA,NA,NA,NA,NA,NA,NA,0,1,NA,NA,NA,NA,NA,NA,NA,NA,NA,NA,NA,NA
"select_multiple","not_using_knowledge",NA,"reasonForNotUsingGroupTrainingKnowledge","Por que?",TRUE,"${usedGroupTrainingKnowledgeForCropDecisions} = 'N'","not(selected(${reasonForNotUsingGroupTrainingKnowledge}, 'ns') and count-selected(${reasonForNotUsingGroupTrainingKnowledge})>1)",NA,0,0,0,2,NA,NA,NA,NA,NA,NA,NA,NA,NA,NA,NA,NA,NA,NA,NA,NA,NA,NA,0,1,NA,NA,NA,NA,NA,NA,NA,NA,NA,NA,NA,NA
"dummies","not_using_knowledge",NA,"reasonForNotUsingGroupTrainingKnowledge/hard","Por que?/Muy dificil de entender",NA,NA,NA,NA,0,0,1,0,NA,NA,NA,NA,NA,NA,NA,NA,NA,NA,NA,NA,NA,NA,NA,NA,NA,NA,0,1,NA,NA,NA,NA,NA,NA,NA,NA,NA,NA,NA,NA
"dummies","not_using_knowledge",NA,"reasonForNotUsingGroupTrainingKnowledge/mistrust","Por que?/No confio en la informacion o no la considero confiable",NA,NA,NA,NA,0,0,1,0,NA,NA,NA,NA,NA,NA,NA,NA,NA,NA,NA,NA,NA,NA,NA,NA,NA,NA,0,1,NA,NA,NA,NA,NA,NA,NA,NA,NA,NA,NA,NA
"dummies","not_using_knowledge",NA,"reasonForNotUsingGroupTrainingKnowledge/notneeded","Por que?/No necesitaba lo que me recomendaron",NA,NA,NA,NA,0,0,1,0,NA,NA,NA,NA,NA,NA,NA,NA,NA,NA,NA,NA,NA,NA,NA,NA,NA,NA,0,1,NA,NA,NA,NA,NA,NA,NA,NA,NA,NA,NA,NA
"dummies","not_using_knowledge",NA,"reasonForNotUsingGroupTrainingKnowledge/ns","Por que?/No sabe",NA,NA,NA,NA,0,0,1,0,NA,NA,NA,NA,NA,NA,NA,NA,NA,NA,NA,NA,NA,NA,NA,NA,NA,NA,0,1,NA,NA,NA,NA,NA,NA,NA,NA,NA,NA,NA,NA
"dummies","not_using_knowledge",NA,"reasonForNotUsingGroupTrainingKnowledge/other","Por que?/Otro",NA,NA,NA,NA,0,0,1,0,NA,NA,NA,NA,NA,NA,NA,NA,NA,NA,NA,NA,NA,NA,NA,NA,NA,NA,0,1,NA,NA,NA,NA,NA,NA,NA,NA,NA,NA,NA,NA
"dummies","not_using_knowledge",NA,"reasonForNotUsingGroupTrainingKnowledge/resources","Por que?/Falta de recursos para implementar las recomendaciones",NA,NA,NA,NA,0,0,1,0,NA,NA,NA,NA,NA,NA,NA,NA,NA,NA,NA,NA,NA,NA,NA,NA,NA,NA,0,1,NA,NA,NA,NA,NA,NA,NA,NA,NA,NA,NA,NA
"dummies","not_using_knowledge",NA,"reasonForNotUsingGroupTrainingKnowledge/time","Por que?/Requeriria mucho tiempo implementar las recomendaciones",NA,NA,NA,NA,0,0,1,0,NA,NA,NA,NA,NA,NA,NA,NA,NA,NA,NA,NA,NA,NA,NA,NA,NA,NA,0,1,NA,NA,NA,NA,NA,NA,NA,NA,NA,NA,NA,NA
"dummies","not_using_knowledge",NA,"reasonForNotUsingGroupTrainingKnowledge/useless","Por que?/No me parecio util",NA,NA,NA,NA,0,0,1,0,NA,NA,NA,NA,NA,NA,NA,NA,NA,NA,NA,NA,NA,NA,NA,NA,NA,NA,0,1,NA,NA,NA,NA,NA,NA,NA,NA,NA,NA,NA,NA
"select_multiple","not_using_knowledge",NA,"reasonForNotUsingTechnicalAssistanceKnowledge","Por que?",TRUE,"${usedTechnicalAssistanceKnowledgeForCropDecisions} = 'N'","not(selected(${reasonForNotUsingTechnicalAssistanceKnowledge}, 'ns') and count-selected(${reasonForNotUsingTechnicalAssistanceKnowledge})>1)",NA,0,0,0,2,NA,NA,NA,NA,NA,NA,NA,NA,NA,NA,NA,NA,NA,NA,NA,NA,NA,NA,0,1,NA,NA,NA,NA,NA,NA,NA,NA,NA,NA,NA,NA
"dummies","not_using_knowledge",NA,"reasonForNotUsingTechnicalAssistanceKnowledge/hard","Por que?/Muy dificil de entender",NA,NA,NA,NA,0,0,1,0,NA,NA,NA,NA,NA,NA,NA,NA,NA,NA,NA,NA,NA,NA,NA,NA,NA,NA,0,1,NA,NA,NA,NA,NA,NA,NA,NA,NA,NA,NA,NA
"dummies","not_using_knowledge",NA,"reasonForNotUsingTechnicalAssistanceKnowledge/mistrust","Por que?/No confio en la informacion o no la considero confiable",NA,NA,NA,NA,0,0,1,0,NA,NA,NA,NA,NA,NA,NA,NA,NA,NA,NA,NA,NA,NA,NA,NA,NA,NA,0,1,NA,NA,NA,NA,NA,NA,NA,NA,NA,NA,NA,NA
"dummies","not_using_knowledge",NA,"reasonForNotUsingTechnicalAssistanceKnowledge/notneeded","Por que?/No necesitaba lo que me recomendaron",NA,NA,NA,NA,0,0,1,0,NA,NA,NA,NA,NA,NA,NA,NA,NA,NA,NA,NA,NA,NA,NA,NA,NA,NA,0,1,NA,NA,NA,NA,NA,NA,NA,NA,NA,NA,NA,NA
"dummies","not_using_knowledge",NA,"reasonForNotUsingTechnicalAssistanceKnowledge/ns","Por que?/No sabe",NA,NA,NA,NA,0,0,1,0,NA,NA,NA,NA,NA,NA,NA,NA,NA,NA,NA,NA,NA,NA,NA,NA,NA,NA,0,1,NA,NA,NA,NA,NA,NA,NA,NA,NA,NA,NA,NA
"dummies","not_using_knowledge",NA,"reasonForNotUsingTechnicalAssistanceKnowledge/other","Por que?/Otro",NA,NA,NA,NA,0,0,1,0,NA,NA,NA,NA,NA,NA,NA,NA,NA,NA,NA,NA,NA,NA,NA,NA,NA,NA,0,1,NA,NA,NA,NA,NA,NA,NA,NA,NA,NA,NA,NA
"dummies","not_using_knowledge",NA,"reasonForNotUsingTechnicalAssistanceKnowledge/resources","Por que?/Falta de recursos para implementar las recomendaciones",NA,NA,NA,NA,0,0,1,0,NA,NA,NA,NA,NA,NA,NA,NA,NA,NA,NA,NA,NA,NA,NA,NA,NA,NA,0,1,NA,NA,NA,NA,NA,NA,NA,NA,NA,NA,NA,NA
"dummies","not_using_knowledge",NA,"reasonForNotUsingTechnicalAssistanceKnowledge/time","Por que?/Requeriria mucho tiempo implementar las recomendaciones",NA,NA,NA,NA,0,0,1,0,NA,NA,NA,NA,NA,NA,NA,NA,NA,NA,NA,NA,NA,NA,NA,NA,NA,NA,0,1,NA,NA,NA,NA,NA,NA,NA,NA,NA,NA,NA,NA
"dummies","not_using_knowledge",NA,"reasonForNotUsingTechnicalAssistanceKnowledge/useless","Por que?/No me parecio util",NA,NA,NA,NA,0,0,1,0,NA,NA,NA,NA,NA,NA,NA,NA,NA,NA,NA,NA,NA,NA,NA,NA,NA,NA,0,1,NA,NA,NA,NA,NA,NA,NA,NA,NA,NA,NA,NA
"select_multiple","no_women_train",NA,"reasonForNoWomenParticipationInGroupTraining","Por que?",TRUE,"${womenParticipationInGroupTraining} = 'N'","not(selected(${reasonForNoWomenParticipationInGroupTraining}, 'ns') and count-selected(${reasonForNoWomenParticipationInGroupTraining})>1)",NA,0,0,0,2,NA,NA,NA,NA,NA,NA,NA,NA,NA,NA,NA,NA,NA,NA,NA,NA,NA,NA,0,1,NA,NA,NA,NA,NA,NA,NA,NA,NA,NA,NA,NA
"dummies","no_women_train",NA,"reasonForNoWomenParticipationInGroupTraining/chores","Por que?/Tenia tareas en el hogar",NA,NA,NA,NA,0,0,1,0,NA,NA,NA,NA,NA,NA,NA,NA,NA,NA,NA,NA,NA,NA,NA,NA,NA,NA,0,1,NA,NA,NA,NA,NA,NA,NA,NA,NA,NA,NA,NA
"dummies","no_women_train",NA,"reasonForNoWomenParticipationInGroupTraining/froned","Por que?/No se ve bien que participe",NA,NA,NA,NA,0,0,1,0,NA,NA,NA,NA,NA,NA,NA,NA,NA,NA,NA,NA,NA,NA,NA,NA,NA,NA,0,1,NA,NA,NA,NA,NA,NA,NA,NA,NA,NA,NA,NA
"dummies","no_women_train",NA,"reasonForNoWomenParticipationInGroupTraining/notinterested","Por que?/No le interesaba",NA,NA,NA,NA,0,0,1,0,NA,NA,NA,NA,NA,NA,NA,NA,NA,NA,NA,NA,NA,NA,NA,NA,NA,NA,0,1,NA,NA,NA,NA,NA,NA,NA,NA,NA,NA,NA,NA
"dummies","no_women_train",NA,"reasonForNoWomenParticipationInGroupTraining/notinvited","Por que?/No estaba invitada",NA,NA,NA,NA,0,0,1,0,NA,NA,NA,NA,NA,NA,NA,NA,NA,NA,NA,NA,NA,NA,NA,NA,NA,NA,0,1,NA,NA,NA,NA,NA,NA,NA,NA,NA,NA,NA,NA
"dummies","no_women_train",NA,"reasonForNoWomenParticipationInGroupTraining/ns","Por que?/No sabe",NA,NA,NA,NA,0,0,1,0,NA,NA,NA,NA,NA,NA,NA,NA,NA,NA,NA,NA,NA,NA,NA,NA,NA,NA,0,1,NA,NA,NA,NA,NA,NA,NA,NA,NA,NA,NA,NA
"dummies","no_women_train",NA,"reasonForNoWomenParticipationInGroupTraining/other","Por que?/Otro",NA,NA,NA,NA,0,0,1,0,NA,NA,NA,NA,NA,NA,NA,NA,NA,NA,NA,NA,NA,NA,NA,NA,NA,NA,0,1,NA,NA,NA,NA,NA,NA,NA,NA,NA,NA,NA,NA
"dummies","no_women_train",NA,"reasonForNoWomenParticipationInGroupTraining/timing","Por que?/No podia en ese horario",NA,NA,NA,NA,0,0,1,0,NA,NA,NA,NA,NA,NA,NA,NA,NA,NA,NA,NA,NA,NA,NA,NA,NA,NA,0,1,NA,NA,NA,NA,NA,NA,NA,NA,NA,NA,NA,NA
"dummies","no_women_train",NA,"reasonForNoWomenParticipationInGroupTraining/useless","Por que?/No le parecio util",NA,NA,NA,NA,0,0,1,0,NA,NA,NA,NA,NA,NA,NA,NA,NA,NA,NA,NA,NA,NA,NA,NA,NA,NA,0,1,NA,NA,NA,NA,NA,NA,NA,NA,NA,NA,NA,NA
"select_multiple","no_women_train",NA,"reasonForNoWomenParticipationInTechnicalAssistanceInfo","Por que?",TRUE,"${womenParticipationInTechnicalAssistance} = 'N'","not(selected(${reasonForNoWomenParticipationInTechnicalAssistanceInfo}, 'ns') and count-selected(${reasonForNoWomenParticipationInTechnicalAssistanceInfo})>1)",NA,0,0,0,2,NA,NA,NA,NA,NA,NA,NA,NA,NA,NA,NA,NA,NA,NA,NA,NA,NA,NA,0,1,NA,NA,NA,NA,NA,NA,NA,NA,NA,NA,NA,NA
"dummies","no_women_train",NA,"reasonForNoWomenParticipationInTechnicalAssistanceInfo/chores","Por que?/Tenia tareas en el hogar",NA,NA,NA,NA,0,0,1,0,NA,NA,NA,NA,NA,NA,NA,NA,NA,NA,NA,NA,NA,NA,NA,NA,NA,NA,0,1,NA,NA,NA,NA,NA,NA,NA,NA,NA,NA,NA,NA
"dummies","no_women_train",NA,"reasonForNoWomenParticipationInTechnicalAssistanceInfo/froned","Por que?/No se ve bien que participe",NA,NA,NA,NA,0,0,1,0,NA,NA,NA,NA,NA,NA,NA,NA,NA,NA,NA,NA,NA,NA,NA,NA,NA,NA,0,1,NA,NA,NA,NA,NA,NA,NA,NA,NA,NA,NA,NA
"dummies","no_women_train",NA,"reasonForNoWomenParticipationInTechnicalAssistanceInfo/notinterested","Por que?/No le interesaba",NA,NA,NA,NA,0,0,1,0,NA,NA,NA,NA,NA,NA,NA,NA,NA,NA,NA,NA,NA,NA,NA,NA,NA,NA,0,1,NA,NA,NA,NA,NA,NA,NA,NA,NA,NA,NA,NA
"dummies","no_women_train",NA,"reasonForNoWomenParticipationInTechnicalAssistanceInfo/notinvited","Por que?/No estaba invitada",NA,NA,NA,NA,0,0,1,0,NA,NA,NA,NA,NA,NA,NA,NA,NA,NA,NA,NA,NA,NA,NA,NA,NA,NA,0,1,NA,NA,NA,NA,NA,NA,NA,NA,NA,NA,NA,NA
"dummies","no_women_train",NA,"reasonForNoWomenParticipationInTechnicalAssistanceInfo/ns","Por que?/No sabe",NA,NA,NA,NA,0,0,1,0,NA,NA,NA,NA,NA,NA,NA,NA,NA,NA,NA,NA,NA,NA,NA,NA,NA,NA,0,1,NA,NA,NA,NA,NA,NA,NA,NA,NA,NA,NA,NA
"dummies","no_women_train",NA,"reasonForNoWomenParticipationInTechnicalAssistanceInfo/other","Por que?/Otro",NA,NA,NA,NA,0,0,1,0,NA,NA,NA,NA,NA,NA,NA,NA,NA,NA,NA,NA,NA,NA,NA,NA,NA,NA,0,1,NA,NA,NA,NA,NA,NA,NA,NA,NA,NA,NA,NA
"dummies","no_women_train",NA,"reasonForNoWomenParticipationInTechnicalAssistanceInfo/timing","Por que?/No podia en ese horario",NA,NA,NA,NA,0,0,1,0,NA,NA,NA,NA,NA,NA,NA,NA,NA,NA,NA,NA,NA,NA,NA,NA,NA,NA,0,1,NA,NA,NA,NA,NA,NA,NA,NA,NA,NA,NA,NA
"dummies","no_women_train",NA,"reasonForNoWomenParticipationInTechnicalAssistanceInfo/useless","Por que?/No le parecio util",NA,NA,NA,NA,0,0,1,0,NA,NA,NA,NA,NA,NA,NA,NA,NA,NA,NA,NA,NA,NA,NA,NA,NA,NA,0,1,NA,NA,NA,NA,NA,NA,NA,NA,NA,NA,NA,NA
"select_multiple","reasons_not_last_harvest2",NA,"reasonNotCoffeeLastHarvest2","Por que motivo(s) no produjo cafe en la cosecha del 2023/2024 (cosecha anterior)?",TRUE,"selected(${producedCoffeeLastHarvest}, 'Y') and selected(${producedCoffeeLastHarvest2}, 'N')",NA,NA,0,0,0,2,NA,NA,NA,NA,NA,NA,NA,NA,NA,NA,NA,NA,NA,NA,NA,NA,NA,NA,0,1,NA,NA,NA,NA,NA,NA,NA,NA,NA,NA,NA,NA
"dummies","reasons_not_last_harvest2",NA,"reasonNotCoffeeLastHarvest2/1","Por que motivo(s) no produjo cafe en la cosecha del 2023/2024 (cosecha anterior)?/Problemas climaticos que afectaron el cultivo",NA,NA,NA,NA,0,0,1,0,NA,NA,NA,NA,NA,NA,NA,NA,NA,NA,NA,NA,NA,NA,NA,NA,NA,NA,0,1,NA,NA,NA,NA,NA,NA,NA,NA,NA,NA,NA,NA
"dummies","reasons_not_last_harvest2",NA,"reasonNotCoffeeLastHarvest2/10","Por que motivo(s) no produjo cafe en la cosecha del 2023/2024 (cosecha anterior)?/Otro",NA,NA,NA,NA,0,0,1,0,NA,NA,NA,NA,NA,NA,NA,NA,NA,NA,NA,NA,NA,NA,NA,NA,NA,NA,0,1,NA,NA,NA,NA,NA,NA,NA,NA,NA,NA,NA,NA
"dummies","reasons_not_last_harvest2",NA,"reasonNotCoffeeLastHarvest2/11","Por que motivo(s) no produjo cafe en la cosecha del 2023/2024 (cosecha anterior)?/Baja productividad del cultivo (recepa)",NA,NA,NA,NA,0,0,1,0,NA,NA,NA,NA,NA,NA,NA,NA,NA,NA,NA,NA,NA,NA,NA,NA,NA,NA,0,1,NA,NA,NA,NA,NA,NA,NA,NA,NA,NA,NA,NA
"dummies","reasons_not_last_harvest2",NA,"reasonNotCoffeeLastHarvest2/2","Por que motivo(s) no produjo cafe en la cosecha del 2023/2024 (cosecha anterior)?/Enfermedades o plagas que afectaron el cultivo",NA,NA,NA,NA,0,0,1,0,NA,NA,NA,NA,NA,NA,NA,NA,NA,NA,NA,NA,NA,NA,NA,NA,NA,NA,0,1,NA,NA,NA,NA,NA,NA,NA,NA,NA,NA,NA,NA
"dummies","reasons_not_last_harvest2",NA,"reasonNotCoffeeLastHarvest2/3","Por que motivo(s) no produjo cafe en la cosecha del 2023/2024 (cosecha anterior)?/Falta de mano de obra",NA,NA,NA,NA,0,0,1,0,NA,NA,NA,NA,NA,NA,NA,NA,NA,NA,NA,NA,NA,NA,NA,NA,NA,NA,0,1,NA,NA,NA,NA,NA,NA,NA,NA,NA,NA,NA,NA
"dummies","reasons_not_last_harvest2",NA,"reasonNotCoffeeLastHarvest2/4","Por que motivo(s) no produjo cafe en la cosecha del 2023/2024 (cosecha anterior)?/Falta de dinero para financiar la cosecha",NA,NA,NA,NA,0,0,1,0,NA,NA,NA,NA,NA,NA,NA,NA,NA,NA,NA,NA,NA,NA,NA,NA,NA,NA,0,1,NA,NA,NA,NA,NA,NA,NA,NA,NA,NA,NA,NA
"dummies","reasons_not_last_harvest2",NA,"reasonNotCoffeeLastHarvest2/5","Por que motivo(s) no produjo cafe en la cosecha del 2023/2024 (cosecha anterior)?/Ya no maneja la tierra donde estaba cultivado el cafe",NA,NA,NA,NA,0,0,1,0,NA,NA,NA,NA,NA,NA,NA,NA,NA,NA,NA,NA,NA,NA,NA,NA,NA,NA,0,1,NA,NA,NA,NA,NA,NA,NA,NA,NA,NA,NA,NA
"dummies","reasons_not_last_harvest2",NA,"reasonNotCoffeeLastHarvest2/6","Por que motivo(s) no produjo cafe en la cosecha del 2023/2024 (cosecha anterior)?/Dejo descansar el suelo o reemplazo plantas",NA,NA,NA,NA,0,0,1,0,NA,NA,NA,NA,NA,NA,NA,NA,NA,NA,NA,NA,NA,NA,NA,NA,NA,NA,0,1,NA,NA,NA,NA,NA,NA,NA,NA,NA,NA,NA,NA
"dummies","reasons_not_last_harvest2",NA,"reasonNotCoffeeLastHarvest2/7","Por que motivo(s) no produjo cafe en la cosecha del 2023/2024 (cosecha anterior)?/No le parece rentable",NA,NA,NA,NA,0,0,1,0,NA,NA,NA,NA,NA,NA,NA,NA,NA,NA,NA,NA,NA,NA,NA,NA,NA,NA,0,1,NA,NA,NA,NA,NA,NA,NA,NA,NA,NA,NA,NA
"dummies","reasons_not_last_harvest2",NA,"reasonNotCoffeeLastHarvest2/8","Por que motivo(s) no produjo cafe en la cosecha del 2023/2024 (cosecha anterior)?/Cambio hacia otra actividad agropecuaria",NA,NA,NA,NA,0,0,1,0,NA,NA,NA,NA,NA,NA,NA,NA,NA,NA,NA,NA,NA,NA,NA,NA,NA,NA,0,1,NA,NA,NA,NA,NA,NA,NA,NA,NA,NA,NA,NA
"dummies","reasons_not_last_harvest2",NA,"reasonNotCoffeeLastHarvest2/9","Por que motivo(s) no produjo cafe en la cosecha del 2023/2024 (cosecha anterior)?/Cambio hacia otra actividad no agropecuaria",NA,NA,NA,NA,0,0,1,0,NA,NA,NA,NA,NA,NA,NA,NA,NA,NA,NA,NA,NA,NA,NA,NA,NA,NA,0,1,NA,NA,NA,NA,NA,NA,NA,NA,NA,NA,NA,NA
"select_multiple","reasons_not_accessed",NA,"reasonsDidNotAccessed","Por que no accedieron?",TRUE,"selected(${triedFormalCredit}, 'Y') and selected(${accessedFormalCredit}, 'N')",NA,NA,0,0,0,2,NA,NA,NA,NA,NA,NA,NA,NA,NA,NA,NA,NA,NA,NA,NA,NA,NA,NA,0,1,NA,NA,NA,NA,NA,NA,NA,NA,NA,NA,NA,NA
"dummies","reasons_not_accessed",NA,"reasonsDidNotAccessed/1","Por que no accedieron?/La institucion financiera rechazo la solicitud por falta de garantia",NA,NA,NA,NA,0,0,1,0,NA,NA,NA,NA,NA,NA,NA,NA,NA,NA,NA,NA,NA,NA,NA,NA,NA,NA,0,1,NA,NA,NA,NA,NA,NA,NA,NA,NA,NA,NA,NA
"dummies","reasons_not_accessed",NA,"reasonsDidNotAccessed/10","Por que no accedieron?/Otra",NA,NA,NA,NA,0,0,1,0,NA,NA,NA,NA,NA,NA,NA,NA,NA,NA,NA,NA,NA,NA,NA,NA,NA,NA,0,1,NA,NA,NA,NA,NA,NA,NA,NA,NA,NA,NA,NA
"dummies","reasons_not_accessed",NA,"reasonsDidNotAccessed/2","Por que no accedieron?/La institucion financiera rechazo la solicitud por no contar con equipo suficiente o apropiado para la siembra (equipo de riego maquinaria etc)",NA,NA,NA,NA,0,0,1,0,NA,NA,NA,NA,NA,NA,NA,NA,NA,NA,NA,NA,NA,NA,NA,NA,NA,NA,0,1,NA,NA,NA,NA,NA,NA,NA,NA,NA,NA,NA,NA
"dummies","reasons_not_accessed",NA,"reasonsDidNotAccessed/3","Por que no accedieron?/La institucion financiera rechazo la solicitud por mal record de credito",NA,NA,NA,NA,0,0,1,0,NA,NA,NA,NA,NA,NA,NA,NA,NA,NA,NA,NA,NA,NA,NA,NA,NA,NA,0,1,NA,NA,NA,NA,NA,NA,NA,NA,NA,NA,NA,NA
"dummies","reasons_not_accessed",NA,"reasonsDidNotAccessed/4","Por que no accedieron?/La institucion financiera rechazo la solicitud por mal record de credito",NA,NA,NA,NA,0,0,1,0,NA,NA,NA,NA,NA,NA,NA,NA,NA,NA,NA,NA,NA,NA,NA,NA,NA,NA,0,1,NA,NA,NA,NA,NA,NA,NA,NA,NA,NA,NA,NA
"dummies","reasons_not_accessed",NA,"reasonsDidNotAccessed/5","Por que no accedieron?/Usted o el hogar desistio porque la tasa de interes le parecio muy alta",NA,NA,NA,NA,0,0,1,0,NA,NA,NA,NA,NA,NA,NA,NA,NA,NA,NA,NA,NA,NA,NA,NA,NA,NA,0,1,NA,NA,NA,NA,NA,NA,NA,NA,NA,NA,NA,NA
"dummies","reasons_not_accessed",NA,"reasonsDidNotAccessed/6","Por que no accedieron?/Usted o el hogar desistio porque no le prestan la cantidad que necesita",NA,NA,NA,NA,0,0,1,0,NA,NA,NA,NA,NA,NA,NA,NA,NA,NA,NA,NA,NA,NA,NA,NA,NA,NA,0,1,NA,NA,NA,NA,NA,NA,NA,NA,NA,NA,NA,NA
"dummies","reasons_not_accessed",NA,"reasonsDidNotAccessed/7","Por que no accedieron?/Usted o el hogar desistio porque piden demasiados requisitos y requiere mucho papeleo",NA,NA,NA,NA,0,0,1,0,NA,NA,NA,NA,NA,NA,NA,NA,NA,NA,NA,NA,NA,NA,NA,NA,NA,NA,0,1,NA,NA,NA,NA,NA,NA,NA,NA,NA,NA,NA,NA
"dummies","reasons_not_accessed",NA,"reasonsDidNotAccessed/8","Por que no accedieron?/Usted o el hogar desistio porque no son flexibles a la hora de cobrar",NA,NA,NA,NA,0,0,1,0,NA,NA,NA,NA,NA,NA,NA,NA,NA,NA,NA,NA,NA,NA,NA,NA,NA,NA,0,1,NA,NA,NA,NA,NA,NA,NA,NA,NA,NA,NA,NA
"dummies","reasons_not_accessed",NA,"reasonsDidNotAccessed/9","Por que no accedieron?/Usted o el hogar desistio porque los tiempos de respuesta son muy largos",NA,NA,NA,NA,0,0,1,0,NA,NA,NA,NA,NA,NA,NA,NA,NA,NA,NA,NA,NA,NA,NA,NA,NA,NA,0,1,NA,NA,NA,NA,NA,NA,NA,NA,NA,NA,NA,NA
"text",NA,NA,"reasonsDidNotAccessedOther","Cual es la otra razon?",TRUE,"selected(${reasonsDidNotAccessed}, '10')",NA,NA,0,0,0,0,NA,NA,NA,NA,NA,NA,NA,NA,NA,NA,NA,NA,NA,NA,NA,NA,NA,NA,0,1,NA,NA,NA,NA,NA,NA,NA,NA,NA,NA,NA,NA
"select_multiple","reasons_not_tried",NA,"reasonsDidNotTriedCredit","Por que no solicitaron creditos o prestamos con el sistema financiero formal (bancos cooperativas financieras microfinancieras)? Definahasta las tres razones mas importantes",TRUE,"selected(${triedFormalCredit}, 'N')","count-selected(${reasonsDidNotTriedCredit})<= 3",NA,0,0,0,2,NA,NA,NA,NA,NA,NA,NA,NA,NA,NA,NA,NA,NA,NA,NA,NA,NA,NA,0,1,NA,NA,NA,NA,NA,NA,NA,NA,NA,NA,NA,NA
"dummies","reasons_not_tried",NA,"reasonsDidNotTriedCredit/1","Por que no solicitaron creditos o prestamos con el sistema financiero formal (bancos cooperativas financieras microfinancieras)? Definahasta las tres razones mas importantes/No necesitaban creditos",NA,NA,NA,NA,0,0,1,0,NA,NA,NA,NA,NA,NA,NA,NA,NA,NA,NA,NA,NA,NA,NA,NA,NA,NA,0,1,NA,NA,NA,NA,NA,NA,NA,NA,NA,NA,NA,NA
"dummies","reasons_not_tried",NA,"reasonsDidNotTriedCredit/10","Por que no solicitaron creditos o prestamos con el sistema financiero formal (bancos cooperativas financieras microfinancieras)? Definahasta las tres razones mas importantes/Otra",NA,NA,NA,NA,0,0,1,0,NA,NA,NA,NA,NA,NA,NA,NA,NA,NA,NA,NA,NA,NA,NA,NA,NA,NA,0,1,NA,NA,NA,NA,NA,NA,NA,NA,NA,NA,NA,NA
"dummies","reasons_not_tried",NA,"reasonsDidNotTriedCredit/2","Por que no solicitaron creditos o prestamos con el sistema financiero formal (bancos cooperativas financieras microfinancieras)? Definahasta las tres razones mas importantes/Tienen acceso a creditos de otras fuentes",NA,NA,NA,NA,0,0,1,0,NA,NA,NA,NA,NA,NA,NA,NA,NA,NA,NA,NA,NA,NA,NA,NA,NA,NA,0,1,NA,NA,NA,NA,NA,NA,NA,NA,NA,NA,NA,NA
"dummies","reasons_not_tried",NA,"reasonsDidNotTriedCredit/3","Por que no solicitaron creditos o prestamos con el sistema financiero formal (bancos cooperativas financieras microfinancieras)? Definahasta las tres razones mas importantes/No saben como hacerlo",NA,NA,NA,NA,0,0,1,0,NA,NA,NA,NA,NA,NA,NA,NA,NA,NA,NA,NA,NA,NA,NA,NA,NA,NA,0,1,NA,NA,NA,NA,NA,NA,NA,NA,NA,NA,NA,NA
"dummies","reasons_not_tried",NA,"reasonsDidNotTriedCredit/4","Por que no solicitaron creditos o prestamos con el sistema financiero formal (bancos cooperativas financieras microfinancieras)? Definahasta las tres razones mas importantes/No existen instituciones financieras cerca de donde viven",NA,NA,NA,NA,0,0,1,0,NA,NA,NA,NA,NA,NA,NA,NA,NA,NA,NA,NA,NA,NA,NA,NA,NA,NA,0,1,NA,NA,NA,NA,NA,NA,NA,NA,NA,NA,NA,NA
"dummies","reasons_not_tried",NA,"reasonsDidNotTriedCredit/5","Por que no solicitaron creditos o prestamos con el sistema financiero formal (bancos cooperativas financieras microfinancieras)? Definahasta las tres razones mas importantes/Consideran que no tienen bienes para dar en garantia",NA,NA,NA,NA,0,0,1,0,NA,NA,NA,NA,NA,NA,NA,NA,NA,NA,NA,NA,NA,NA,NA,NA,NA,NA,0,1,NA,NA,NA,NA,NA,NA,NA,NA,NA,NA,NA,NA
"dummies","reasons_not_tried",NA,"reasonsDidNotTriedCredit/6","Por que no solicitaron creditos o prestamos con el sistema financiero formal (bancos cooperativas financieras microfinancieras)? Definahasta las tres razones mas importantes/Piden demasiados requisitos y requiere mucho papeleo",NA,NA,NA,NA,0,0,1,0,NA,NA,NA,NA,NA,NA,NA,NA,NA,NA,NA,NA,NA,NA,NA,NA,NA,NA,0,1,NA,NA,NA,NA,NA,NA,NA,NA,NA,NA,NA,NA
"dummies","reasons_not_tried",NA,"reasonsDidNotTriedCredit/7","Por que no solicitaron creditos o prestamos con el sistema financiero formal (bancos cooperativas financieras microfinancieras)? Definahasta las tres razones mas importantes/El proceso es muy lento",NA,NA,NA,NA,0,0,1,0,NA,NA,NA,NA,NA,NA,NA,NA,NA,NA,NA,NA,NA,NA,NA,NA,NA,NA,0,1,NA,NA,NA,NA,NA,NA,NA,NA,NA,NA,NA,NA
"dummies","reasons_not_tried",NA,"reasonsDidNotTriedCredit/8","Por que no solicitaron creditos o prestamos con el sistema financiero formal (bancos cooperativas financieras microfinancieras)? Definahasta las tres razones mas importantes/Hay temor de no poder pagar la deuda o perder la garantia",NA,NA,NA,NA,0,0,1,0,NA,NA,NA,NA,NA,NA,NA,NA,NA,NA,NA,NA,NA,NA,NA,NA,NA,NA,0,1,NA,NA,NA,NA,NA,NA,NA,NA,NA,NA,NA,NA
"dummies","reasons_not_tried",NA,"reasonsDidNotTriedCredit/9","Por que no solicitaron creditos o prestamos con el sistema financiero formal (bancos cooperativas financieras microfinancieras)? Definahasta las tres razones mas importantes/Usted o algun conocido tuvo una mala experiencia con el sector financiero",NA,NA,NA,NA,0,0,1,0,NA,NA,NA,NA,NA,NA,NA,NA,NA,NA,NA,NA,NA,NA,NA,NA,NA,NA,0,1,NA,NA,NA,NA,NA,NA,NA,NA,NA,NA,NA,NA
"text",NA,NA,"reasonsDidNotTriedCreditOther","Cual es la otra razon?",TRUE,"selected(${reasonsDidNotTriedCredit}, '10')",NA,NA,0,0,0,0,NA,NA,NA,NA,NA,NA,NA,NA,NA,NA,NA,NA,NA,NA,NA,NA,NA,NA,0,1,NA,NA,NA,NA,NA,NA,NA,NA,NA,NA,NA,NA
"select_multiple","why_adopt_mix","F7","reasonsForExperimenting","Por que decidio probar estas practicas?",TRUE,"${adoptedRecommendedTechnologies} = 'Y'","not((selected(${reasonsForExperimenting}, 'dont_know') or selected(${reasonsForExperimenting}, 'dont_try')) and count-selected(${reasonsForExperimenting}) > 1)",NA,0,0,0,2,0,0,0,0,0,0,0,0,NA,NA,NA,NA,NA,NA,NA,NA,NA,NA,1,1,"tech_repeat",NA,NA,NA,NA,NA,NA,NA,NA,NA,NA,NA
"dummies","why_adopt_mix",NA,"reasonsForExperimenting/advice","Por que decidio probar estas practicas?/Recibi asesoramiento para aprender e implementar esas practicas",NA,NA,NA,NA,0,0,1,0,0,0,0,0,0,1,0,0,NA,NA,NA,NA,NA,NA,NA,NA,NA,NA,1,1,"tech_repeat",NA,4,NA,NA,NA,NA,NA,NA,NA,NA,NA
"dummies","why_adopt_mix",NA,"reasonsForExperimenting/advice_tec","Por que decidio probar estas practicas?/Recibi asesoramiento para aprender e implementar esas practicas",NA,NA,NA,NA,0,0,1,0,NA,NA,NA,NA,NA,NA,NA,NA,NA,NA,NA,NA,NA,NA,NA,NA,NA,NA,1,0,NA,NA,4,NA,NA,NA,NA,NA,NA,NA,NA,NA
"dummies","why_adopt_mix",NA,"reasonsForExperimenting/complementary","Por que decidio probar estas practicas?/Son practicas complementarias a otras actividades que ya implemento",NA,NA,NA,NA,0,0,1,0,0,0,0,0,0,1,0,0,NA,NA,NA,NA,NA,NA,NA,NA,NA,NA,1,1,"tech_repeat",NA,5,NA,NA,NA,NA,NA,NA,NA,NA,NA
"dummies","why_adopt_mix",NA,"reasonsForExperimenting/complementary_tec","Por que decidio probar estas practicas?/Son practicas complementarias a otras actividades que ya implemento",NA,NA,NA,NA,0,0,1,0,NA,NA,NA,NA,NA,NA,NA,NA,NA,NA,NA,NA,NA,NA,NA,NA,NA,NA,1,0,NA,NA,5,NA,NA,NA,NA,NA,NA,NA,NA,NA
"dummies","why_adopt_mix",NA,"reasonsForExperimenting/dont_know","Por que decidio probar estas practicas?/No se",NA,NA,NA,NA,0,0,1,0,0,0,0,0,0,1,0,0,NA,NA,NA,NA,NA,NA,NA,NA,NA,NA,1,1,"tech_repeat",NA,6,NA,NA,NA,NA,NA,NA,NA,NA,NA
"dummies","why_adopt_mix",NA,"reasonsForExperimenting/dont_know_tec","Por que decidio probar estas practicas?/No se",NA,NA,NA,NA,0,0,1,0,NA,NA,NA,NA,NA,NA,NA,NA,NA,NA,NA,NA,NA,NA,NA,NA,NA,NA,1,0,NA,NA,6,NA,NA,NA,NA,NA,NA,NA,NA,NA
"dummies","why_adopt_mix",NA,"reasonsForExperimenting/dont_try","Por que decidio probar estas practicas?/No probo ninguna practica",NA,NA,NA,NA,0,0,1,0,NA,NA,NA,NA,NA,NA,NA,NA,NA,NA,NA,NA,NA,NA,NA,NA,NA,NA,0,1,NA,NA,NA,NA,NA,NA,NA,NA,NA,NA,NA,NA
"dummies","why_adopt_mix",NA,"reasonsForExperimenting/other","Por que decidio probar estas practicas?/Otros",NA,NA,NA,NA,0,0,1,0,0,0,0,0,0,1,0,0,NA,NA,NA,NA,NA,NA,NA,NA,NA,NA,1,1,"tech_repeat",NA,7,NA,NA,NA,NA,NA,NA,NA,NA,NA
"dummies","why_adopt_mix",NA,"reasonsForExperimenting/other_tec","Por que decidio probar estas practicas?/Otros",NA,NA,NA,NA,0,0,1,0,NA,NA,NA,NA,NA,NA,NA,NA,NA,NA,NA,NA,NA,NA,NA,NA,NA,NA,1,0,NA,NA,7,NA,NA,NA,NA,NA,NA,NA,NA,NA
"dummies","why_adopt_mix",NA,"reasonsForExperimenting/satisfy_need","Por que decidio probar estas practicas?/Necesito mejorar estos aspectos de mi produccion",NA,NA,NA,NA,0,0,1,0,0,0,0,0,0,1,0,0,NA,NA,NA,NA,NA,NA,NA,NA,NA,NA,1,1,"tech_repeat",NA,8,NA,NA,NA,NA,NA,NA,NA,NA,NA
"dummies","why_adopt_mix",NA,"reasonsForExperimenting/satisfy_need_tec","Por que decidio probar estas practicas?/Necesito mejorar estos aspectos de mi produccion",NA,NA,NA,NA,0,0,1,0,NA,NA,NA,NA,NA,NA,NA,NA,NA,NA,NA,NA,NA,NA,NA,NA,NA,NA,1,0,NA,NA,8,NA,NA,NA,NA,NA,NA,NA,NA,NA
"select_multiple","why_sell_buyer",NA,"reasonsForSellingCoffee","Cuales fueron las razones por las que vendio cafe al comprador ${buyer}?",TRUE,"${amountOfCoffeeProducedLastHarvest}>0",NA,NA,0,0,0,2,0,0,0,0,0,0,0,0,NA,NA,NA,NA,NA,NA,NA,NA,NA,NA,0,1,NA,"sales_repeat",NA,NA,NA,NA,NA,NA,NA,NA,NA,NA
"dummies","why_sell_buyer",NA,"reasonsForSellingCoffee/sell_agreements","Cuales fueron las razones por las que vendio cafe al comprador ${buyer}?/Acuerdos formales o informales para venderle",NA,NA,NA,NA,0,0,1,0,0,0,0,0,0,1,0,0,NA,NA,NA,NA,NA,NA,NA,NA,NA,NA,0,1,NA,"sales_repeat",NA,NA,NA,NA,NA,NA,NA,NA,NA,NA
"dummies","why_sell_buyer",NA,"reasonsForSellingCoffee/sell_agreements_buy","Cuales fueron las razones por las que vendio cafe al comprador ${buyer}?/Acuerdos formales o informales para venderle",NA,NA,NA,NA,0,0,1,0,NA,NA,NA,NA,NA,NA,NA,NA,NA,NA,NA,NA,NA,NA,NA,NA,NA,NA,0,1,NA,NA,NA,NA,NA,NA,NA,NA,NA,NA,NA,NA
"dummies","why_sell_buyer",NA,"reasonsForSellingCoffee/sell_custom","Cuales fueron las razones por las que vendio cafe al comprador ${buyer}?/Costumbre (siempre le vendo a el)",NA,NA,NA,NA,0,0,1,0,0,0,0,0,0,1,0,0,NA,NA,NA,NA,NA,NA,NA,NA,NA,NA,0,1,NA,"sales_repeat",NA,NA,NA,NA,NA,NA,NA,NA,NA,NA
"dummies","why_sell_buyer",NA,"reasonsForSellingCoffee/sell_custom_buy","Cuales fueron las razones por las que vendio cafe al comprador ${buyer}?/Costumbre (siempre le vendo a el)",NA,NA,NA,NA,0,0,1,0,NA,NA,NA,NA,NA,NA,NA,NA,NA,NA,NA,NA,NA,NA,NA,NA,NA,NA,0,1,NA,NA,NA,NA,NA,NA,NA,NA,NA,NA,NA,NA
"dummies","why_sell_buyer",NA,"reasonsForSellingCoffee/sell_family","Cuales fueron las razones por las que vendio cafe al comprador ${buyer}?/Relaciones familiares",NA,NA,NA,NA,0,0,1,0,0,0,0,0,0,1,0,0,NA,NA,NA,NA,NA,NA,NA,NA,NA,NA,0,1,NA,"sales_repeat",NA,NA,NA,NA,NA,NA,NA,NA,NA,NA
"dummies","why_sell_buyer",NA,"reasonsForSellingCoffee/sell_family_buy","Cuales fueron las razones por las que vendio cafe al comprador ${buyer}?/Relaciones familiares",NA,NA,NA,NA,0,0,1,0,NA,NA,NA,NA,NA,NA,NA,NA,NA,NA,NA,NA,NA,NA,NA,NA,NA,NA,0,1,NA,NA,NA,NA,NA,NA,NA,NA,NA,NA,NA,NA
"dummies","why_sell_buyer",NA,"reasonsForSellingCoffee/sell_immediate","Cuales fueron las razones por las que vendio cafe al comprador ${buyer}?/Me paga inmediatamente",NA,NA,NA,NA,0,0,1,0,0,0,0,0,0,1,0,0,NA,NA,NA,NA,NA,NA,NA,NA,NA,NA,0,1,NA,"sales_repeat",NA,NA,NA,NA,NA,NA,NA,NA,NA,NA
"dummies","why_sell_buyer",NA,"reasonsForSellingCoffee/sell_immediate_buy","Cuales fueron las razones por las que vendio cafe al comprador ${buyer}?/Me paga inmediatamente",NA,NA,NA,NA,0,0,1,0,NA,NA,NA,NA,NA,NA,NA,NA,NA,NA,NA,NA,NA,NA,NA,NA,NA,NA,0,1,NA,NA,NA,NA,NA,NA,NA,NA,NA,NA,NA,NA
"dummies","why_sell_buyer",NA,"reasonsForSellingCoffee/sell_only","Cuales fueron las razones por las que vendio cafe al comprador ${buyer}?/Es el unico comprador",NA,NA,NA,NA,0,0,1,0,0,0,0,0,0,1,0,0,NA,NA,NA,NA,NA,NA,NA,NA,NA,NA,0,1,NA,"sales_repeat",NA,NA,NA,NA,NA,NA,NA,NA,NA,NA
"dummies","why_sell_buyer",NA,"reasonsForSellingCoffee/sell_only_buy","Cuales fueron las razones por las que vendio cafe al comprador ${buyer}?/Es el unico comprador",NA,NA,NA,NA,0,0,1,0,NA,NA,NA,NA,NA,NA,NA,NA,NA,NA,NA,NA,NA,NA,NA,NA,NA,NA,0,1,NA,NA,NA,NA,NA,NA,NA,NA,NA,NA,NA,NA
"dummies","why_sell_buyer",NA,"reasonsForSellingCoffee/sell_other","Cuales fueron las razones por las que vendio cafe al comprador ${buyer}?/Otra",NA,NA,NA,NA,0,0,1,0,0,0,0,0,0,1,0,0,NA,NA,NA,NA,NA,NA,NA,NA,NA,NA,0,1,NA,"sales_repeat",NA,NA,NA,NA,NA,NA,NA,NA,NA,NA
"dummies","why_sell_buyer",NA,"reasonsForSellingCoffee/sell_other_buy","Cuales fueron las razones por las que vendio cafe al comprador ${buyer}?/Otra",NA,NA,NA,NA,0,0,1,0,NA,NA,NA,NA,NA,NA,NA,NA,NA,NA,NA,NA,NA,NA,NA,NA,NA,NA,0,1,NA,NA,NA,NA,NA,NA,NA,NA,NA,NA,NA,NA
"dummies","why_sell_buyer",NA,"reasonsForSellingCoffee/sell_price","Cuales fueron las razones por las que vendio cafe al comprador ${buyer}?/Me paga un buen precio",NA,NA,NA,NA,0,0,1,0,0,0,0,0,0,1,0,0,NA,NA,NA,NA,NA,NA,NA,NA,NA,NA,0,1,NA,"sales_repeat",NA,NA,NA,NA,NA,NA,NA,NA,NA,NA
"dummies","why_sell_buyer",NA,"reasonsForSellingCoffee/sell_price_buy","Cuales fueron las razones por las que vendio cafe al comprador ${buyer}?/Me paga un buen precio",NA,NA,NA,NA,0,0,1,0,NA,NA,NA,NA,NA,NA,NA,NA,NA,NA,NA,NA,NA,NA,NA,NA,NA,NA,0,1,NA,NA,NA,NA,NA,NA,NA,NA,NA,NA,NA,NA
"dummies","why_sell_buyer",NA,"reasonsForSellingCoffee/sell_quality","Cuales fueron las razones por las que vendio cafe al comprador ${buyer}?/Me paga por la calidad",NA,NA,NA,NA,0,0,1,0,0,0,0,0,0,1,0,0,NA,NA,NA,NA,NA,NA,NA,NA,NA,NA,0,1,NA,"sales_repeat",NA,NA,NA,NA,NA,NA,NA,NA,NA,NA
"dummies","why_sell_buyer",NA,"reasonsForSellingCoffee/sell_quality_buy","Cuales fueron las razones por las que vendio cafe al comprador ${buyer}?/Me paga por la calidad",NA,NA,NA,NA,0,0,1,0,NA,NA,NA,NA,NA,NA,NA,NA,NA,NA,NA,NA,NA,NA,NA,NA,NA,NA,0,1,NA,NA,NA,NA,NA,NA,NA,NA,NA,NA,NA,NA
"dummies","why_sell_buyer",NA,"reasonsForSellingCoffee/sell_repay","Cuales fueron las razones por las que vendio cafe al comprador ${buyer}?/Tengo que devolver el credito recibido del comprador",NA,NA,NA,NA,0,0,1,0,0,0,0,0,0,1,0,0,NA,NA,NA,NA,NA,NA,NA,NA,NA,NA,0,1,NA,"sales_repeat",NA,NA,NA,NA,NA,NA,NA,NA,NA,NA
"dummies","why_sell_buyer",NA,"reasonsForSellingCoffee/sell_repay_buy","Cuales fueron las razones por las que vendio cafe al comprador ${buyer}?/Tengo que devolver el credito recibido del comprador",NA,NA,NA,NA,0,0,1,0,NA,NA,NA,NA,NA,NA,NA,NA,NA,NA,NA,NA,NA,NA,NA,NA,NA,NA,0,1,NA,NA,NA,NA,NA,NA,NA,NA,NA,NA,NA,NA
"dummies","why_sell_buyer",NA,"reasonsForSellingCoffee/sell_transport","Cuales fueron las razones por las que vendio cafe al comprador ${buyer}?/Transporta el cafe desde mi finca",NA,NA,NA,NA,0,0,1,0,0,0,0,0,0,1,0,0,NA,NA,NA,NA,NA,NA,NA,NA,NA,NA,0,1,NA,"sales_repeat",NA,NA,NA,NA,NA,NA,NA,NA,NA,NA
"dummies","why_sell_buyer",NA,"reasonsForSellingCoffee/sell_transport_buy","Cuales fueron las razones por las que vendio cafe al comprador ${buyer}?/Transporta el cafe desde mi finca",NA,NA,NA,NA,0,0,1,0,NA,NA,NA,NA,NA,NA,NA,NA,NA,NA,NA,NA,NA,NA,NA,NA,NA,NA,0,1,NA,NA,NA,NA,NA,NA,NA,NA,NA,NA,NA,NA
"select_multiple","why_sell_buyer","E83","reasonsForSellingCoffee_aux","Cuales fueron las razones por las que vendio cafe al comprador ${buyer}?",TRUE,"${amountOfCoffeeProducedLastHarvest}>0",NA,NA,0,0,0,2,0,0,0,0,0,0,0,0,NA,NA,NA,NA,NA,NA,NA,NA,NA,NA,1,0,"sales_process_repeat",NA,NA,NA,NA,NA,NA,NA,NA,NA,NA,NA
"select_multiple","why_sell_buyer",NA,"reasonsForSellingCoffee_aux/contractual","Cuales fueron las razones por las que vendio cafe en esa forma?/Requerimiento contractual",NA,NA,NA,NA,0,0,1,0,0,0,0,0,0,1,0,0,NA,NA,NA,NA,NA,NA,NA,NA,NA,NA,0,0,"sales_process_repeat",NA,NA,NA,NA,NA,NA,NA,NA,NA,NA,NA
"select_multiple","why_sell_buyer",NA,"reasonsForSellingCoffee_aux/contractual_typ","Cuales fueron las razones por las que vendio cafe en esa forma? Por comprador/Requerimiento contractual",NA,NA,NA,NA,0,0,1,0,0,0,0,0,0,1,0,0,NA,NA,NA,NA,NA,NA,NA,NA,NA,NA,0,0,"sales_repeat",NA,NA,NA,NA,NA,NA,NA,NA,NA,NA,NA
"select_multiple","why_sell_buyer",NA,"reasonsForSellingCoffee_aux/contractual_typ_buy","Cuales fueron las razones por las que vendio cafe en esa forma? Por comprador/Requerimiento contractual",NA,NA,NA,NA,0,0,1,0,NA,NA,NA,NA,NA,NA,NA,NA,NA,NA,NA,NA,NA,NA,NA,NA,NA,NA,0,0,NA,NA,NA,NA,NA,NA,NA,NA,NA,NA,NA,NA
"select_multiple","why_sell_buyer",NA,"reasonsForSellingCoffee_aux/inmediate_income","Cuales fueron las razones por las que vendio cafe en esa forma?/Necesidad de ingresos inmediatos.",NA,NA,NA,NA,0,0,1,0,0,0,0,0,0,1,0,0,NA,NA,NA,NA,NA,NA,NA,NA,NA,NA,1,0,"sales_process_repeat",NA,NA,NA,NA,NA,NA,NA,NA,NA,NA,NA
"select_multiple","why_sell_buyer",NA,"reasonsForSellingCoffee_aux/inmediate_income_typ","Cuales fueron las razones por las que vendio cafe en esa forma? Por comprador/Necesidad de ingresos inmediatos.",NA,NA,NA,NA,0,0,1,0,0,0,0,0,0,1,0,0,NA,NA,NA,NA,NA,NA,NA,NA,NA,NA,1,0,"sales_repeat",NA,NA,NA,NA,NA,NA,NA,NA,NA,NA,NA
"select_multiple","why_sell_buyer",NA,"reasonsForSellingCoffee_aux/inmediate_income_typ_buy","Cuales fueron las razones por las que vendio cafe en esa forma? Por comprador/Necesidad de ingresos inmediatos.",NA,NA,NA,NA,0,0,1,0,NA,NA,NA,NA,NA,NA,NA,NA,NA,NA,NA,NA,NA,NA,NA,NA,NA,NA,1,0,NA,NA,NA,NA,NA,NA,NA,NA,NA,NA,NA,NA
"select_multiple","why_sell_buyer",NA,"reasonsForSellingCoffee_aux/limited_market_access","Cuales fueron las razones por las que vendio cafe en esa forma?/Acceso a mercados alternativos limitado",NA,NA,NA,NA,0,0,1,0,0,0,0,0,0,1,0,0,NA,NA,NA,NA,NA,NA,NA,NA,NA,NA,1,0,"sales_process_repeat",NA,NA,NA,NA,NA,NA,NA,NA,NA,NA,NA
"select_multiple","why_sell_buyer",NA,"reasonsForSellingCoffee_aux/limited_market_access_typ","Cuales fueron las razones por las que vendio cafe en esa forma? Por comprador/Acceso a mercados alternativos limitado",NA,NA,NA,NA,0,0,1,0,0,0,0,0,0,1,0,0,NA,NA,NA,NA,NA,NA,NA,NA,NA,NA,1,0,"sales_repeat",NA,NA,NA,NA,NA,NA,NA,NA,NA,NA,NA
"select_multiple","why_sell_buyer",NA,"reasonsForSellingCoffee_aux/limited_market_access_typ_buy","Cuales fueron las razones por las que vendio cafe en esa forma? Por comprador/Acceso a mercados alternativos limitado",NA,NA,NA,NA,0,0,1,0,NA,NA,NA,NA,NA,NA,NA,NA,NA,NA,NA,NA,NA,NA,NA,NA,NA,NA,1,0,NA,NA,NA,NA,NA,NA,NA,NA,NA,NA,NA,NA
"select_multiple","why_sell_buyer",NA,"reasonsForSellingCoffee_aux/ofered_price","Cuales fueron las razones por las que vendio cafe en esa forma?/Precio ofrecido",NA,NA,NA,NA,0,0,1,0,0,0,0,0,0,1,0,0,NA,NA,NA,NA,NA,NA,NA,NA,NA,NA,1,0,"sales_process_repeat",NA,NA,NA,NA,NA,NA,NA,NA,NA,NA,NA
"select_multiple","why_sell_buyer",NA,"reasonsForSellingCoffee_aux/ofered_price_typ","Cuales fueron las razones por las que vendio cafe en esa forma? Por comprador/Precio ofrecido",NA,NA,NA,NA,0,0,1,0,0,0,0,0,0,1,0,0,NA,NA,NA,NA,NA,NA,NA,NA,NA,NA,1,0,"sales_repeat",NA,NA,NA,NA,NA,NA,NA,NA,NA,NA,NA
"select_multiple","why_sell_buyer",NA,"reasonsForSellingCoffee_aux/ofered_price_typ_buy","Cuales fueron las razones por las que vendio cafe en esa forma? Por comprador/Precio ofrecido",NA,NA,NA,NA,0,0,1,0,NA,NA,NA,NA,NA,NA,NA,NA,NA,NA,NA,NA,NA,NA,NA,NA,NA,NA,1,0,NA,NA,NA,NA,NA,NA,NA,NA,NA,NA,NA,NA
"select_multiple","why_sell_buyer",NA,"reasonsForSellingCoffee_aux/other","Cuales fueron las razones por las que vendio cafe en esa forma?/Otro (por favor, especifique):",NA,NA,NA,NA,0,0,1,0,0,0,0,0,0,1,0,0,NA,NA,NA,NA,NA,NA,NA,NA,NA,NA,1,0,"sales_process_repeat",NA,NA,NA,NA,NA,NA,NA,NA,NA,NA,NA
"select_multiple","why_sell_buyer",NA,"reasonsForSellingCoffee_aux/other_typ","Cuales fueron las razones por las que vendio cafe en esa forma? Por comprador/Otro (por favor, especifique):",NA,NA,NA,NA,0,0,1,0,0,0,0,0,0,1,0,0,NA,NA,NA,NA,NA,NA,NA,NA,NA,NA,1,0,"sales_repeat",NA,NA,NA,NA,NA,NA,NA,NA,NA,NA,NA
"select_multiple","why_sell_buyer",NA,"reasonsForSellingCoffee_aux/other_typ_buy","Cuales fueron las razones por las que vendio cafe en esa forma? Por comprador/Otro (por favor, especifique):",NA,NA,NA,NA,0,0,1,0,NA,NA,NA,NA,NA,NA,NA,NA,NA,NA,NA,NA,NA,NA,NA,NA,NA,NA,1,0,NA,NA,NA,NA,NA,NA,NA,NA,NA,NA,NA,NA
"select_multiple","why_sell_buyer",NA,"reasonsForSellingCoffee_aux/personal_preference","Cuales fueron las razones por las que vendio cafe en esa forma?/Preferencia personal",NA,NA,NA,NA,0,0,1,0,0,0,0,0,0,1,0,0,NA,NA,NA,NA,NA,NA,NA,NA,NA,NA,1,0,"sales_process_repeat",NA,NA,NA,NA,NA,NA,NA,NA,NA,NA,NA
"select_multiple","why_sell_buyer",NA,"reasonsForSellingCoffee_aux/personal_preference_typ","Cuales fueron las razones por las que vendio cafe en esa forma? Por comprador/Preferencia personal",NA,NA,NA,NA,0,0,1,0,0,0,0,0,0,1,0,0,NA,NA,NA,NA,NA,NA,NA,NA,NA,NA,1,0,"sales_repeat",NA,NA,NA,NA,NA,NA,NA,NA,NA,NA,NA
"select_multiple","why_sell_buyer",NA,"reasonsForSellingCoffee_aux/personal_preference_typ_buy","Cuales fueron las razones por las que vendio cafe en esa forma? Por comprador/Preferencia personal",NA,NA,NA,NA,0,0,1,0,NA,NA,NA,NA,NA,NA,NA,NA,NA,NA,NA,NA,NA,NA,NA,NA,NA,NA,1,0,NA,NA,NA,NA,NA,NA,NA,NA,NA,NA,NA,NA
"select_multiple","why_sell_buyer",NA,"reasonsForSellingCoffee_aux/previous_relation","Cuales fueron las razones por las que vendio cafe en esa forma?/Relacion de negocios previa",NA,NA,NA,NA,0,0,1,0,0,0,0,0,0,1,0,0,NA,NA,NA,NA,NA,NA,NA,NA,NA,NA,1,0,"sales_process_repeat",NA,NA,NA,NA,NA,NA,NA,NA,NA,NA,NA
"select_multiple","why_sell_buyer",NA,"reasonsForSellingCoffee_aux/previous_relation_typ","Cuales fueron las razones por las que vendio cafe en esa forma? Por comprador/Relacion de negocios previa",NA,NA,NA,NA,0,0,1,0,0,0,0,0,0,1,0,0,NA,NA,NA,NA,NA,NA,NA,NA,NA,NA,1,0,"sales_repeat",NA,NA,NA,NA,NA,NA,NA,NA,NA,NA,NA
"select_multiple","why_sell_buyer",NA,"reasonsForSellingCoffee_aux/previous_relation_typ_buy","Cuales fueron las razones por las que vendio cafe en esa forma? Por comprador/Relacion de negocios previa",NA,NA,NA,NA,0,0,1,0,NA,NA,NA,NA,NA,NA,NA,NA,NA,NA,NA,NA,NA,NA,NA,NA,NA,NA,1,0,NA,NA,NA,NA,NA,NA,NA,NA,NA,NA,NA,NA
"select_one","snn","E80","receivedCertificationBonus","Cuando vendio cafe ${TCX} a ${buyer} se le dio una bonificiacion por vender bajo algun sello de certificacion?",TRUE,NA,NA,NA,0,0,1,0,0,0,0,0,0,1,0,0,NA,NA,NA,NA,NA,NA,NA,NA,NA,NA,1,1,"sales_process_repeat","sales_process_repeat",NA,NA,NA,NA,NA,NA,NA,NA,NA,NA
"select_one","snn",NA,"receivedCertificationBonus_typ","Recibio bonificacion por sello de certificacion, por comprador",NA,NA,NA,NA,0,0,1,0,0,0,0,0,0,0,1,0,NA,NA,NA,NA,NA,NA,NA,NA,NA,NA,1,1,"sales_repeat","sales_repeat",NA,NA,NA,NA,NA,NA,NA,NA,NA,NA
"select_one","snn",NA,"receivedCertificationBonus_typ_buy","Recibio bonificacion por sello de certificacion, por comprador",NA,NA,NA,NA,0,1,0,0,NA,NA,NA,NA,NA,NA,NA,NA,NA,NA,NA,NA,NA,NA,NA,NA,NA,NA,1,1,NA,NA,NA,NA,NA,NA,NA,NA,NA,NA,NA,NA
"select_one","yes_no","J4","receivedCommunityHelp","Recibio ayuda de parte de su familia",TRUE,NA,NA,NA,0,0,1,0,NA,NA,NA,NA,NA,NA,NA,NA,NA,NA,NA,NA,NA,NA,NA,NA,NA,NA,1,0,NA,NA,NA,NA,NA,NA,NA,NA,NA,NA,NA,NA
"select_one","yes_no","J1","receivedGovernmentAid","Recibio ayuda de programas del gobierno",TRUE,NA,NA,NA,0,0,1,0,NA,NA,NA,NA,NA,NA,NA,NA,NA,NA,NA,NA,NA,NA,NA,NA,NA,NA,1,0,NA,NA,NA,NA,NA,NA,NA,NA,NA,NA,NA,NA
"select_one","snn","E78","receivedQualityBonus","Cuando vendio cafe ${TCX} a ${buyer} se le dio una bonificacion dependiendo de la calidad del cafe?",TRUE,NA,NA,NA,0,0,1,0,0,0,0,0,0,1,0,0,NA,NA,NA,NA,NA,NA,NA,NA,NA,NA,1,1,"sales_process_repeat","sales_process_repeat",NA,NA,NA,NA,NA,NA,NA,NA,NA,NA
"select_one","snn",NA,"receivedQualityBonus_typ","Recibio bonificacion, por comprador",NA,NA,NA,NA,0,0,1,0,0,0,0,0,0,0,1,0,NA,NA,NA,NA,NA,NA,NA,NA,NA,NA,1,1,"sales_repeat","sales_repeat",NA,NA,NA,NA,NA,NA,NA,NA,NA,NA
"select_one","snn",NA,"receivedQualityBonus_typ_buy","Recibio bonificacion, por comprador",NA,NA,NA,NA,0,1,0,0,NA,NA,NA,NA,NA,NA,NA,NA,NA,NA,NA,NA,NA,NA,NA,NA,NA,NA,1,1,NA,NA,NA,NA,NA,NA,NA,NA,NA,NA,NA,NA
"select_one","snn","E78A","receivedQualityDiscount","Cuando vendio cafe ${TCX} a ${buyer} se le hizo un descuento dependiendo de la calidad del cafe?",TRUE,NA,NA,NA,0,0,1,0,0,0,0,0,0,1,0,0,NA,NA,NA,NA,NA,NA,NA,NA,NA,NA,1,1,"sales_process_repeat","sales_process_repeat",NA,NA,NA,NA,NA,NA,NA,NA,NA,NA
"select_one","snn",NA,"receivedQualityDiscount_typ","Recibio descuento, por comprador",NA,NA,NA,NA,0,0,1,0,0,0,0,0,0,0,1,0,NA,NA,NA,NA,NA,NA,NA,NA,NA,NA,1,1,"sales_repeat","sales_repeat",NA,NA,NA,NA,NA,NA,NA,NA,NA,NA
"select_one","snn",NA,"receivedQualityDiscount_typ_buy","Recibio descuento, por comprador",NA,NA,NA,NA,0,1,0,0,NA,NA,NA,NA,NA,NA,NA,NA,NA,NA,NA,NA,NA,NA,NA,NA,NA,NA,1,1,NA,NA,NA,NA,NA,NA,NA,NA,NA,NA,NA,NA
"select_one","tech_assis",NA,"receivedTechnicalAssistance","De que forma recibio capacitacion sobre ${TIX}?",TRUE,NA,NA,NA,0,0,0,1,0,0,0,0,0,0,0,0,NA,NA,NA,NA,NA,NA,NA,NA,NA,NA,0,1,NA,"tech_repeat",NA,NA,NA,NA,NA,NA,NA,NA,NA,NA
"dummies","tech_assis",NA,"receivedTechnicalAssistance_both","De que forma recibio capacitacion sobre ${TIX}?/Ambas",NA,NA,NA,NA,0,0,1,0,0,0,0,0,1,0,0,0,NA,NA,NA,NA,NA,NA,NA,NA,NA,NA,0,1,NA,"tech_repeat",NA,NA,NA,NA,NA,NA,NA,NA,NA,NA
"dummies","tech_assis",NA,"receivedTechnicalAssistance_both_tec","De que forma recibio capacitacion sobre ${TIX}?/Ambas",NA,NA,NA,NA,1,0,0,0,NA,NA,NA,NA,NA,NA,NA,NA,NA,NA,NA,NA,NA,NA,NA,NA,NA,NA,0,1,NA,NA,NA,NA,NA,NA,NA,NA,NA,NA,NA,NA
"dummies","tech_assis",NA,"receivedTechnicalAssistance_group","De que forma recibio capacitacion sobre ${TIX}?/Entrenamientos grupales",NA,NA,NA,NA,0,0,1,0,0,0,0,0,1,0,0,0,NA,NA,NA,NA,NA,NA,NA,NA,NA,NA,0,1,NA,"tech_repeat",NA,NA,NA,NA,NA,NA,NA,NA,NA,NA
"dummies","tech_assis",NA,"receivedTechnicalAssistance_group_tec","De que forma recibio capacitacion sobre ${TIX}?/Entrenamientos grupales",NA,NA,NA,NA,1,0,0,0,NA,NA,NA,NA,NA,NA,NA,NA,NA,NA,NA,NA,NA,NA,NA,NA,NA,NA,0,1,NA,NA,NA,NA,NA,NA,NA,NA,NA,NA,NA,NA
"dummies","tech_assis",NA,"receivedTechnicalAssistance_indiv","De que forma recibio capacitacion sobre ${TIX}?/Asistencia tecnica individual",NA,NA,NA,NA,0,0,1,0,0,0,0,0,1,0,0,0,NA,NA,NA,NA,NA,NA,NA,NA,NA,NA,0,1,NA,"tech_repeat",NA,NA,NA,NA,NA,NA,NA,NA,NA,NA
"dummies","tech_assis",NA,"receivedTechnicalAssistance_indiv_tec","De que forma recibio capacitacion sobre ${TIX}?/Asistencia tecnica individual",NA,NA,NA,NA,1,0,0,0,NA,NA,NA,NA,NA,NA,NA,NA,NA,NA,NA,NA,NA,NA,NA,NA,NA,NA,0,1,NA,NA,NA,NA,NA,NA,NA,NA,NA,NA,NA,NA
"dummies","tech_assis",NA,"receivedTechnicalAssistance_none","De que forma recibio capacitacion sobre ${TIX}?/Ninguna",NA,NA,NA,NA,0,0,1,0,0,0,0,0,1,0,0,0,NA,NA,NA,NA,NA,NA,NA,NA,NA,NA,0,1,NA,"tech_repeat",NA,NA,NA,NA,NA,NA,NA,NA,NA,NA
"dummies","tech_assis",NA,"receivedTechnicalAssistance_none_tec","De que forma recibio capacitacion sobre ${TIX}?/Ninguna",NA,NA,NA,NA,1,0,0,0,NA,NA,NA,NA,NA,NA,NA,NA,NA,NA,NA,NA,NA,NA,NA,NA,NA,NA,0,1,NA,NA,NA,NA,NA,NA,NA,NA,NA,NA,NA,NA
"select_one","snn",NA,"receiveMoney","Algun miembro de su hogar recibe remesas actualmente?",TRUE,NA,NA,NA,0,0,1,0,NA,NA,NA,NA,NA,NA,NA,NA,NA,NA,NA,NA,NA,NA,NA,NA,NA,NA,0,1,NA,NA,NA,NA,NA,NA,NA,NA,NA,NA,NA,NA
"select_one","yes_no","G1","registeredWithIHCAFE","Esta registrado como productor ante el IHCAFE?",TRUE,NA,NA,NA,0,0,1,0,NA,NA,NA,NA,NA,NA,NA,NA,NA,NA,NA,NA,NA,NA,NA,NA,NA,NA,1,0,NA,NA,NA,NA,NA,NA,NA,NA,NA,NA,NA,NA
"select_one","residence",NA,"residenceLocation","Su residencia es urbana o rural?",TRUE,NA,NA,NA,0,0,0,1,NA,NA,NA,NA,NA,NA,NA,NA,NA,NA,NA,NA,NA,NA,NA,NA,NA,NA,0,1,NA,NA,NA,NA,NA,NA,NA,NA,NA,NA,NA,NA
"dummies","residence",NA,"residenceLocation_rural","Su residencia es urbana o rural?/Rural",NA,NA,NA,NA,0,0,1,0,NA,NA,NA,NA,NA,NA,NA,NA,NA,NA,NA,NA,NA,NA,NA,NA,NA,NA,0,1,NA,NA,NA,NA,NA,NA,NA,NA,NA,NA,NA,NA
"dummies","residence",NA,"residenceLocation_urbana","Su residencia es urbana o rural?/Urbana",NA,NA,NA,NA,0,0,1,0,NA,NA,NA,NA,NA,NA,NA,NA,NA,NA,NA,NA,NA,NA,NA,NA,NA,NA,0,1,NA,NA,NA,NA,NA,NA,NA,NA,NA,NA,NA,NA
"integer",NA,"C8","respondentAge","Cual es su edad?",TRUE,NA,NA,NA,0,1,0,0,1,0,0,0,0,0,0,0,NA,NA,NA,NA,NA,NA,NA,NA,NA,NA,1,1,"hh_pop_repeat",NA,25,NA,NA,NA,NA,NA,NA,NA,NA,NA
"integer",NA,NA,"respondentAge_pop","Edad promedio de los miembros del hogar",TRUE,NA,NA,NA,1,0,0,0,NA,NA,NA,NA,NA,NA,NA,NA,NA,NA,NA,NA,NA,NA,NA,NA,NA,NA,1,0,NA,NA,NA,NA,NA,NA,NA,NA,NA,NA,NA,NA
"select_one","male_female","C1","respondentGender","Es la persona que responde hombre o mujer?",TRUE,NA,NA,NA,0,0,0,1,NA,NA,NA,NA,NA,NA,NA,NA,NA,NA,NA,NA,NA,NA,NA,NA,NA,NA,1,0,"hh_pop_repeat",NA,NA,NA,NA,NA,NA,NA,NA,NA,NA,NA
"select_one","male_female",NA,"respondentGender_F","Es la persona que responde hombre o mujer?/Mujer",NA,NA,NA,NA,0,0,1,0,0,0,0,0,0,0,1,0,NA,NA,NA,NA,NA,NA,NA,NA,NA,NA,1,0,"hh_pop_repeat",NA,NA,NA,NA,NA,NA,NA,NA,NA,NA,NA
"select_one","male_female",NA,"respondentGender_F_pop","Es la persona que responde hombre o mujer?/Mujer",NA,NA,NA,NA,1,0,0,0,NA,NA,NA,NA,NA,NA,NA,NA,NA,NA,NA,NA,NA,NA,NA,NA,NA,NA,1,0,NA,NA,1,NA,NA,NA,NA,NA,NA,NA,NA,NA
"select_one","male_female",NA,"respondentGender_M","Es la persona que responde hombre o mujer?/Hombre",NA,NA,NA,NA,0,0,1,0,0,0,0,0,0,0,1,0,NA,NA,NA,NA,NA,NA,NA,NA,NA,NA,1,0,"hh_pop_repeat",NA,NA,NA,NA,NA,NA,NA,NA,NA,NA,NA
"select_one","male_female",NA,"respondentGender_M_pop","Es la persona que responde hombre o mujer?/Hombre",NA,NA,NA,NA,1,0,0,0,NA,NA,NA,NA,NA,NA,NA,NA,NA,NA,NA,NA,NA,NA,NA,NA,NA,NA,1,0,NA,NA,NA,NA,NA,NA,NA,NA,NA,NA,NA,NA
"select_one","male_female",NA,"respondentGender_no_answer","Es la persona que responde hombre o mujer?/Sin respuesta",NA,NA,NA,NA,0,0,1,0,0,0,0,0,0,0,1,0,NA,NA,NA,NA,NA,NA,NA,NA,NA,NA,1,0,"hh_pop_repeat",NA,NA,NA,NA,NA,NA,NA,NA,NA,NA,NA
"select_one","male_female",NA,"respondentGender_no_answer_pop","Es la persona que responde hombre o mujer?/Sin respuesta",NA,NA,NA,NA,1,0,0,0,NA,NA,NA,NA,NA,NA,NA,NA,NA,NA,NA,NA,NA,NA,NA,NA,NA,NA,1,0,NA,NA,NA,NA,NA,NA,NA,NA,NA,NA,NA,NA
"decimal",NA,"E69C","saleAmountInUnitsInGreenKgsByBuyer","Cantidad vendida en kilogramos de café verde, por comprador",TRUE,NA,NA,NA,1,0,0,0,NA,NA,NA,NA,NA,NA,NA,NA,NA,NA,NA,NA,NA,NA,NA,NA,NA,NA,1,0,"sales_repeat",NA,NA,NA,NA,NA,NA,NA,NA,NA,NA,NA
"decimal",NA,"E70CB","saleAmountInUnitsInGreenKgsByType","Cantidad vendida en kilogramos de café verde, por tipo",TRUE,NA,NA,NA,1,0,0,0,NA,NA,NA,NA,NA,NA,NA,NA,NA,NA,NA,NA,NA,NA,NA,NA,NA,NA,1,0,"sales_process_repeat",NA,NA,NA,NA,NA,NA,NA,NA,NA,NA,NA
"select_one","cropyield_units","E70","salesMeasurementUnit","Unidades de medida de venta",TRUE,NA,NA,NA,0,0,0,1,0,0,0,0,0,0,0,0,0,0,0,0,0,3,0,0,0,0,1,1,"sales_process_repeat","sales_process_repeat",NA,NA,NA,NA,NA,NA,NA,NA,NA,NA
"select_one","sn",NA,"same_community","Su finca se encuentra en la comunidad ${producer_community} del municipio ${producer_municipality}?",TRUE,NA,NA,NA,0,0,1,0,NA,NA,NA,NA,NA,NA,NA,NA,NA,NA,NA,NA,NA,NA,NA,NA,NA,NA,0,1,NA,NA,NA,NA,NA,NA,NA,NA,NA,NA,NA,NA
"select_one","yes_no","I1","seasonsWithLessFoodAvailability","Hay alguna epoca del ano en que haya menos comida disponible comparada con otras epocas del ano?",TRUE,NA,NA,NA,0,0,1,0,NA,NA,NA,NA,NA,NA,NA,NA,NA,NA,NA,NA,NA,NA,NA,NA,NA,NA,1,0,NA,NA,NA,NA,NA,NA,NA,NA,NA,NA,NA,NA
"select_one","intermediario","A3","sellsToIntermediary","Usted vende su cafe a alguno de estos intermediarios?",TRUE,"selected(${canProvideManagementInfo}, 'Y')","not(selected(${sellsToIntermediary}, 'ninguno') and count-selected(${sellsToIntermediary}) > 1)",NA,0,0,0,1,NA,NA,NA,NA,NA,NA,NA,NA,NA,NA,NA,NA,NA,NA,NA,NA,NA,NA,1,1,NA,NA,NA,NA,NA,NA,NA,NA,NA,NA,NA,NA
"dummies","intermediario",NA,"sellsToIntermediary_becamo","Usted vendio el cafe (una parte o todo) que cosecho en el ciclo 2023/2024 a nombre??/Felix Maldonado",NA,NA,NA,NA,0,0,1,0,NA,NA,NA,NA,NA,NA,NA,NA,NA,NA,NA,NA,NA,NA,NA,NA,NA,NA,1,1,NA,NA,NA,NA,NA,NA,NA,NA,NA,NA,NA,NA
"dummies","intermediario",NA,"sellsToIntermediary_dario","Usted vendio el cafe (una parte o todo) que cosecho en el ciclo 2023/2024 a nombre??/Dario Enamorado",NA,NA,NA,NA,0,0,1,0,NA,NA,NA,NA,NA,NA,NA,NA,NA,NA,NA,NA,NA,NA,NA,NA,NA,NA,1,1,NA,NA,NA,NA,NA,NA,NA,NA,NA,NA,NA,NA
"dummies","intermediario",NA,"sellsToIntermediary_ninguno","Usted vendio el cafe (una parte o todo) que cosecho en el ciclo 2023/2024 a nombre??/Ninguno de estos",NA,NA,NA,NA,0,0,1,0,NA,NA,NA,NA,NA,NA,NA,NA,NA,NA,NA,NA,NA,NA,NA,NA,NA,NA,1,1,NA,NA,NA,NA,NA,NA,NA,NA,NA,NA,NA,NA
"dummies","intermediario",NA,"sellsToIntermediary_ramiro","Usted vendio el cafe (una parte o todo) que cosecho en el ciclo 2023/2024 a nombre??/Ramiro Rosales",NA,NA,NA,NA,0,0,1,0,NA,NA,NA,NA,NA,NA,NA,NA,NA,NA,NA,NA,NA,NA,NA,NA,NA,NA,1,1,NA,NA,NA,NA,NA,NA,NA,NA,NA,NA,NA,NA
"select_one","buy_measure","E75","soldCoffeeByVolumeOrWeight","Cuando vendio cafe a ${buyer} lo vendio por volumen (latas) o por peso (kg)?",TRUE,NA,NA,NA,0,0,0,1,0,0,0,0,0,0,0,0,NA,NA,NA,NA,NA,NA,NA,NA,NA,NA,1,1,"sales_process_repeat","sales_repeat",NA,NA,NA,NA,NA,NA,NA,NA,NA,NA
"dummies","buy_measure",NA,"soldCoffeeByVolumeOrWeight_volume","Cuando vendio cafe a ${buyer} lo vendio por volumen (latas) o por peso (kg)?/Vendio por volumen (latas)",NA,NA,NA,NA,0,0,1,0,0,0,0,0,0,1,0,0,NA,NA,NA,NA,NA,NA,NA,NA,NA,NA,1,1,"sales_process_repeat","sales_repeat",NA,NA,NA,NA,NA,NA,NA,NA,NA,NA
"dummies","buy_measure",NA,"soldCoffeeByVolumeOrWeight_volume_buy","Cuando vendio cafe a ${buyer} lo vendio por volumen (latas) o por peso (kg)? Por comprador/Vendio por volumen (latas)",NA,NA,NA,NA,0,0,1,0,NA,NA,NA,NA,NA,NA,NA,NA,NA,NA,NA,NA,NA,NA,NA,NA,NA,NA,0,1,NA,NA,10,NA,NA,NA,NA,NA,NA,NA,NA,NA
"select_one","buy_measure",NA,"soldCoffeeByVolumeOrWeight_volume_typ","Cuando vendio cafe a ${buyer} lo vendio por volumen (latas) o por peso (kg)? Por tipo /Vendio por volumen (latas)",NA,NA,NA,NA,0,0,1,0,0,0,0,0,0,1,0,0,NA,NA,NA,NA,NA,NA,NA,NA,NA,NA,1,0,"sales_repeat",NA,NA,NA,NA,NA,NA,NA,NA,NA,NA,NA
"select_one","buy_measure",NA,"soldCoffeeByVolumeOrWeight_volume_typ_buy","Cuando vendio cafe a ${buyer} lo vendio por volumen (latas) o por peso (kg)? Por comprador/Vendio por volumen (latas)",NA,NA,NA,NA,0,0,1,0,NA,NA,NA,NA,NA,NA,NA,NA,NA,NA,NA,NA,NA,NA,NA,NA,NA,NA,1,0,NA,NA,10,NA,NA,NA,NA,NA,NA,NA,NA,NA
"dummies","buy_measure",NA,"soldCoffeeByVolumeOrWeight_weight","Cuando vendio cafe a ${buyer} lo vendio por volumen (latas) o por peso (kg)?/Vendio por peso (kg)",NA,NA,NA,NA,0,0,1,0,0,0,0,0,0,1,0,0,NA,NA,NA,NA,NA,NA,NA,NA,NA,NA,1,1,"sales_process_repeat","sales_repeat",NA,NA,NA,NA,NA,NA,NA,NA,NA,NA
"dummies","buy_measure",NA,"soldCoffeeByVolumeOrWeight_weight_buy","Cuando vendio cafe a ${buyer} lo vendio por volumen (latas) o por peso (kg)? Por comprador/Vendio por peso (kg)",NA,NA,NA,NA,0,0,1,0,NA,NA,NA,NA,NA,NA,NA,NA,NA,NA,NA,NA,NA,NA,NA,NA,NA,NA,0,1,NA,NA,11,NA,NA,NA,NA,NA,NA,NA,NA,NA
"select_one","buy_measure",NA,"soldCoffeeByVolumeOrWeight_weight_typ","Cuando vendio cafe a ${buyer} lo vendio por volumen (latas) o por peso (kg)? Por tipo/Vendio por peso (kg)",NA,NA,NA,NA,0,0,1,0,0,0,0,0,0,1,0,0,NA,NA,NA,NA,NA,NA,NA,NA,NA,NA,1,0,"sales_repeat",NA,NA,NA,NA,NA,NA,NA,NA,NA,NA,NA
"select_one","buy_measure",NA,"soldCoffeeByVolumeOrWeight_weight_typ_buy","Cuando vendio cafe a ${buyer} lo vendio por volumen (latas) o por peso (kg)? Por comprador/Vendio por peso (kg)",NA,NA,NA,NA,0,0,1,0,NA,NA,NA,NA,NA,NA,NA,NA,NA,NA,NA,NA,NA,NA,NA,NA,NA,NA,1,0,NA,NA,11,NA,NA,NA,NA,NA,NA,NA,NA,NA
"select_multiple","source_type",NA,"sourceOfGroupTraining","De que fuentes recibio usted los entrenamientos grupales como dias de campo o practicas grupales en temas relacionados a ${TIX}?",TRUE,"${receivedTechnicalAssistance} = 'group' or ${receivedTechnicalAssistance} = 'both'",NA,NA,0,0,0,2,0,0,0,0,0,0,0,0,NA,NA,NA,NA,NA,NA,NA,NA,NA,NA,0,1,NA,"tech_repeat",NA,NA,NA,NA,NA,NA,NA,NA,NA,NA
"dummies","source_type",NA,"sourceOfGroupTraining/agricultores","De que fuentes recibio usted los entrenamientos grupales como dias de campo o practicas grupales en temas relacionados a ${TIX}?/Otros agricultores",NA,NA,NA,NA,0,0,1,0,0,0,0,0,0,1,0,0,NA,NA,NA,NA,NA,NA,NA,NA,NA,NA,0,1,NA,"tech_repeat",NA,NA,NA,NA,NA,NA,NA,NA,NA,NA
"dummies","source_type",NA,"sourceOfGroupTraining/agricultores_tec","De que fuentes recibio usted los entrenamientos grupales como dias de campo o practicas grupales en temas relacionados a ${TIX}?/Otros agricultores",NA,NA,NA,NA,0,0,1,0,NA,NA,NA,NA,NA,NA,NA,NA,NA,NA,NA,NA,NA,NA,NA,NA,NA,NA,0,1,NA,NA,NA,NA,NA,NA,NA,NA,NA,NA,NA,NA
"dummies","source_type",NA,"sourceOfGroupTraining/asocs","De que fuentes recibio usted los entrenamientos grupales como dias de campo o practicas grupales en temas relacionados a ${TIX}?/Tecnicos de asociaciones de productores",NA,NA,NA,NA,0,0,1,0,0,0,0,0,0,1,0,0,NA,NA,NA,NA,NA,NA,NA,NA,NA,NA,0,1,NA,"tech_repeat",NA,NA,NA,NA,NA,NA,NA,NA,NA,NA
"dummies","source_type",NA,"sourceOfGroupTraining/asocs_tec","De que fuentes recibio usted los entrenamientos grupales como dias de campo o practicas grupales en temas relacionados a ${TIX}?/Tecnicos de asociaciones de productores",NA,NA,NA,NA,0,0,1,0,NA,NA,NA,NA,NA,NA,NA,NA,NA,NA,NA,NA,NA,NA,NA,NA,NA,NA,0,1,NA,NA,NA,NA,NA,NA,NA,NA,NA,NA,NA,NA
"dummies","source_type",NA,"sourceOfGroupTraining/becamo","De que fuentes recibio usted los entrenamientos grupales como dias de campo o practicas grupales en temas relacionados a ${TIX}?/Tecnicos de Becamo",NA,NA,NA,NA,0,0,1,0,0,0,0,0,0,1,0,0,NA,NA,NA,NA,NA,NA,NA,NA,NA,NA,0,1,NA,"tech_repeat",NA,NA,NA,NA,NA,NA,NA,NA,NA,NA
"dummies","source_type",NA,"sourceOfGroupTraining/becamo_tec","De que fuentes recibio usted los entrenamientos grupales como dias de campo o practicas grupales en temas relacionados a ${TIX}?/Tecnicos de Becamo",NA,NA,NA,NA,0,0,1,0,NA,NA,NA,NA,NA,NA,NA,NA,NA,NA,NA,NA,NA,NA,NA,NA,NA,NA,0,1,NA,NA,NA,NA,NA,NA,NA,NA,NA,NA,NA,NA
"dummies","source_type",NA,"sourceOfGroupTraining/caja","De que fuentes recibio usted los entrenamientos grupales como dias de campo o practicas grupales en temas relacionados a ${TIX}?/Tecnicos de cajas rurales (microfinancieras)",NA,NA,NA,NA,0,0,1,0,0,0,0,0,0,1,0,0,NA,NA,NA,NA,NA,NA,NA,NA,NA,NA,0,1,NA,"tech_repeat",NA,NA,NA,NA,NA,NA,NA,NA,NA,NA
"dummies","source_type",NA,"sourceOfGroupTraining/caja_tec","De que fuentes recibio usted los entrenamientos grupales como dias de campo o practicas grupales en temas relacionados a ${TIX}?/Tecnicos de cajas rurales (microfinancieras)",NA,NA,NA,NA,0,0,1,0,NA,NA,NA,NA,NA,NA,NA,NA,NA,NA,NA,NA,NA,NA,NA,NA,NA,NA,0,1,NA,NA,NA,NA,NA,NA,NA,NA,NA,NA,NA,NA
"dummies","source_type",NA,"sourceOfGroupTraining/ihcafe","De que fuentes recibio usted los entrenamientos grupales como dias de campo o practicas grupales en temas relacionados a ${TIX}?/Tecnicos de extension del IHCAFE",NA,NA,NA,NA,0,0,1,0,0,0,0,0,0,1,0,0,NA,NA,NA,NA,NA,NA,NA,NA,NA,NA,0,1,NA,"tech_repeat",NA,NA,NA,NA,NA,NA,NA,NA,NA,NA
"dummies","source_type",NA,"sourceOfGroupTraining/ihcafe_tec","De que fuentes recibio usted los entrenamientos grupales como dias de campo o practicas grupales en temas relacionados a ${TIX}?/Tecnicos de extension del IHCAFE",NA,NA,NA,NA,0,0,1,0,NA,NA,NA,NA,NA,NA,NA,NA,NA,NA,NA,NA,NA,NA,NA,NA,NA,NA,0,1,NA,NA,NA,NA,NA,NA,NA,NA,NA,NA,NA,NA
"dummies","source_type",NA,"sourceOfGroupTraining/input","De que fuentes recibio usted los entrenamientos grupales como dias de campo o practicas grupales en temas relacionados a ${TIX}?/Tecnicos de proveedores de insumos",NA,NA,NA,NA,0,0,1,0,0,0,0,0,0,1,0,0,NA,NA,NA,NA,NA,NA,NA,NA,NA,NA,0,1,NA,"tech_repeat",NA,NA,NA,NA,NA,NA,NA,NA,NA,NA
"dummies","source_type",NA,"sourceOfGroupTraining/input_tec","De que fuentes recibio usted los entrenamientos grupales como dias de campo o practicas grupales en temas relacionados a ${TIX}?/Tecnicos de proveedores de insumos",NA,NA,NA,NA,0,0,1,0,NA,NA,NA,NA,NA,NA,NA,NA,NA,NA,NA,NA,NA,NA,NA,NA,NA,NA,0,1,NA,NA,NA,NA,NA,NA,NA,NA,NA,NA,NA,NA
"dummies","source_type",NA,"sourceOfGroupTraining/intermediarios","De que fuentes recibio usted los entrenamientos grupales como dias de campo o practicas grupales en temas relacionados a ${TIX}?/Intermediarios",NA,NA,NA,NA,0,0,1,0,0,0,0,0,0,1,0,0,NA,NA,NA,NA,NA,NA,NA,NA,NA,NA,0,1,NA,"tech_repeat",NA,NA,NA,NA,NA,NA,NA,NA,NA,NA
"dummies","source_type",NA,"sourceOfGroupTraining/intermediarios_tec","De que fuentes recibio usted los entrenamientos grupales como dias de campo o practicas grupales en temas relacionados a ${TIX}?/Intermediarios",NA,NA,NA,NA,0,0,1,0,NA,NA,NA,NA,NA,NA,NA,NA,NA,NA,NA,NA,NA,NA,NA,NA,NA,NA,0,1,NA,NA,NA,NA,NA,NA,NA,NA,NA,NA,NA,NA
"dummies","source_type",NA,"sourceOfGroupTraining/internet","De que fuentes recibio usted los entrenamientos grupales como dias de campo o practicas grupales en temas relacionados a ${TIX}?/Cursos virtuales o asincronicos",NA,NA,NA,NA,0,0,1,0,0,0,0,0,0,1,0,0,NA,NA,NA,NA,NA,NA,NA,NA,NA,NA,0,1,NA,"tech_repeat",NA,NA,NA,NA,NA,NA,NA,NA,NA,NA
"dummies","source_type",NA,"sourceOfGroupTraining/internet_tec","De que fuentes recibio usted los entrenamientos grupales como dias de campo o practicas grupales en temas relacionados a ${TIX}?/Cursos virtuales o asincronicos",NA,NA,NA,NA,0,0,1,0,NA,NA,NA,NA,NA,NA,NA,NA,NA,NA,NA,NA,NA,NA,NA,NA,NA,NA,0,1,NA,NA,NA,NA,NA,NA,NA,NA,NA,NA,NA,NA
"dummies","source_type",NA,"sourceOfGroupTraining/lider","De que fuentes recibio usted los entrenamientos grupales como dias de campo o practicas grupales en temas relacionados a ${TIX}?/Lider de la comunidad",NA,NA,NA,NA,0,0,1,0,0,0,0,0,0,1,0,0,NA,NA,NA,NA,NA,NA,NA,NA,NA,NA,0,1,NA,"tech_repeat",NA,NA,NA,NA,NA,NA,NA,NA,NA,NA
"dummies","source_type",NA,"sourceOfGroupTraining/lider_tec","De que fuentes recibio usted los entrenamientos grupales como dias de campo o practicas grupales en temas relacionados a ${TIX}?/Lider de la comunidad",NA,NA,NA,NA,0,0,1,0,NA,NA,NA,NA,NA,NA,NA,NA,NA,NA,NA,NA,NA,NA,NA,NA,NA,NA,0,1,NA,NA,NA,NA,NA,NA,NA,NA,NA,NA,NA,NA
"dummies","source_type",NA,"sourceOfGroupTraining/ns","De que fuentes recibio usted los entrenamientos grupales como dias de campo o practicas grupales en temas relacionados a ${TIX}?/No sabe",NA,NA,NA,NA,0,0,1,0,0,0,0,0,0,1,0,0,NA,NA,NA,NA,NA,NA,NA,NA,NA,NA,0,1,NA,"tech_repeat",NA,NA,NA,NA,NA,NA,NA,NA,NA,NA
"dummies","source_type",NA,"sourceOfGroupTraining/ns_tec","De que fuentes recibio usted los entrenamientos grupales como dias de campo o practicas grupales en temas relacionados a ${TIX}?/No sabe",NA,NA,NA,NA,0,0,1,0,NA,NA,NA,NA,NA,NA,NA,NA,NA,NA,NA,NA,NA,NA,NA,NA,NA,NA,0,1,NA,NA,NA,NA,NA,NA,NA,NA,NA,NA,NA,NA
"dummies","source_type",NA,"sourceOfGroupTraining/ong","De que fuentes recibio usted los entrenamientos grupales como dias de campo o practicas grupales en temas relacionados a ${TIX}?/Tecnicos de ONG",NA,NA,NA,NA,0,0,1,0,0,0,0,0,0,1,0,0,NA,NA,NA,NA,NA,NA,NA,NA,NA,NA,0,1,NA,"tech_repeat",NA,NA,NA,NA,NA,NA,NA,NA,NA,NA
"dummies","source_type",NA,"sourceOfGroupTraining/ong_tec","De que fuentes recibio usted los entrenamientos grupales como dias de campo o practicas grupales en temas relacionados a ${TIX}?/Tecnicos de ONG",NA,NA,NA,NA,0,0,1,0,NA,NA,NA,NA,NA,NA,NA,NA,NA,NA,NA,NA,NA,NA,NA,NA,NA,NA,0,1,NA,NA,NA,NA,NA,NA,NA,NA,NA,NA,NA,NA
"dummies","source_type",NA,"sourceOfGroupTraining/other","De que fuentes recibio usted los entrenamientos grupales como dias de campo o practicas grupales en temas relacionados a ${TIX}?/Otro",NA,NA,NA,NA,0,0,1,0,0,0,0,0,0,1,0,0,NA,NA,NA,NA,NA,NA,NA,NA,NA,NA,0,1,NA,"tech_repeat",NA,NA,NA,NA,NA,NA,NA,NA,NA,NA
"dummies","source_type",NA,"sourceOfGroupTraining/other_tec","De que fuentes recibio usted los entrenamientos grupales como dias de campo o practicas grupales en temas relacionados a ${TIX}?/Otro",NA,NA,NA,NA,0,0,1,0,NA,NA,NA,NA,NA,NA,NA,NA,NA,NA,NA,NA,NA,NA,NA,NA,NA,NA,0,1,NA,NA,NA,NA,NA,NA,NA,NA,NA,NA,NA,NA
"select_multiple","origin_var","E45","sourceOfNewSeeds","Donde obtuvo las semillas NUEVAS que sembro?",TRUE,NA,NA,NA,0,0,0,2,NA,NA,NA,NA,NA,NA,NA,NA,NA,NA,NA,NA,NA,NA,NA,NA,NA,NA,1,0,NA,NA,NA,NA,NA,NA,NA,NA,NA,NA,NA,NA
"select_multiple","origin_var",NA,"sourceOfNewSeeds/buy_gov","Donde obtuvo las semillas NUEVAS que sembro?/Las compre en una institucion del gobierno",NA,NA,NA,NA,0,0,1,0,NA,NA,NA,NA,NA,NA,NA,NA,NA,NA,NA,NA,NA,NA,NA,NA,NA,NA,1,0,NA,NA,NA,NA,NA,NA,NA,NA,NA,NA,NA,NA
"select_multiple","origin_var",NA,"sourceOfNewSeeds/certified_nursery","Donde obtuvo las semillas NUEVAS que sembro?/Las compre en vivero certificado",NA,NA,NA,NA,0,0,1,0,NA,NA,NA,NA,NA,NA,NA,NA,NA,NA,NA,NA,NA,NA,NA,NA,NA,NA,1,0,NA,NA,NA,NA,NA,NA,NA,NA,NA,NA,NA,NA
"select_multiple","origin_var",NA,"sourceOfNewSeeds/gift_gov","Donde obtuvo las semillas NUEVAS que sembro?/Me las regalaron en un programa del gobierno",NA,NA,NA,NA,0,0,1,0,NA,NA,NA,NA,NA,NA,NA,NA,NA,NA,NA,NA,NA,NA,NA,NA,NA,NA,1,0,NA,NA,NA,NA,NA,NA,NA,NA,NA,NA,NA,NA
"select_multiple","origin_var",NA,"sourceOfNewSeeds/gift_ngo","Donde obtuvo las semillas NUEVAS que sembro?/Me las regalaron en una ONG",NA,NA,NA,NA,0,0,1,0,NA,NA,NA,NA,NA,NA,NA,NA,NA,NA,NA,NA,NA,NA,NA,NA,NA,NA,1,0,NA,NA,NA,NA,NA,NA,NA,NA,NA,NA,NA,NA
"select_multiple","origin_var",NA,"sourceOfNewSeeds/inter","Donde obtuvo las semillas NUEVAS que sembro?/Intercambio comunitario",NA,NA,NA,NA,0,0,1,0,NA,NA,NA,NA,NA,NA,NA,NA,NA,NA,NA,NA,NA,NA,NA,NA,NA,NA,1,0,NA,NA,NA,NA,NA,NA,NA,NA,NA,NA,NA,NA
"select_multiple","origin_var",NA,"sourceOfNewSeeds/no_plant","Donde obtuvo las semillas NUEVAS que sembro?/No sembre plantas nuevas",NA,NA,NA,NA,0,0,1,0,NA,NA,NA,NA,NA,NA,NA,NA,NA,NA,NA,NA,NA,NA,NA,NA,NA,NA,1,0,NA,NA,NA,NA,NA,NA,NA,NA,NA,NA,NA,NA
"select_multiple","origin_var",NA,"sourceOfNewSeeds/non_certified_nursery","Donde obtuvo las semillas NUEVAS que sembro?/Las compre en vivero NO certificado",NA,NA,NA,NA,0,0,1,0,NA,NA,NA,NA,NA,NA,NA,NA,NA,NA,NA,NA,NA,NA,NA,NA,NA,NA,1,0,NA,NA,NA,NA,NA,NA,NA,NA,NA,NA,NA,NA
"select_multiple","origin_var",NA,"sourceOfNewSeeds/none","Donde obtuvo las semillas NUEVAS que sembro?/No adquiri semillas",NA,NA,NA,NA,0,0,1,0,NA,NA,NA,NA,NA,NA,NA,NA,NA,NA,NA,NA,NA,NA,NA,NA,NA,NA,1,0,NA,NA,NA,NA,NA,NA,NA,NA,NA,NA,NA,NA
"select_multiple","origin_var",NA,"sourceOfNewSeeds/other","Donde obtuvo las semillas NUEVAS que sembro?/Otro, ¿Cual?",NA,NA,NA,NA,0,0,1,0,NA,NA,NA,NA,NA,NA,NA,NA,NA,NA,NA,NA,NA,NA,NA,NA,NA,NA,1,0,NA,NA,NA,NA,NA,NA,NA,NA,NA,NA,NA,NA
"select_multiple","origin_var",NA,"sourceOfNewSeeds/own","Donde obtuvo las semillas NUEVAS que sembro?/Obtuve plantulas de mi propia finca",NA,NA,NA,NA,0,0,1,0,NA,NA,NA,NA,NA,NA,NA,NA,NA,NA,NA,NA,NA,NA,NA,NA,NA,NA,1,0,NA,NA,NA,NA,NA,NA,NA,NA,NA,NA,NA,NA
"select_multiple","tech_support_who","F12","sourceOfPracticeInformation","Donde se entero de las practicas?",TRUE,NA,NA,NA,0,0,0,2,0,0,0,0,0,0,0,0,NA,NA,NA,NA,NA,NA,NA,NA,NA,NA,1,0,"tech_repeat",NA,NA,NA,NA,NA,NA,NA,NA,NA,NA,NA
"select_multiple","tech_support_who",NA,"sourceOfPracticeInformation/agri_business","Donde se entero de las practicas?/Agrocomerciantes (empresa privada)",NA,NA,NA,NA,0,0,1,0,0,0,0,0,0,1,0,0,NA,NA,NA,NA,NA,NA,NA,NA,NA,NA,1,0,"tech_repeat",NA,NA,NA,NA,NA,NA,NA,NA,NA,NA,NA
"select_multiple","tech_support_who",NA,"sourceOfPracticeInformation/agri_business_tec","Donde se entero de las practicas?/Agrocomerciantes (empresa privada)",NA,NA,NA,NA,0,0,1,0,NA,NA,NA,NA,NA,NA,NA,NA,NA,NA,NA,NA,NA,NA,NA,NA,NA,NA,1,0,NA,NA,NA,NA,NA,NA,NA,NA,NA,NA,NA,NA
"select_multiple","tech_support_who",NA,"sourceOfPracticeInformation/Credit_union_coop","Donde se entero de las practicas?/Cooperativa de credito",NA,NA,NA,NA,0,0,1,0,0,0,0,0,0,1,0,0,NA,NA,NA,NA,NA,NA,NA,NA,NA,NA,1,0,"tech_repeat",NA,NA,NA,NA,NA,NA,NA,NA,NA,NA,NA
"select_multiple","tech_support_who",NA,"sourceOfPracticeInformation/Credit_union_coop_tec","Donde se entero de las practicas?/Cooperativa de credito",NA,NA,NA,NA,0,0,1,0,NA,NA,NA,NA,NA,NA,NA,NA,NA,NA,NA,NA,NA,NA,NA,NA,NA,NA,1,0,NA,NA,NA,NA,NA,NA,NA,NA,NA,NA,NA,NA
"select_multiple","tech_support_who",NA,"sourceOfPracticeInformation/extension","Donde se entero de las practicas?/Tecnico del Gobierno (IHCAFE)",NA,NA,NA,NA,0,0,1,0,0,0,0,0,0,1,0,0,NA,NA,NA,NA,NA,NA,NA,NA,NA,NA,1,0,"tech_repeat",NA,NA,NA,NA,NA,NA,NA,NA,NA,NA,NA
"select_multiple","tech_support_who",NA,"sourceOfPracticeInformation/extension_tec","Donde se entero de las practicas?/Tecnico del Gobierno (IHCAFE)",NA,NA,NA,NA,0,0,1,0,NA,NA,NA,NA,NA,NA,NA,NA,NA,NA,NA,NA,NA,NA,NA,NA,NA,NA,1,0,NA,NA,NA,NA,NA,NA,NA,NA,NA,NA,NA,NA
"select_multiple","tech_support_who",NA,"sourceOfPracticeInformation/family_neighbour","Donde se entero de las practicas?/Familia o vecino",NA,NA,NA,NA,0,0,1,0,0,0,0,0,0,1,0,0,NA,NA,NA,NA,NA,NA,NA,NA,NA,NA,1,0,"tech_repeat",NA,NA,NA,NA,NA,NA,NA,NA,NA,NA,NA
"select_multiple","tech_support_who",NA,"sourceOfPracticeInformation/family_neighbour_tec","Donde se entero de las practicas?/Familia o vecino",NA,NA,NA,NA,0,0,1,0,NA,NA,NA,NA,NA,NA,NA,NA,NA,NA,NA,NA,NA,NA,NA,NA,NA,NA,1,0,NA,NA,NA,NA,NA,NA,NA,NA,NA,NA,NA,NA
"select_multiple","tech_support_who",NA,"sourceOfPracticeInformation/inter","Donde se entero de las practicas?/Intermediario/recolector",NA,NA,NA,NA,0,0,1,0,0,0,0,0,0,1,0,0,NA,NA,NA,NA,NA,NA,NA,NA,NA,NA,1,0,"tech_repeat",NA,NA,NA,NA,NA,NA,NA,NA,NA,NA,NA
"select_multiple","tech_support_who",NA,"sourceOfPracticeInformation/inter_tec","Donde se entero de las practicas?/Intermediario/recolector",NA,NA,NA,NA,0,0,1,0,NA,NA,NA,NA,NA,NA,NA,NA,NA,NA,NA,NA,NA,NA,NA,NA,NA,NA,1,0,NA,NA,NA,NA,NA,NA,NA,NA,NA,NA,NA,NA
"select_multiple","tech_support_who",NA,"sourceOfPracticeInformation/internet","Donde se entero de las practicas?/Internet",NA,NA,NA,NA,0,0,1,0,0,0,0,0,0,1,0,0,NA,NA,NA,NA,NA,NA,NA,NA,NA,NA,0,0,"tech_repeat",NA,NA,NA,NA,NA,NA,NA,NA,NA,NA,NA
"select_multiple","tech_support_who",NA,"sourceOfPracticeInformation/internet_tec","Donde se entero de las practicas?/Internet",NA,NA,NA,NA,0,0,1,0,NA,NA,NA,NA,NA,NA,NA,NA,NA,NA,NA,NA,NA,NA,NA,NA,NA,NA,0,0,NA,NA,NA,NA,NA,NA,NA,NA,NA,NA,NA,NA
"select_multiple","tech_support_who",NA,"sourceOfPracticeInformation/NGO","Donde se entero de las practicas?/Tecnico de ONG",NA,NA,NA,NA,0,0,1,0,0,0,0,0,0,1,0,0,NA,NA,NA,NA,NA,NA,NA,NA,NA,NA,1,0,"tech_repeat",NA,NA,NA,NA,NA,NA,NA,NA,NA,NA,NA
"select_multiple","tech_support_who",NA,"sourceOfPracticeInformation/NGO_tec","Donde se entero de las practicas?/Tecnico de ONG",NA,NA,NA,NA,0,0,1,0,NA,NA,NA,NA,NA,NA,NA,NA,NA,NA,NA,NA,NA,NA,NA,NA,NA,NA,1,0,NA,NA,NA,NA,NA,NA,NA,NA,NA,NA,NA,NA
"select_multiple","tech_support_who",NA,"sourceOfPracticeInformation/Nobody","Donde se entero de las practicas?/Nadie",NA,NA,NA,NA,0,0,1,0,0,0,0,0,0,1,0,0,NA,NA,NA,NA,NA,NA,NA,NA,NA,NA,1,0,"tech_repeat",NA,NA,NA,NA,NA,NA,NA,NA,NA,NA,NA
"select_multiple","tech_support_who",NA,"sourceOfPracticeInformation/Nobody_tec","Donde se entero de las practicas?/Nadie",NA,NA,NA,NA,0,0,1,0,NA,NA,NA,NA,NA,NA,NA,NA,NA,NA,NA,NA,NA,NA,NA,NA,NA,NA,1,0,NA,NA,NA,NA,NA,NA,NA,NA,NA,NA,NA,NA
"select_multiple","tech_support_who",NA,"sourceOfPracticeInformation/village_administration","Donde se entero de las practicas?/Grupos de aldea",NA,NA,NA,NA,0,0,1,0,0,0,0,0,0,1,0,0,NA,NA,NA,NA,NA,NA,NA,NA,NA,NA,1,0,"tech_repeat",NA,NA,NA,NA,NA,NA,NA,NA,NA,NA,NA
"select_multiple","tech_support_who",NA,"sourceOfPracticeInformation/village_administration_tec","Donde se entero de las practicas?/Grupos de aldea",NA,NA,NA,NA,0,0,1,0,NA,NA,NA,NA,NA,NA,NA,NA,NA,NA,NA,NA,NA,NA,NA,NA,NA,NA,1,0,NA,NA,NA,NA,NA,NA,NA,NA,NA,NA,NA,NA
"text",NA,"E45B","sourceOfSeedlings","Donde obtuvo las plantulas?",TRUE,"acquiredSeedlings == 'Si'",NA,NA,0,0,0,0,NA,NA,NA,NA,NA,NA,NA,NA,NA,NA,NA,NA,NA,NA,NA,NA,NA,NA,1,0,NA,NA,NA,NA,NA,NA,NA,NA,NA,NA,NA,NA
"select_multiple","source_type","F2","sourceOfTechnicalAssistance","De que fuentes recibio usted la asistencia tecnica individual relacionada a ${TIX}?",TRUE,"${receivedTechnicalAssistance} = 'indiv' or ${receivedTechnicalAssistance} = 'both'",NA,NA,0,0,0,2,NA,NA,NA,NA,NA,NA,NA,NA,NA,NA,NA,NA,NA,NA,NA,NA,NA,NA,1,1,NA,"tech_repeat",NA,NA,NA,NA,NA,NA,NA,NA,NA,NA
"dummies",NA,NA,"sourceOfTechnicalAssistance/agri_business","De que fuentes recibio usted la asistencia tecnica / Agrocomerciantes (empresa privada)",NA,NA,NA,NA,0,0,1,0,NA,NA,NA,NA,NA,NA,NA,NA,NA,NA,NA,NA,NA,NA,NA,NA,NA,NA,1,0,NA,NA,NA,NA,NA,NA,NA,NA,NA,NA,NA,NA
"dummies","source_type",NA,"sourceOfTechnicalAssistance/agricultores","De que fuentes recibio usted la asistencia tecnica individual relacionada a ${TIX}?/Otros agricultores",NA,NA,NA,NA,0,0,1,0,0,0,0,0,0,1,0,0,NA,NA,NA,NA,NA,NA,NA,NA,NA,NA,0,1,NA,"tech_repeat",NA,NA,NA,NA,NA,NA,NA,NA,NA,NA
"dummies","source_type",NA,"sourceOfTechnicalAssistance/agricultores_tec","De que fuentes recibio usted la asistencia tecnica individual relacionada a ${TIX}?/Otros agricultores",NA,NA,NA,NA,0,0,1,0,NA,NA,NA,NA,NA,NA,NA,NA,NA,NA,NA,NA,NA,NA,NA,NA,NA,NA,0,1,NA,NA,NA,NA,NA,NA,NA,NA,NA,NA,NA,NA
"dummies","source_type",NA,"sourceOfTechnicalAssistance/asocs","De que fuentes recibio usted la asistencia tecnica individual relacionada a ${TIX}?/Tecnicos de asociaciones de productores",NA,NA,NA,NA,0,0,1,0,0,0,0,0,0,1,0,0,NA,NA,NA,NA,NA,NA,NA,NA,NA,NA,0,1,NA,"tech_repeat",NA,NA,NA,NA,NA,NA,NA,NA,NA,NA
"dummies","source_type",NA,"sourceOfTechnicalAssistance/asocs_tec","De que fuentes recibio usted la asistencia tecnica individual relacionada a ${TIX}?/Tecnicos de asociaciones de productores",NA,NA,NA,NA,0,0,1,0,NA,NA,NA,NA,NA,NA,NA,NA,NA,NA,NA,NA,NA,NA,NA,NA,NA,NA,0,1,NA,NA,NA,NA,NA,NA,NA,NA,NA,NA,NA,NA
"dummies","source_type",NA,"sourceOfTechnicalAssistance/becamo","De que fuentes recibio usted la asistencia tecnica individual relacionada a ${TIX}?/Tecnicos de Becamo",NA,NA,NA,NA,0,0,1,0,0,0,0,0,0,1,0,0,NA,NA,NA,NA,NA,NA,NA,NA,NA,NA,0,1,NA,"tech_repeat",NA,NA,NA,NA,NA,NA,NA,NA,NA,NA
"dummies","source_type",NA,"sourceOfTechnicalAssistance/becamo_tec","De que fuentes recibio usted la asistencia tecnica individual relacionada a ${TIX}?/Tecnicos de Becamo",NA,NA,NA,NA,0,0,1,0,NA,NA,NA,NA,NA,NA,NA,NA,NA,NA,NA,NA,NA,NA,NA,NA,NA,NA,0,1,NA,NA,NA,NA,NA,NA,NA,NA,NA,NA,NA,NA
"dummies","source_type",NA,"sourceOfTechnicalAssistance/caja","De que fuentes recibio usted la asistencia tecnica individual relacionada a ${TIX}?/Tecnicos de cajas rurales (microfinancieras)",NA,NA,NA,NA,0,0,1,0,0,0,0,0,0,1,0,0,NA,NA,NA,NA,NA,NA,NA,NA,NA,NA,0,1,NA,"tech_repeat",NA,NA,NA,NA,NA,NA,NA,NA,NA,NA
"dummies","source_type",NA,"sourceOfTechnicalAssistance/caja_tec","De que fuentes recibio usted la asistencia tecnica individual relacionada a ${TIX}?/Tecnicos de cajas rurales (microfinancieras)",NA,NA,NA,NA,0,0,1,0,NA,NA,NA,NA,NA,NA,NA,NA,NA,NA,NA,NA,NA,NA,NA,NA,NA,NA,0,1,NA,NA,NA,NA,NA,NA,NA,NA,NA,NA,NA,NA
"dummies",NA,NA,"sourceOfTechnicalAssistance/Credit_union_coop","De que fuentes recibio usted la asistencia tecnica / Cooperativa de crédito",NA,NA,NA,NA,0,0,1,0,NA,NA,NA,NA,NA,NA,NA,NA,NA,NA,NA,NA,NA,NA,NA,NA,NA,NA,1,0,NA,NA,NA,NA,NA,NA,NA,NA,NA,NA,NA,NA
"dummies",NA,NA,"sourceOfTechnicalAssistance/extension","De que fuentes recibio usted la asistencia tecnica / Técnico del Gobierno (IHCAFE)",NA,NA,NA,NA,0,0,1,0,NA,NA,NA,NA,NA,NA,NA,NA,NA,NA,NA,NA,NA,NA,NA,NA,NA,NA,1,0,NA,NA,NA,NA,NA,NA,NA,NA,NA,NA,NA,NA
"dummies",NA,NA,"sourceOfTechnicalAssistance/family_neighbour","De que fuentes recibio usted la asistencia tecnica / Familia o vecino",NA,NA,NA,NA,0,0,1,0,NA,NA,NA,NA,NA,NA,NA,NA,NA,NA,NA,NA,NA,NA,NA,NA,NA,NA,1,0,NA,NA,NA,NA,NA,NA,NA,NA,NA,NA,NA,NA
"dummies","source_type",NA,"sourceOfTechnicalAssistance/ihcafe","De que fuentes recibio usted la asistencia tecnica individual relacionada a ${TIX}?/Tecnicos de extension del IHCAFE",NA,NA,NA,NA,0,0,1,0,0,0,0,0,0,1,0,0,NA,NA,NA,NA,NA,NA,NA,NA,NA,NA,0,1,NA,"tech_repeat",NA,NA,NA,NA,NA,NA,NA,NA,NA,NA
"dummies","source_type",NA,"sourceOfTechnicalAssistance/ihcafe_tec","De que fuentes recibio usted la asistencia tecnica individual relacionada a ${TIX}?/Tecnicos de extension del IHCAFE",NA,NA,NA,NA,0,0,1,0,NA,NA,NA,NA,NA,NA,NA,NA,NA,NA,NA,NA,NA,NA,NA,NA,NA,NA,0,1,NA,NA,NA,NA,NA,NA,NA,NA,NA,NA,NA,NA
"dummies","source_type",NA,"sourceOfTechnicalAssistance/input","De que fuentes recibio usted la asistencia tecnica individual relacionada a ${TIX}?/Tecnicos de proveedores de insumos",NA,NA,NA,NA,0,0,1,0,0,0,0,0,0,1,0,0,NA,NA,NA,NA,NA,NA,NA,NA,NA,NA,0,1,NA,"tech_repeat",NA,NA,NA,NA,NA,NA,NA,NA,NA,NA
"dummies","source_type",NA,"sourceOfTechnicalAssistance/input_tec","De que fuentes recibio usted la asistencia tecnica individual relacionada a ${TIX}?/Tecnicos de proveedores de insumos",NA,NA,NA,NA,0,0,1,0,NA,NA,NA,NA,NA,NA,NA,NA,NA,NA,NA,NA,NA,NA,NA,NA,NA,NA,0,1,NA,NA,NA,NA,NA,NA,NA,NA,NA,NA,NA,NA
"dummies",NA,NA,"sourceOfTechnicalAssistance/inter","De que fuentes recibio usted la asistencia tecnica / Intermediario/recolector",NA,NA,NA,NA,0,0,1,0,NA,NA,NA,NA,NA,NA,NA,NA,NA,NA,NA,NA,NA,NA,NA,NA,NA,NA,1,0,NA,NA,NA,NA,NA,NA,NA,NA,NA,NA,NA,NA
"dummies","source_type",NA,"sourceOfTechnicalAssistance/intermediarios","De que fuentes recibio usted la asistencia tecnica individual relacionada a ${TIX}?/Intermediarios",NA,NA,NA,NA,0,0,1,0,0,0,0,0,0,1,0,0,NA,NA,NA,NA,NA,NA,NA,NA,NA,NA,0,1,NA,"tech_repeat",NA,NA,NA,NA,NA,NA,NA,NA,NA,NA
"dummies","source_type",NA,"sourceOfTechnicalAssistance/intermediarios_tec","De que fuentes recibio usted la asistencia tecnica individual relacionada a ${TIX}?/Intermediarios",NA,NA,NA,NA,0,0,1,0,NA,NA,NA,NA,NA,NA,NA,NA,NA,NA,NA,NA,NA,NA,NA,NA,NA,NA,0,1,NA,NA,NA,NA,NA,NA,NA,NA,NA,NA,NA,NA
"dummies","source_type",NA,"sourceOfTechnicalAssistance/internet","De que fuentes recibio usted la asistencia tecnica individual relacionada a ${TIX}?/Cursos virtuales o asincronicos",NA,NA,NA,NA,0,0,1,0,0,0,0,0,0,1,0,0,NA,NA,NA,NA,NA,NA,NA,NA,NA,NA,1,1,NA,"tech_repeat",15,NA,NA,NA,NA,NA,NA,NA,NA,NA
"dummies","source_type",NA,"sourceOfTechnicalAssistance/internet_tec","De que fuentes recibio usted la asistencia tecnica individual relacionada a ${TIX}?/Cursos virtuales o asincronicos",NA,NA,NA,NA,0,0,1,0,NA,NA,NA,NA,NA,NA,NA,NA,NA,NA,NA,NA,NA,NA,NA,NA,NA,NA,0,1,NA,NA,15,NA,NA,NA,NA,NA,NA,NA,NA,NA
"dummies","source_type",NA,"sourceOfTechnicalAssistance/lider","De que fuentes recibio usted la asistencia tecnica individual relacionada a ${TIX}?/Lider de la comunidad",NA,NA,NA,NA,0,0,1,0,0,0,0,0,0,1,0,0,NA,NA,NA,NA,NA,NA,NA,NA,NA,NA,0,1,NA,"tech_repeat",NA,NA,NA,NA,NA,NA,NA,NA,NA,NA
"dummies","source_type",NA,"sourceOfTechnicalAssistance/lider_tec","De que fuentes recibio usted la asistencia tecnica individual relacionada a ${TIX}?/Lider de la comunidad",NA,NA,NA,NA,0,0,1,0,NA,NA,NA,NA,NA,NA,NA,NA,NA,NA,NA,NA,NA,NA,NA,NA,NA,NA,0,1,NA,NA,NA,NA,NA,NA,NA,NA,NA,NA,NA,NA
"dummies",NA,NA,"sourceOfTechnicalAssistance/NGO","De que fuentes recibio usted la asistencia tecnica / Técnico de ONG",NA,NA,NA,NA,0,0,1,0,NA,NA,NA,NA,NA,NA,NA,NA,NA,NA,NA,NA,NA,NA,NA,NA,NA,NA,1,0,NA,NA,NA,NA,NA,NA,NA,NA,NA,NA,NA,NA
"dummies",NA,NA,"sourceOfTechnicalAssistance/Nobody","De que fuentes recibio usted la asistencia tecnica / Nadie",NA,NA,NA,NA,0,0,1,0,NA,NA,NA,NA,NA,NA,NA,NA,NA,NA,NA,NA,NA,NA,NA,NA,NA,NA,1,0,NA,NA,NA,NA,NA,NA,NA,NA,NA,NA,NA,NA
"dummies","source_type",NA,"sourceOfTechnicalAssistance/ns","De que fuentes recibio usted la asistencia tecnica individual relacionada a ${TIX}?/No sabe",NA,NA,NA,NA,0,0,1,0,0,0,0,0,0,1,0,0,NA,NA,NA,NA,NA,NA,NA,NA,NA,NA,0,1,NA,"tech_repeat",NA,NA,NA,NA,NA,NA,NA,NA,NA,NA
"dummies","source_type",NA,"sourceOfTechnicalAssistance/ns_tec","De que fuentes recibio usted la asistencia tecnica individual relacionada a ${TIX}?/No sabe",NA,NA,NA,NA,0,0,1,0,NA,NA,NA,NA,NA,NA,NA,NA,NA,NA,NA,NA,NA,NA,NA,NA,NA,NA,0,1,NA,NA,NA,NA,NA,NA,NA,NA,NA,NA,NA,NA
"dummies","source_type",NA,"sourceOfTechnicalAssistance/ong","De que fuentes recibio usted la asistencia tecnica individual relacionada a ${TIX}?/Tecnicos de ONG",NA,NA,NA,NA,0,0,1,0,0,0,0,0,0,1,0,0,NA,NA,NA,NA,NA,NA,NA,NA,NA,NA,0,1,NA,"tech_repeat",NA,NA,NA,NA,NA,NA,NA,NA,NA,NA
"dummies","source_type",NA,"sourceOfTechnicalAssistance/ong_tec","De que fuentes recibio usted la asistencia tecnica individual relacionada a ${TIX}?/Tecnicos de ONG",NA,NA,NA,NA,0,0,1,0,NA,NA,NA,NA,NA,NA,NA,NA,NA,NA,NA,NA,NA,NA,NA,NA,NA,NA,0,1,NA,NA,NA,NA,NA,NA,NA,NA,NA,NA,NA,NA
"dummies","source_type",NA,"sourceOfTechnicalAssistance/other","De que fuentes recibio usted la asistencia tecnica individual relacionada a ${TIX}?/Otro",NA,NA,NA,NA,0,0,1,0,0,0,0,0,0,1,0,0,NA,NA,NA,NA,NA,NA,NA,NA,NA,NA,0,1,NA,"tech_repeat",NA,NA,NA,NA,NA,NA,NA,NA,NA,NA
"dummies","source_type",NA,"sourceOfTechnicalAssistance/other_tec","De que fuentes recibio usted la asistencia tecnica individual relacionada a ${TIX}?/Otro",NA,NA,NA,NA,0,0,1,0,NA,NA,NA,NA,NA,NA,NA,NA,NA,NA,NA,NA,NA,NA,NA,NA,NA,NA,0,1,NA,NA,NA,NA,NA,NA,NA,NA,NA,NA,NA,NA
"dummies",NA,NA,"sourceOfTechnicalAssistance/village_administration","De que fuentes recibio usted la asistencia tecnica / Grupos de aldea",NA,NA,NA,NA,0,0,1,0,NA,NA,NA,NA,NA,NA,NA,NA,NA,NA,NA,NA,NA,NA,NA,NA,NA,NA,1,0,NA,NA,NA,NA,NA,NA,NA,NA,NA,NA,NA,NA
"decimal",NA,"E43B","spacingBetweenPlants","Al sembrar cual fue la distancia ENTRE PLANTAS (o POSTURAS) que uso?",TRUE,NA,".>0",NA,1,0,0,0,NA,NA,NA,NA,NA,NA,NA,NA,0,0,0,0,0,0,1,0,0,0,1,1,NA,NA,NA,NA,NA,NA,NA,NA,NA,NA,NA,NA
"decimal",NA,NA,"spacingBetweenPlantsInMt","Distancia entre plantas o posturas, en metros",NA,NA,NA,NA,1,0,0,0,NA,NA,NA,NA,NA,NA,NA,NA,NA,NA,NA,NA,NA,NA,NA,NA,NA,NA,1,1,NA,NA,NA,NA,NA,NA,NA,NA,NA,NA,NA,NA
"select_one","long_units",NA,"spacingBetweenPlantsUnit","Unidad de longitud",TRUE,NA,NA,NA,0,0,0,0,NA,NA,NA,NA,NA,NA,NA,NA,0,0,0,0,0,0,2,0,0,0,0,1,NA,NA,NA,NA,NA,NA,NA,NA,NA,NA,NA,NA
"decimal",NA,"E43A","spacingBetweenRows","Al sembrar cual fue la distancia ENTRE SURCOS (o HILERAS) que uso?",TRUE,NA,".>0",NA,1,0,0,0,NA,NA,NA,NA,NA,NA,NA,NA,0,0,0,0,0,0,0,1,0,0,1,1,NA,NA,NA,NA,NA,NA,NA,NA,NA,NA,NA,NA
"decimal",NA,NA,"spacingBetweenRowsInMt","Distancia entre surcos o hileras, en metros",NA,NA,NA,NA,1,0,0,0,NA,NA,NA,NA,NA,NA,NA,NA,NA,NA,NA,NA,NA,NA,NA,NA,NA,NA,1,1,NA,NA,NA,NA,NA,NA,NA,NA,NA,NA,NA,NA
"select_one","long_units",NA,"spacingBetweenRowsUnit","Unidad de longitud",TRUE,NA,NA,NA,0,0,0,0,NA,NA,NA,NA,NA,NA,NA,NA,0,0,0,0,0,0,0,2,0,0,0,1,NA,NA,NA,NA,NA,NA,NA,NA,NA,NA,NA,NA
"select_one","gremial","G5","specificCoffeeOrganization","Cual?",TRUE,"affiliationWithCoffeeOrganization == 'Si'",NA,NA,0,0,0,1,NA,NA,NA,NA,NA,NA,NA,NA,NA,NA,NA,NA,NA,NA,NA,NA,NA,NA,1,0,NA,NA,NA,NA,NA,NA,NA,NA,NA,NA,NA,NA
"dummies","gremial",NA,"specificCoffeeOrganization_anacafeh","Cual? Anacafeh",NA,NA,NA,NA,0,0,1,0,NA,NA,NA,NA,NA,NA,NA,NA,NA,NA,NA,NA,NA,NA,NA,NA,NA,NA,1,0,NA,NA,NA,NA,NA,NA,NA,NA,NA,NA,NA,NA
"dummies","gremial",NA,"specificCoffeeOrganization_aprocafe","Cual? Aprocafe",NA,NA,NA,NA,0,0,1,0,NA,NA,NA,NA,NA,NA,NA,NA,NA,NA,NA,NA,NA,NA,NA,NA,NA,NA,1,0,NA,NA,NA,NA,NA,NA,NA,NA,NA,NA,NA,NA
"dummies","gremial",NA,"specificCoffeeOrganization_central","Cual? Central",NA,NA,NA,NA,0,0,1,0,NA,NA,NA,NA,NA,NA,NA,NA,NA,NA,NA,NA,NA,NA,NA,NA,NA,NA,1,0,NA,NA,NA,NA,NA,NA,NA,NA,NA,NA,NA,NA
"dummies","gremial",NA,"specificCoffeeOrganization_otra","Cual? Otra",NA,NA,NA,NA,0,0,1,0,NA,NA,NA,NA,NA,NA,NA,NA,NA,NA,NA,NA,NA,NA,NA,NA,NA,NA,1,0,NA,NA,NA,NA,NA,NA,NA,NA,NA,NA,NA,NA
"text",NA,"E77A","specificQualityEvaluationDone","Cual?",TRUE,"qualityEvaluationDone == '99'",NA,NA,0,0,0,0,0,0,0,0,0,0,0,0,NA,NA,NA,NA,NA,NA,NA,NA,NA,NA,1,0,"sales_process_repeat",NA,NA,NA,NA,NA,NA,NA,NA,NA,NA,NA
"text",NA,"E17","specifyFirstAdditionalCrop","Especificar otro cultivo 1",TRUE,"selected(${otherCropsCultivated}, 'other1')",NA,NA,0,0,0,0,NA,NA,NA,NA,NA,NA,NA,NA,NA,NA,NA,NA,NA,NA,NA,NA,NA,NA,1,1,NA,NA,NA,NA,NA,NA,NA,NA,NA,NA,NA,NA
"text",NA,"E18","specifySecondAdditionalCrop","Especificar otro cultivo 2",TRUE,"selected(${otherCropsCultivated}, 'other2')",NA,NA,0,0,0,0,NA,NA,NA,NA,NA,NA,NA,NA,NA,NA,NA,NA,NA,NA,NA,NA,NA,NA,1,1,NA,NA,NA,NA,NA,NA,NA,NA,NA,NA,NA,NA
"text",NA,"E19","specifyThirdAdditionalCrop","Especificar otro cultivo 3",TRUE,"selected(${otherCropsCultivated}, 'other3')",NA,NA,0,0,0,0,NA,NA,NA,NA,NA,NA,NA,NA,NA,NA,NA,NA,NA,NA,NA,NA,NA,NA,1,1,NA,NA,NA,NA,NA,NA,NA,NA,NA,NA,NA,NA
"text",NA,"J3","specifyTypeOfAid","Especificar otro tipo de ayuda",TRUE,"typeOfAidReceived == 'Otros'",NA,NA,0,0,0,0,NA,NA,NA,NA,NA,NA,NA,NA,NA,NA,NA,NA,NA,NA,NA,NA,NA,NA,1,0,NA,NA,NA,NA,NA,NA,NA,NA,NA,NA,NA,NA
"text",NA,"J6","specifyTypeOfGift","Especificar otro tipo de donacion",TRUE,"typeOfCommunityGifts == 'Otros'",NA,NA,0,0,0,0,NA,NA,NA,NA,NA,NA,NA,NA,NA,NA,NA,NA,NA,NA,NA,NA,NA,NA,1,0,NA,NA,NA,NA,NA,NA,NA,NA,NA,NA,NA,NA
"select_multiple","spend","G7","spendingExtraIncomePreference","Si tuviera una cosecha muy buena y ganara mas dinero del habitual en que se lo gastaria?",TRUE,NA,NA,NA,0,0,0,2,NA,NA,NA,NA,NA,NA,NA,NA,NA,NA,NA,NA,NA,NA,NA,NA,NA,NA,1,0,NA,NA,NA,NA,NA,NA,NA,NA,NA,NA,NA,NA
"select_multiple","spend",NA,"spendingExtraIncomePreference/food","Si tuviera una cosecha muy buena y ganara mas dinero del habitual en que se lo gastaria?/Comprar alimentos",NA,NA,NA,NA,0,0,1,0,NA,NA,NA,NA,NA,NA,NA,NA,NA,NA,NA,NA,NA,NA,NA,NA,NA,NA,1,0,NA,NA,NA,NA,NA,NA,NA,NA,NA,NA,NA,NA
"select_multiple","spend",NA,"spendingExtraIncomePreference/invest_farm","Si tuviera una cosecha muy buena y ganara mas dinero del habitual en que se lo gastaria?/Mejorar la finca (ganado, fertilizantes, cultivos, maquinas)",NA,NA,NA,NA,0,0,1,0,NA,NA,NA,NA,NA,NA,NA,NA,NA,NA,NA,NA,NA,NA,NA,NA,NA,NA,1,0,NA,NA,NA,NA,NA,NA,NA,NA,NA,NA,NA,NA
"select_multiple","spend",NA,"spendingExtraIncomePreference/invest_people","Si tuviera una cosecha muy buena y ganara mas dinero del habitual en que se lo gastaria?/Gastar en las personas (educacion, sanidad, viajes)",NA,NA,NA,NA,0,0,1,0,NA,NA,NA,NA,NA,NA,NA,NA,NA,NA,NA,NA,NA,NA,NA,NA,NA,NA,1,0,NA,NA,NA,NA,NA,NA,NA,NA,NA,NA,NA,NA
"select_multiple","spend",NA,"spendingExtraIncomePreference/possessions","Si tuviera una cosecha muy buena y ganara mas dinero del habitual en que se lo gastaria?/Comprar posesiones (ropa, articulos para el hogar)",NA,NA,NA,NA,0,0,1,0,NA,NA,NA,NA,NA,NA,NA,NA,NA,NA,NA,NA,NA,NA,NA,NA,NA,NA,1,0,NA,NA,NA,NA,NA,NA,NA,NA,NA,NA,NA,NA
"select_multiple","spend",NA,"spendingExtraIncomePreference/savings","Si tuviera una cosecha muy buena y ganara mas dinero del habitual en que se lo gastaria?/Ahorrar el dinero",NA,NA,NA,NA,0,0,1,0,NA,NA,NA,NA,NA,NA,NA,NA,NA,NA,NA,NA,NA,NA,NA,NA,NA,NA,1,0,NA,NA,NA,NA,NA,NA,NA,NA,NA,NA,NA,NA
"image",NA,"A10","surveyConsentSignature","Si esta de acuerdo",TRUE,"${agreesToSurveyParticipation} = 'Y'",NA,NA,0,0,0,0,NA,NA,NA,NA,NA,NA,NA,NA,NA,NA,NA,NA,NA,NA,NA,NA,NA,NA,1,1,NA,NA,NA,NA,NA,NA,NA,NA,NA,NA,NA,NA
"date",NA,"A2","surveyDate","Fecha de la encuesta",NA,NA,NA,"today()",0,1,0,0,NA,NA,NA,NA,NA,NA,NA,NA,NA,NA,NA,NA,NA,NA,NA,NA,NA,NA,1,1,NA,NA,NA,NA,NA,NA,NA,NA,NA,NA,NA,NA
"select_one","IDSurvey",NA,"surveyID","Seleccione el ID de la encuesta",TRUE,NA,NA,NA,0,0,0,0,NA,NA,NA,NA,NA,NA,NA,NA,NA,NA,NA,NA,NA,NA,NA,NA,NA,NA,0,1,NA,NA,NA,NA,NA,NA,NA,NA,NA,NA,NA,NA
"calculate",NA,NA,"TCX","Forma de venta de cafe",NA,NA,NA,"jr:choice-name(selected-at(${formInWhichCoffeeWasSold},(position(..)-1)),'${formInWhichCoffeeWasSold}')",0,0,0,1,0,0,0,0,0,0,0,0,NA,NA,NA,NA,NA,NA,NA,NA,NA,NA,0,1,NA,"sales_process_repeat",NA,NA,NA,NA,NA,NA,NA,NA,NA,NA
"calculate",NA,"TIX","technology","Identificador de tecnologia usada por el agricultor",NA,NA,NA,"jr:choice-name(selected-at(${farmAspectsImproved},(position(..)-1)),'${farmAspectsImproved}')",0,0,0,1,0,0,0,0,0,0,0,0,NA,NA,NA,NA,NA,NA,NA,NA,NA,NA,0,1,NA,"tech_repeat",NA,NA,NA,NA,NA,NA,NA,NA,NA,NA
"dummies",NA,NA,"technology_conservation","Identificador de tecnologia usada por el agricultor/Conservacion del suelo y gestion de las malas hierbas",NA,NA,NA,NA,0,0,0,0,0,0,0,0,0,0,0,0,NA,NA,NA,NA,NA,NA,NA,NA,NA,NA,0,0,NA,NA,NA,NA,NA,NA,NA,NA,NA,NA,NA,NA
"dummies",NA,NA,"technology_establishment","Identificador de tecnologia usada por el agricultor/Establecimiento de plantaciones",NA,NA,NA,NA,0,0,0,0,0,0,0,0,0,0,0,0,NA,NA,NA,NA,NA,NA,NA,NA,NA,NA,0,0,NA,NA,NA,NA,NA,NA,NA,NA,NA,NA,NA,NA
"dummies",NA,NA,"technology_fertility","Identificador de tecnologia usada por el agricultor/Fertilidad del suelo y nutricion de las plantas",NA,NA,NA,NA,0,0,0,0,0,0,0,0,0,0,0,0,NA,NA,NA,NA,NA,NA,NA,NA,NA,NA,0,0,NA,NA,NA,NA,NA,NA,NA,NA,NA,NA,NA,NA
"dummies",NA,NA,"technology_ipm","Identificador de tecnologia usada por el agricultor/Gestion integrada de plagas y enfermedades",NA,NA,NA,NA,0,0,0,0,0,0,0,0,0,0,0,0,NA,NA,NA,NA,NA,NA,NA,NA,NA,NA,0,0,NA,NA,NA,NA,NA,NA,NA,NA,NA,NA,NA,NA
"dummies",NA,NA,"technology_none","Identificador de tecnologia usada por el agricultor/Ninguno",NA,NA,NA,NA,0,0,0,0,0,0,0,0,0,0,0,0,NA,NA,NA,NA,NA,NA,NA,NA,NA,NA,0,0,NA,NA,NA,NA,NA,NA,NA,NA,NA,NA,NA,NA
"dummies",NA,NA,"technology_nursery","Identificador de tecnologia usada por el agricultor/Semilleros y viveros",NA,NA,NA,NA,0,0,0,0,0,0,0,0,0,0,0,0,NA,NA,NA,NA,NA,NA,NA,NA,NA,NA,0,0,NA,NA,NA,NA,NA,NA,NA,NA,NA,NA,NA,NA
"dummies",NA,NA,"technology_pruning","Identificador de tecnologia usada por el agricultor/Poda de bandolas (poda sanitaria)",NA,NA,NA,NA,0,0,0,0,0,0,0,0,0,0,0,0,NA,NA,NA,NA,NA,NA,NA,NA,NA,NA,0,0,NA,NA,NA,NA,NA,NA,NA,NA,NA,NA,NA,NA
"dummies",NA,NA,"technology_quality","Identificador de tecnologia usada por el agricultor/Control de calidad y recoleccion selectiva",NA,NA,NA,NA,0,0,0,0,0,0,0,0,0,0,0,0,NA,NA,NA,NA,NA,NA,NA,NA,NA,NA,0,0,NA,NA,NA,NA,NA,NA,NA,NA,NA,NA,NA,NA
"dummies",NA,NA,"technology_records","Identificador de tecnologia usada por el agricultor/Mantenimiento de registros y planes de inversion",NA,NA,NA,NA,0,0,0,0,0,0,0,0,0,0,0,0,NA,NA,NA,NA,NA,NA,NA,NA,NA,NA,0,0,NA,NA,NA,NA,NA,NA,NA,NA,NA,NA,NA,NA
"dummies",NA,NA,"technology_rnr","Identificador de tecnologia usada por el agricultor/Rehabilitacion y renovacion",NA,NA,NA,NA,0,0,0,0,0,0,0,0,0,0,0,0,NA,NA,NA,NA,NA,NA,NA,NA,NA,NA,0,0,NA,NA,NA,NA,NA,NA,NA,NA,NA,NA,NA,NA
"dummies",NA,NA,"technology_shade","Identificador de tecnologia usada por el agricultor/Gestion de la sombra de los arboles",NA,NA,NA,NA,0,0,0,0,0,0,0,0,0,0,0,0,NA,NA,NA,NA,NA,NA,NA,NA,NA,NA,0,0,NA,NA,NA,NA,NA,NA,NA,NA,NA,NA,NA,NA
"dummies",NA,NA,"technology_tissue","Identificador de tecnologia usada por el agricultor/Manejo de tejidos",NA,NA,NA,NA,0,0,0,0,0,0,0,0,0,0,0,0,NA,NA,NA,NA,NA,NA,NA,NA,NA,NA,0,0,NA,NA,NA,NA,NA,NA,NA,NA,NA,NA,NA,NA
"calculate",NA,NA,"telCheck","Numero de telefono del productor",NA,NA,NA,"pulldata('identifiers', 'tel', 'surveyID', ${surveyID})",1,0,0,0,NA,NA,NA,NA,NA,NA,NA,NA,NA,NA,NA,NA,NA,NA,NA,NA,NA,NA,0,1,NA,NA,NA,NA,NA,NA,NA,NA,NA,NA,NA,NA
"decimal",NA,"E57","timeBetweenHarvestAndDelivery","Dado que no beneficia cuantas horas transcurren entre la recoleccion o corte y la entrega al centro de acopio para su despulpado?",TRUE,"${coffeeProcessingDoneOnFarm} = 'N'",".>0",NA,1,0,0,0,NA,NA,NA,NA,NA,NA,NA,NA,NA,NA,NA,NA,NA,NA,NA,NA,NA,NA,1,1,NA,NA,NA,NA,NA,NA,NA,NA,NA,NA,NA,NA
"decimal",NA,"E58","timeBetweenHarvestAndPulping","Cuantas horas transcurren entre la recoleccion o corte y el despulpado?",TRUE,"selected(${coffeeProcessingDoneOnFarm}, 'despulpado')",".>0",NA,1,0,0,0,NA,NA,NA,NA,NA,NA,NA,NA,NA,NA,NA,NA,NA,NA,NA,NA,NA,NA,1,1,NA,NA,NA,NA,NA,NA,NA,NA,NA,NA,NA,NA
"decimal",NA,"E60","timeBetweenPulpingAndWashing","Cuantas horas transcurren entre el despulpado y el lavado?",TRUE,"selected(${coffeeProcessingDoneOnFarm}, 'lavado')",".>0",NA,1,0,0,0,NA,NA,NA,NA,NA,NA,NA,NA,NA,NA,NA,NA,NA,NA,NA,NA,NA,NA,1,1,NA,NA,NA,NA,NA,NA,NA,NA,NA,NA,NA,NA
"end",NA,"end_time","timeEnd","Hora de finalizacion",NA,NA,NA,NA,1,0,0,0,NA,NA,NA,NA,NA,NA,NA,NA,NA,NA,NA,NA,NA,NA,NA,NA,NA,NA,1,1,NA,NA,NA,NA,NA,NA,NA,NA,NA,NA,NA,NA
"decimal",NA,"E61","timeFromWashingToDryCoffee","Cuantas horas transcurren desde el lavado hasta que el cafe esta seco?",TRUE,"selected(${coffeeProcessingDoneOnFarm}, 'secado')",".>0",NA,1,0,0,0,NA,NA,NA,NA,NA,NA,NA,NA,NA,NA,NA,NA,NA,NA,NA,NA,NA,NA,1,1,NA,NA,NA,NA,NA,NA,NA,NA,NA,NA,NA,NA
"start",NA,"start_time","timeStart","Hora de inicio",NA,NA,NA,NA,1,0,0,0,NA,NA,NA,NA,NA,NA,NA,NA,NA,NA,NA,NA,NA,NA,NA,NA,NA,NA,1,1,NA,NA,NA,NA,NA,NA,NA,NA,NA,NA,NA,NA
"select_one","area_units",NA,"totalAreaUnit","Unidad de medida de area",TRUE,NA,NA,NA,0,0,0,1,0,0,0,0,0,0,0,0,2,NA,NA,NA,NA,NA,NA,NA,NA,NA,0,1,NA,"lands",NA,NA,NA,NA,NA,NA,NA,NA,NA,NA
"calculate",NA,NA,"totalAreaUnitLabel","Etiqueta de unidad de medida del area",NA,NA,NA,"if(${totalAreaUnit}='vr', 'Varas', if(${totalAreaUnit}='mz', 'Manzanas', if(${totalAreaUnit}='hectare', 'Hectáreas', if(${totalAreaUnit}='tarea', 'Tareas', if(${totalAreaUnit}='metros2', 'Metros cuadrados', 'Otros')))))",0,0,0,0,0,0,0,0,0,0,0,0,NA,NA,NA,NA,NA,NA,NA,NA,NA,NA,0,1,NA,"lands",NA,NA,NA,NA,NA,NA,NA,NA,NA,NA
"decimal",NA,"E2","totalAreaUsedForAgriculture","Cual fue el area del terreno numero ${landNumber} que uso en agricultura y caficultura?",TRUE,NA,NA,NA,1,0,0,0,0,0,0,0,0,0,0,0,NA,NA,1,NA,NA,NA,NA,NA,NA,NA,1,1,NA,"lands",NA,NA,NA,NA,NA,NA,NA,NA,NA,NA
"calculate",NA,"E4C","totalAreaUsedForAgricultureInHa","Area usada en agricultura, en hectareas",NA,NA,NA,"round(if(selected(${measurementUnitOfArea}, ""vr""),${totalAreaUsedForAgriculture}*0.000070258205,if(selected(${measurementUnitOfArea}, ""mz""),${totalAreaUsedForAgriculture}*0.7,if(selected(${measurementUnitOfArea}, ""tarea""),${totalAreaUsedForAgriculture}*0.06288,if(selected(${measurementUnitOfArea}, ""hectare""),${totalAreaUsedForAgriculture}*1,${totalAreaUsedForAgriculture}*0.0001)) )), 2)",1,0,0,0,0,1,0,0,0,0,0,0,NA,NA,NA,NA,NA,NA,NA,NA,NA,NA,1,1,NA,"lands",2,NA,NA,NA,NA,NA,NA,NA,NA,NA
"calculate",NA,NA,"totalAreaUsedForAgricultureInHa_trr","Area usada en agricultura, en hectareas",NA,NA,NA,NA,1,0,0,0,NA,NA,NA,NA,NA,NA,NA,NA,NA,NA,NA,NA,NA,NA,NA,NA,NA,NA,0,1,NA,NA,2,NA,NA,NA,NA,NA,NA,NA,NA,NA
"decimal",NA,"E43","totalCoffeePlantsOnFarm","Cuantas plantas de cafe tuvo sembradas en la finca para la cosecha 2023/2024?",TRUE,NA,".>0",NA,1,0,0,0,NA,NA,NA,NA,NA,NA,NA,NA,NA,NA,NA,NA,NA,NA,NA,NA,NA,NA,1,1,NA,NA,NA,NA,NA,NA,NA,NA,NA,NA,NA,NA
"decimal",NA,NA,"totalFarmArea","Cual es el area total del terreno numero ${landNumber} que manejo durante la ultima cosecha para agricultura y caficultura?",TRUE,NA,NA,NA,0,1,0,0,0,0,0,0,0,0,0,0,1,NA,NA,NA,NA,NA,NA,NA,NA,NA,0,1,NA,"lands",NA,NA,NA,NA,NA,NA,NA,NA,NA,NA
"calculate",NA,"E3XC","totalFarmAreaInHa","Area total de la finca en hectareas",NA,NA,NA,"round(if(selected(${totalAreaUnit}, ""vr""),${totalFarmArea}*0.000070258205,if(selected(${totalAreaUnit}, ""mz""),${totalFarmArea}*0.7,if(selected(${totalAreaUnit}, ""tarea""),${totalFarmArea}*0.06288,if(selected(${totalAreaUnit}, ""hectare""),${totalFarmArea}*1,${totalFarmArea}*0.0001)) )), 2)",1,0,0,0,0,1,0,0,0,0,0,0,NA,NA,NA,NA,NA,NA,NA,NA,NA,NA,0,1,NA,"lands",NA,NA,NA,NA,NA,NA,NA,NA,NA,NA
"calculate",NA,NA,"totalFarmAreaInHa_trr","Area total de la finca en hectareas",NA,NA,NA,NA,1,0,0,0,NA,NA,NA,NA,NA,NA,NA,NA,NA,NA,NA,NA,NA,NA,NA,NA,NA,NA,0,1,NA,NA,NA,NA,NA,NA,NA,NA,NA,NA,3,NA
"decimal",NA,"E5","totalParcelArea","Cual es el area de la parcela?",TRUE,NA,NA,NA,1,0,0,0,0,0,0,0,0,0,0,0,1,0,0,0,0,0,0,0,0,0,1,0,"area_terr",NA,NA,NA,NA,NA,NA,NA,NA,NA,NA,NA
"decimal",NA,NA,"totalParcelAreaInHa","Cual es el area de la parcela?",NA,NA,NA,NA,1,0,0,0,0,1,0,0,0,0,0,0,NA,NA,NA,NA,NA,NA,NA,NA,NA,NA,1,0,"area_terr",NA,NA,NA,NA,NA,NA,NA,NA,NA,NA,NA
"decimal",NA,NA,"totalParcelAreaInHa_trr","Área de la finca",NA,NA,NA,NA,1,0,0,0,NA,NA,NA,NA,NA,NA,NA,NA,NA,NA,NA,NA,NA,NA,NA,NA,NA,NA,1,0,NA,NA,NA,NA,NA,NA,NA,NA,NA,NA,NA,NA
"calculate",NA,NA,"treatment","Dummy tratamiento",NA,NA,NA,NA,NA,NA,NA,NA,NA,NA,NA,NA,NA,NA,NA,NA,NA,NA,NA,NA,NA,NA,NA,NA,NA,NA,1,1,NA,NA,NA,NA,NA,NA,NA,NA,NA,NA,2,NA
"select_one","sn",NA,"triedFormalCredit","Solicito el hogar creditos o prestamos en el sistema financiero formal (bancos cooperativas de ahorro y credito o microfinancieras) durante el ciclo 2023/2024? Incluso si no accedieron a estos",TRUE,NA,NA,NA,0,0,1,0,NA,NA,NA,NA,NA,NA,NA,NA,NA,NA,NA,NA,NA,NA,NA,NA,NA,NA,0,1,NA,NA,NA,NA,NA,NA,NA,NA,NA,NA,NA,NA
"calculate",NA,"form1","typeCoffeeSoldToBuyer","Identificador de forma de venta",NA,NA,NA,"selected-at(${formInWhichCoffeeWasSold},(position(..)-1))",0,0,0,1,0,0,0,0,0,0,0,0,0,0,0,0,0,1,0,0,1,1,0,1,NA,"sales_process_repeat",NA,NA,NA,NA,NA,NA,NA,NA,NA,NA
"select_multiple","aid","J2","typeOfAidReceived","Que tipo de ayuda ha recibido su hogar por parte del gobierno",TRUE,"receivedGovernmentAid == 'Si'",NA,NA,0,0,0,2,NA,NA,NA,NA,NA,NA,NA,NA,NA,NA,NA,NA,NA,NA,NA,NA,NA,NA,1,0,NA,NA,NA,NA,NA,NA,NA,NA,NA,NA,NA,NA
"select_multiple","aid",NA,"typeOfAidReceived/Agri_Inputs","Que tipo de ayuda ha recibido su hogar por parte del gobierno_Insumos (fertilizantes, semillas, etc.)",NA,NA,NA,NA,0,0,1,0,NA,NA,NA,NA,NA,NA,NA,NA,NA,NA,NA,NA,NA,NA,NA,NA,NA,NA,1,0,NA,NA,NA,NA,NA,NA,NA,NA,NA,NA,NA,NA
"select_multiple","aid",NA,"typeOfAidReceived/Animals","Que tipo de ayuda ha recibido su hogar por parte del gobierno_Animales",NA,NA,NA,NA,0,0,1,0,NA,NA,NA,NA,NA,NA,NA,NA,NA,NA,NA,NA,NA,NA,NA,NA,NA,NA,0,0,NA,NA,NA,NA,NA,NA,NA,NA,NA,NA,NA,NA
"select_multiple","aid",NA,"typeOfAidReceived/Cash","Que tipo de ayuda ha recibido su hogar por parte del gobierno_Dinero",NA,NA,NA,NA,0,0,1,0,NA,NA,NA,NA,NA,NA,NA,NA,NA,NA,NA,NA,NA,NA,NA,NA,NA,NA,1,0,NA,NA,NA,NA,NA,NA,NA,NA,NA,NA,NA,NA
"select_multiple","aid",NA,"typeOfAidReceived/Food","Que tipo de ayuda ha recibido su hogar por parte del gobierno_Alimentos",NA,NA,NA,NA,0,0,1,0,NA,NA,NA,NA,NA,NA,NA,NA,NA,NA,NA,NA,NA,NA,NA,NA,NA,NA,1,0,NA,NA,NA,NA,NA,NA,NA,NA,NA,NA,NA,NA
"select_multiple","aid",NA,"typeOfAidReceived/no_answer","Que tipo de ayuda ha recibido su hogar por parte del gobierno_Sin respuesta",NA,NA,NA,NA,0,0,1,0,NA,NA,NA,NA,NA,NA,NA,NA,NA,NA,NA,NA,NA,NA,NA,NA,NA,NA,0,0,NA,NA,NA,NA,NA,NA,NA,NA,NA,NA,NA,NA
"select_multiple","aid",NA,"typeOfAidReceived/other","Que tipo de ayuda ha recibido su hogar por parte del gobierno_Otros",NA,NA,NA,NA,0,0,1,0,NA,NA,NA,NA,NA,NA,NA,NA,NA,NA,NA,NA,NA,NA,NA,NA,NA,NA,1,0,NA,NA,NA,NA,NA,NA,NA,NA,NA,NA,NA,NA
"select_multiple","buy_cert_which","E81","typeOfCertificationBonus","Que certificacion le pago la bonificacion?",TRUE,"${receivedCertificationBonus} = 'Y'",NA,NA,0,0,0,2,0,0,0,0,0,0,0,0,NA,NA,NA,NA,NA,NA,NA,NA,NA,NA,1,1,"sales_process_repeat","sales_process_repeat",NA,NA,NA,NA,NA,NA,NA,NA,NA,NA
"dummies","buy_cert_which",NA,"typeOfCertificationBonus/4c","Que certificacion le pago la bonificacion?/4C",NA,NA,NA,NA,0,0,1,0,0,0,0,0,0,1,0,0,NA,NA,NA,NA,NA,NA,NA,NA,NA,NA,0,1,"sales_process_repeat","sales_process_repeat",NA,NA,NA,NA,NA,NA,NA,NA,NA,NA
"dummies","buy_cert_which",NA,"typeOfCertificationBonus/4c_typ","Certificacion que pago la bonificacion, por comprador/4C",NA,NA,NA,NA,0,1,0,0,0,1,0,0,0,0,0,0,NA,NA,NA,NA,NA,NA,NA,NA,NA,NA,0,1,"sales_repeat","sales_repeat",NA,NA,NA,NA,NA,NA,NA,NA,NA,NA
"dummies","buy_cert_which",NA,"typeOfCertificationBonus/4c_typ_buy","Certificacion que pago la bonificacion, por comprador/4C",NA,NA,NA,NA,0,1,0,0,NA,NA,NA,NA,NA,NA,NA,NA,NA,NA,NA,NA,NA,NA,NA,NA,NA,NA,0,1,NA,NA,NA,NA,NA,NA,NA,NA,NA,NA,NA,NA
"dummies","buy_cert_which",NA,"typeOfCertificationBonus/café_practices","Que certificacion le pago la bonificacion?/CAFe Practices",NA,NA,NA,NA,0,0,1,0,0,0,0,0,0,1,0,0,NA,NA,NA,NA,NA,NA,NA,NA,NA,NA,0,1,"sales_process_repeat","sales_process_repeat",NA,NA,NA,NA,NA,NA,NA,NA,NA,NA
"dummies","buy_cert_which",NA,"typeOfCertificationBonus/café_practices_typ","Certificacion que pago la bonificacion, por comprador/CAFe Practices",NA,NA,NA,NA,0,1,0,0,0,1,0,0,0,0,0,0,NA,NA,NA,NA,NA,NA,NA,NA,NA,NA,0,1,"sales_repeat","sales_repeat",NA,NA,NA,NA,NA,NA,NA,NA,NA,NA
"dummies","buy_cert_which",NA,"typeOfCertificationBonus/café_practices_typ_buy","Certificacion que pago la bonificacion, por comprador/CAFe Practices",NA,NA,NA,NA,0,1,0,0,NA,NA,NA,NA,NA,NA,NA,NA,NA,NA,NA,NA,NA,NA,NA,NA,NA,NA,0,1,NA,NA,NA,NA,NA,NA,NA,NA,NA,NA,NA,NA
"dummies","buy_cert_which",NA,"typeOfCertificationBonus/dont_know","Que certificacion le pago la bonificacion?/No sabe",NA,NA,NA,NA,0,0,1,0,0,0,0,0,0,1,0,0,NA,NA,NA,NA,NA,NA,NA,NA,NA,NA,0,1,"sales_process_repeat","sales_process_repeat",NA,NA,NA,NA,NA,NA,NA,NA,NA,NA
"dummies","buy_cert_which",NA,"typeOfCertificationBonus/dont_know_typ","Certificacion que pago la bonificacion, por comprador/No sabe",NA,NA,NA,NA,0,1,0,0,0,1,0,0,0,0,0,0,NA,NA,NA,NA,NA,NA,NA,NA,NA,NA,0,1,"sales_repeat","sales_repeat",NA,NA,NA,NA,NA,NA,NA,NA,NA,NA
"dummies","buy_cert_which",NA,"typeOfCertificationBonus/dont_know_typ_buy","Certificacion que pago la bonificacion, por comprador/No sabe",NA,NA,NA,NA,0,1,0,0,NA,NA,NA,NA,NA,NA,NA,NA,NA,NA,NA,NA,NA,NA,NA,NA,NA,NA,0,1,NA,NA,NA,NA,NA,NA,NA,NA,NA,NA,NA,NA
"dummies","buy_cert_which",NA,"typeOfCertificationBonus/fair_trade","Que certificacion le pago la bonificacion?/Fair Trade",NA,NA,NA,NA,0,0,1,0,0,0,0,0,0,1,0,0,NA,NA,NA,NA,NA,NA,NA,NA,NA,NA,1,1,"sales_process_repeat","sales_process_repeat",NA,NA,NA,NA,NA,NA,NA,NA,NA,NA
"dummies","buy_cert_which",NA,"typeOfCertificationBonus/fair_trade_typ","Certificacion que pago la bonificacion, por comprador/Fair Trade",NA,NA,NA,NA,0,1,0,0,0,1,0,0,0,0,0,0,NA,NA,NA,NA,NA,NA,NA,NA,NA,NA,1,1,"sales_repeat","sales_repeat",NA,NA,NA,NA,NA,NA,NA,NA,NA,NA
"dummies","buy_cert_which",NA,"typeOfCertificationBonus/fair_trade_typ_buy","Certificacion que pago la bonificacion, por comprador/Fair Trade",NA,NA,NA,NA,0,1,0,0,NA,NA,NA,NA,NA,NA,NA,NA,NA,NA,NA,NA,NA,NA,NA,NA,NA,NA,1,1,NA,NA,NA,NA,NA,NA,NA,NA,NA,NA,NA,NA
"dummies","buy_cert_which",NA,"typeOfCertificationBonus/nkg","Que certificacion le pago la bonificacion?/NKG - Bloom",NA,NA,NA,NA,0,0,1,0,0,0,0,0,0,1,0,0,NA,NA,NA,NA,NA,NA,NA,NA,NA,NA,0,1,"sales_process_repeat","sales_process_repeat",NA,NA,NA,NA,NA,NA,NA,NA,NA,NA
"dummies","buy_cert_which",NA,"typeOfCertificationBonus/nkg_typ","Certificacion que pago la bonificacion, por comprador/NKG - Bloom",NA,NA,NA,NA,0,1,0,0,0,1,0,0,0,0,0,0,NA,NA,NA,NA,NA,NA,NA,NA,NA,NA,0,1,"sales_repeat","sales_repeat",NA,NA,NA,NA,NA,NA,NA,NA,NA,NA
"dummies","buy_cert_which",NA,"typeOfCertificationBonus/nkg_typ_buy","Certificacion que pago la bonificacion, por comprador/NKG - Bloom",NA,NA,NA,NA,0,1,0,0,NA,NA,NA,NA,NA,NA,NA,NA,NA,NA,NA,NA,NA,NA,NA,NA,NA,NA,0,1,NA,NA,NA,NA,NA,NA,NA,NA,NA,NA,NA,NA
"dummies","buy_cert_which",NA,"typeOfCertificationBonus/organic","Que certificacion le pago la bonificacion?/Organic",NA,NA,NA,NA,0,0,1,0,0,0,0,0,0,1,0,0,NA,NA,NA,NA,NA,NA,NA,NA,NA,NA,1,1,"sales_process_repeat","sales_process_repeat",NA,NA,NA,NA,NA,NA,NA,NA,NA,NA
"dummies","buy_cert_which",NA,"typeOfCertificationBonus/organic_typ","Certificacion que pago la bonificacion, por comprador/Organic",NA,NA,NA,NA,0,1,0,0,0,1,0,0,0,0,0,0,NA,NA,NA,NA,NA,NA,NA,NA,NA,NA,1,1,"sales_repeat","sales_repeat",NA,NA,NA,NA,NA,NA,NA,NA,NA,NA
"dummies","buy_cert_which",NA,"typeOfCertificationBonus/organic_typ_buy","Certificacion que pago la bonificacion, por comprador/Organic",NA,NA,NA,NA,0,1,0,0,NA,NA,NA,NA,NA,NA,NA,NA,NA,NA,NA,NA,NA,NA,NA,NA,NA,NA,1,1,NA,NA,NA,NA,NA,NA,NA,NA,NA,NA,NA,NA
"dummies","buy_cert_which",NA,"typeOfCertificationBonus/other","Que certificacion le pago la bonificacion?/Otro",NA,NA,NA,NA,0,0,1,0,0,0,0,0,0,1,0,0,NA,NA,NA,NA,NA,NA,NA,NA,NA,NA,1,1,"sales_process_repeat","sales_process_repeat",NA,NA,NA,NA,NA,NA,NA,NA,NA,NA
"dummies","buy_cert_which",NA,"typeOfCertificationBonus/other_typ","Certificacion que pago la bonificacion, por comprador/Otro",NA,NA,NA,NA,0,1,0,0,0,1,0,0,0,0,0,0,NA,NA,NA,NA,NA,NA,NA,NA,NA,NA,1,1,"sales_repeat","sales_repeat",NA,NA,NA,NA,NA,NA,NA,NA,NA,NA
"dummies","buy_cert_which",NA,"typeOfCertificationBonus/other_typ_buy","Certificacion que pago la bonificacion, por comprador/Otro",NA,NA,NA,NA,0,1,0,0,NA,NA,NA,NA,NA,NA,NA,NA,NA,NA,NA,NA,NA,NA,NA,NA,NA,NA,1,1,NA,NA,NA,NA,NA,NA,NA,NA,NA,NA,NA,NA
"dummies","buy_cert_which",NA,"typeOfCertificationBonus/rainforest","Que certificacion le pago la bonificacion?/RainForest Alliance",NA,NA,NA,NA,0,0,1,0,0,0,0,0,0,1,0,0,NA,NA,NA,NA,NA,NA,NA,NA,NA,NA,1,1,"sales_process_repeat","sales_process_repeat",NA,NA,NA,NA,NA,NA,NA,NA,NA,NA
"dummies","buy_cert_which",NA,"typeOfCertificationBonus/rainforest_typ","Certificacion que pago la bonificacion, por comprador/RainForest Alliance",NA,NA,NA,NA,0,1,0,0,0,1,0,0,0,0,0,0,NA,NA,NA,NA,NA,NA,NA,NA,NA,NA,1,1,"sales_repeat","sales_repeat",NA,NA,NA,NA,NA,NA,NA,NA,NA,NA
"dummies","buy_cert_which",NA,"typeOfCertificationBonus/rainforest_typ_buy","Certificacion que pago la bonificacion, por comprador/RainForest Alliance",NA,NA,NA,NA,0,1,0,0,NA,NA,NA,NA,NA,NA,NA,NA,NA,NA,NA,NA,NA,NA,NA,NA,NA,NA,1,1,NA,NA,NA,NA,NA,NA,NA,NA,NA,NA,NA,NA
"dummies","buy_cert_which",NA,"typeOfCertificationBonus/utz","Que certificacion le pago la bonificacion?/UTZ Certified",NA,NA,NA,NA,0,0,1,0,0,0,0,0,0,1,0,0,NA,NA,NA,NA,NA,NA,NA,NA,NA,NA,1,1,"sales_process_repeat","sales_process_repeat",NA,NA,NA,NA,NA,NA,NA,NA,NA,NA
"dummies","buy_cert_which",NA,"typeOfCertificationBonus/utz_typ","Certificacion que pago la bonificacion, por comprador/UTZ Certified",NA,NA,NA,NA,0,1,0,0,0,1,0,0,0,0,0,0,NA,NA,NA,NA,NA,NA,NA,NA,NA,NA,1,1,"sales_repeat","sales_repeat",NA,NA,NA,NA,NA,NA,NA,NA,NA,NA
"dummies","buy_cert_which",NA,"typeOfCertificationBonus/utz_typ_buy","Certificacion que pago la bonificacion, por comprador/UTZ Certified",NA,NA,NA,NA,0,1,0,0,NA,NA,NA,NA,NA,NA,NA,NA,NA,NA,NA,NA,NA,NA,NA,NA,NA,NA,1,1,NA,NA,NA,NA,NA,NA,NA,NA,NA,NA,NA,NA
"select_multiple","buy_cert_which",NA,"typeOfCertificationBonus_typ","Certificacion que pago la bonificacion, por comprador",NA,NA,NA,NA,0,0,0,0,0,0,0,0,0,0,0,0,NA,NA,NA,NA,NA,NA,NA,NA,NA,NA,0,1,"sales_repeat","sales_repeat",NA,NA,NA,NA,NA,NA,NA,NA,NA,NA
"select_one","coffee_process","E24","typeOfCoffeeProduced","A que tipo de cafe corresponde esta produccion?",TRUE,NA,NA,NA,0,0,0,0,NA,NA,NA,NA,NA,NA,NA,NA,0,0,0,0,1,0,0,0,0,0,1,1,NA,NA,NA,NA,NA,NA,NA,NA,NA,NA,NA,NA
"dummies","coffee_process",NA,"typeOfCoffeeProduced_cherry","A que tipo de cafe corresponde esta cifra de produccion?/Uva",NA,NA,NA,NA,0,0,1,0,NA,NA,NA,NA,NA,NA,NA,NA,NA,NA,NA,NA,NA,NA,NA,NA,NA,NA,0,1,NA,NA,NA,NA,NA,NA,NA,NA,NA,NA,NA,NA
"dummies","coffee_process",NA,"typeOfCoffeeProduced_dry_parchment","A que tipo de cafe corresponde esta cifra de produccion?/Pergamino seco",NA,NA,NA,NA,0,0,1,0,NA,NA,NA,NA,NA,NA,NA,NA,NA,NA,NA,NA,NA,NA,NA,NA,NA,NA,0,1,NA,NA,NA,NA,NA,NA,NA,NA,NA,NA,NA,NA
"dummies","coffee_process",NA,"typeOfCoffeeProduced_green","A que tipo de cafe corresponde esta cifra de produccion?/Oro",NA,NA,NA,NA,0,0,1,0,NA,NA,NA,NA,NA,NA,NA,NA,NA,NA,NA,NA,NA,NA,NA,NA,NA,NA,0,1,NA,NA,NA,NA,NA,NA,NA,NA,NA,NA,NA,NA
"dummies","coffee_process",NA,"typeOfCoffeeProduced_roasted","A que tipo de cafe corresponde esta cifra de produccion?/Tostado",NA,NA,NA,NA,0,0,1,0,NA,NA,NA,NA,NA,NA,NA,NA,NA,NA,NA,NA,NA,NA,NA,NA,NA,NA,0,1,NA,NA,NA,NA,NA,NA,NA,NA,NA,NA,NA,NA
"dummies","coffee_process",NA,"typeOfCoffeeProduced_soaking_wet_parchment","A que tipo de cafe corresponde esta cifra de produccion?/Pergamino mojado/oreado",NA,NA,NA,NA,0,0,1,0,NA,NA,NA,NA,NA,NA,NA,NA,NA,NA,NA,NA,NA,NA,NA,NA,NA,NA,0,1,NA,NA,NA,NA,NA,NA,NA,NA,NA,NA,NA,NA
"select_multiple","aid","J5","typeOfCommunityGifts","Que tipo de donaciones (regalos) ha recibido su hogar durante la cosecha 2022/2023",TRUE,"receivedCommunityHelp == 'Si'",NA,NA,0,0,0,2,NA,NA,NA,NA,NA,NA,NA,NA,NA,NA,NA,NA,NA,NA,NA,NA,NA,NA,1,0,NA,NA,NA,NA,NA,NA,NA,NA,NA,NA,NA,NA
"select_multiple","aid",NA,"typeOfCommunityGifts/Agri_Inputs","Que tipo de donaciones (regalos) ha recibido su hogar durante la cosecha 2022/2023_Insumos (fertilizantes, semillas, etc.)",NA,NA,NA,NA,0,0,1,0,NA,NA,NA,NA,NA,NA,NA,NA,NA,NA,NA,NA,NA,NA,NA,NA,NA,NA,1,0,NA,NA,NA,NA,NA,NA,NA,NA,NA,NA,NA,NA
"select_multiple","aid",NA,"typeOfCommunityGifts/Animals","Que tipo de donaciones (regalos) ha recibido su hogar durante la cosecha 2022/2023_Animales",NA,NA,NA,NA,0,0,1,0,NA,NA,NA,NA,NA,NA,NA,NA,NA,NA,NA,NA,NA,NA,NA,NA,NA,NA,1,0,NA,NA,NA,NA,NA,NA,NA,NA,NA,NA,NA,NA
"select_multiple","aid",NA,"typeOfCommunityGifts/Cash","Que tipo de donaciones (regalos) ha recibido su hogar durante la cosecha 2022/2023_Dinero",NA,NA,NA,NA,0,0,1,0,NA,NA,NA,NA,NA,NA,NA,NA,NA,NA,NA,NA,NA,NA,NA,NA,NA,NA,1,0,NA,NA,NA,NA,NA,NA,NA,NA,NA,NA,NA,NA
"select_multiple","aid",NA,"typeOfCommunityGifts/Food","Que tipo de donaciones (regalos) ha recibido su hogar durante la cosecha 2022/2023_Alimentos",NA,NA,NA,NA,0,0,1,0,NA,NA,NA,NA,NA,NA,NA,NA,NA,NA,NA,NA,NA,NA,NA,NA,NA,NA,1,0,NA,NA,NA,NA,NA,NA,NA,NA,NA,NA,NA,NA
"select_multiple","aid",NA,"typeOfCommunityGifts/no_answer","Que tipo de donaciones (regalos) ha recibido su hogar durante la cosecha 2022/2023_Sin respuesta",NA,NA,NA,NA,0,0,1,0,NA,NA,NA,NA,NA,NA,NA,NA,NA,NA,NA,NA,NA,NA,NA,NA,NA,NA,1,0,NA,NA,NA,NA,NA,NA,NA,NA,NA,NA,NA,NA
"select_multiple","aid",NA,"typeOfCommunityGifts/other","Que tipo de donaciones (regalos) ha recibido su hogar durante la cosecha 2022/2023_Otros",NA,NA,NA,NA,0,0,1,0,NA,NA,NA,NA,NA,NA,NA,NA,NA,NA,NA,NA,NA,NA,NA,NA,NA,NA,1,0,NA,NA,NA,NA,NA,NA,NA,NA,NA,NA,NA,NA
"select_multiple","group_type","G3","typeOfGroupOrAssociation","A que tipo de grupos o cooperativas pertenecen los miembros del hogar?",TRUE,NA,NA,NA,0,0,0,2,NA,NA,NA,NA,NA,NA,NA,NA,NA,NA,NA,NA,NA,NA,NA,NA,NA,NA,1,0,NA,NA,NA,NA,NA,NA,NA,NA,NA,NA,NA,NA
"select_multiple","group_type",NA,"typeOfGroupOrAssociation/Ag_marketing","A que tipo de grupos o cooperativas pertenecen los miembros del hogar?/Comercializacion agricola",NA,NA,NA,NA,0,0,1,0,NA,NA,NA,NA,NA,NA,NA,NA,NA,NA,NA,NA,NA,NA,NA,NA,NA,NA,1,0,NA,NA,NA,NA,NA,NA,NA,NA,NA,NA,NA,NA
"select_multiple","group_type",NA,"typeOfGroupOrAssociation/Agro_producers","A que tipo de grupos o cooperativas pertenecen los miembros del hogar?/Productores agricolas",NA,NA,NA,NA,0,0,1,0,NA,NA,NA,NA,NA,NA,NA,NA,NA,NA,NA,NA,NA,NA,NA,NA,NA,NA,1,0,NA,NA,NA,NA,NA,NA,NA,NA,NA,NA,NA,NA
"select_multiple","group_type",NA,"typeOfGroupOrAssociation/Lstk_marketing","A que tipo de grupos o cooperativas pertenecen los miembros del hogar?/Comercializacion ganadera",NA,NA,NA,NA,0,0,1,0,NA,NA,NA,NA,NA,NA,NA,NA,NA,NA,NA,NA,NA,NA,NA,NA,NA,NA,0,0,NA,NA,NA,NA,NA,NA,NA,NA,NA,NA,NA,NA
"select_multiple","group_type",NA,"typeOfGroupOrAssociation/Lstk_producers","A que tipo de grupos o cooperativas pertenecen los miembros del hogar?/Productores ganaderos",NA,NA,NA,NA,0,0,1,0,NA,NA,NA,NA,NA,NA,NA,NA,NA,NA,NA,NA,NA,NA,NA,NA,NA,NA,0,0,NA,NA,NA,NA,NA,NA,NA,NA,NA,NA,NA,NA
"select_multiple","group_type",NA,"typeOfGroupOrAssociation/multi_purpose_coop","A que tipo de grupos o cooperativas pertenecen los miembros del hogar?/Cooperativa polivalente",NA,NA,NA,NA,0,0,1,0,NA,NA,NA,NA,NA,NA,NA,NA,NA,NA,NA,NA,NA,NA,NA,NA,NA,NA,1,0,NA,NA,NA,NA,NA,NA,NA,NA,NA,NA,NA,NA
"select_multiple","group_type",NA,"typeOfGroupOrAssociation/other","A que tipo de grupos o cooperativas pertenecen los miembros del hogar?/Otros",NA,NA,NA,NA,0,0,1,0,NA,NA,NA,NA,NA,NA,NA,NA,NA,NA,NA,NA,NA,NA,NA,NA,NA,NA,1,0,NA,NA,NA,NA,NA,NA,NA,NA,NA,NA,NA,NA
"select_multiple","group_type",NA,"typeOfGroupOrAssociation/Save_credit","A que tipo de grupos o cooperativas pertenecen los miembros del hogar?/Ahorro y credito",NA,NA,NA,NA,0,0,1,0,NA,NA,NA,NA,NA,NA,NA,NA,NA,NA,NA,NA,NA,NA,NA,NA,NA,NA,1,0,NA,NA,NA,NA,NA,NA,NA,NA,NA,NA,NA,NA
"select_multiple","group_type",NA,"typeOfGroupOrAssociation/Social_welfare","A que tipo de grupos o cooperativas pertenecen los miembros del hogar?/Asistencia social",NA,NA,NA,NA,0,0,1,0,NA,NA,NA,NA,NA,NA,NA,NA,NA,NA,NA,NA,NA,NA,NA,NA,NA,NA,1,0,NA,NA,NA,NA,NA,NA,NA,NA,NA,NA,NA,NA
"select_multiple","group_type",NA,"typeOfGroupOrAssociation/Water_management","A que tipo de grupos o cooperativas pertenecen los miembros del hogar?/Uso del agua (o Comite de cuenca)",NA,NA,NA,NA,0,0,1,0,NA,NA,NA,NA,NA,NA,NA,NA,NA,NA,NA,NA,NA,NA,NA,NA,NA,NA,1,0,NA,NA,NA,NA,NA,NA,NA,NA,NA,NA,NA,NA
"select_multiple","interventions",NA,"typeofGroupTraining","Sobre que temas de ${TIX} recibio usted entrenamientos grupales como dias de campo o practicas grupales?",TRUE,"${receivedTechnicalAssistance} = 'group' or ${receivedTechnicalAssistance} = 'both'","not((selected(${typeofGroupTraining}, '7') or selected(${typeofGroupTraining}, '12') or selected(${typeofGroupTraining}, '16') or selected(${typeofGroupTraining}, '20') or selected(${typeofGroupTraining}, '23') or selected(${typeofGroupTraining}, '31') or selected(${typeofGroupTraining}, '36') or selected(${typeofGroupTraining}, '41') or selected(${typeofGroupTraining}, '46') or selected(${typeofGroupTraining}, '53')) and count-selected(${typeofGroupTraining}) > 1)",NA,0,0,0,2,0,0,0,0,0,0,0,0,NA,NA,NA,NA,NA,NA,NA,NA,NA,NA,0,1,NA,"tech_repeat",NA,NA,NA,NA,NA,NA,NA,NA,NA,NA
"dummies","interventions",NA,"typeofGroupTraining/1","Sobre que temas de ${TIX} recibio usted entrenamientos grupales como dias de campo o practicas grupales?/Minimo 3 fertilizaciones al ano",NA,NA,NA,NA,0,0,1,0,0,0,0,0,0,1,0,0,NA,NA,NA,NA,NA,NA,NA,NA,NA,NA,0,1,NA,"tech_repeat",NA,NA,NA,NA,NA,NA,NA,NA,NA,NA
"dummies","interventions",NA,"typeofGroupTraining/1_tec","Sobre que temas de ${TIX} recibio usted entrenamientos grupales como dias de campo o practicas grupales?/Minimo 3 fertilizaciones al ano",NA,NA,NA,NA,0,0,1,0,NA,NA,NA,NA,NA,NA,NA,NA,NA,NA,NA,NA,NA,NA,NA,NA,NA,NA,0,1,NA,NA,NA,NA,NA,NA,NA,NA,NA,NA,NA,NA
"dummies","interventions",NA,"typeofGroupTraining/10","Sobre que temas de ${TIX} recibio usted entrenamientos grupales como dias de campo o practicas grupales?/Aplicacion de practicas agricolas climaticamente inteligentes que incluyan acolchado sombra a corto plazo arboles perennes diversificacion",NA,NA,NA,NA,0,0,1,0,0,0,0,0,0,1,0,0,NA,NA,NA,NA,NA,NA,NA,NA,NA,NA,0,1,NA,"tech_repeat",NA,NA,NA,NA,NA,NA,NA,NA,NA,NA
"dummies","interventions",NA,"typeofGroupTraining/10_tec","Sobre que temas de ${TIX} recibio usted entrenamientos grupales como dias de campo o practicas grupales?/Aplicacion de practicas agricolas climaticamente inteligentes que incluyan acolchado sombra a corto plazo arboles perennes diversificacion",NA,NA,NA,NA,0,0,1,0,NA,NA,NA,NA,NA,NA,NA,NA,NA,NA,NA,NA,NA,NA,NA,NA,NA,NA,0,1,NA,NA,NA,NA,NA,NA,NA,NA,NA,NA,NA,NA
"dummies","interventions",NA,"typeofGroupTraining/11","Sobre que temas de ${TIX} recibio usted entrenamientos grupales como dias de campo o practicas grupales?/Conocimiento de la variedad y el origen del material de plantacion",NA,NA,NA,NA,0,0,1,0,0,0,0,0,0,1,0,0,NA,NA,NA,NA,NA,NA,NA,NA,NA,NA,0,1,NA,"tech_repeat",NA,NA,NA,NA,NA,NA,NA,NA,NA,NA
"dummies","interventions",NA,"typeofGroupTraining/11_tec","Sobre que temas de ${TIX} recibio usted entrenamientos grupales como dias de campo o practicas grupales?/Conocimiento de la variedad y el origen del material de plantacion",NA,NA,NA,NA,0,0,1,0,NA,NA,NA,NA,NA,NA,NA,NA,NA,NA,NA,NA,NA,NA,NA,NA,NA,NA,0,1,NA,NA,NA,NA,NA,NA,NA,NA,NA,NA,NA,NA
"dummies","interventions",NA,"typeofGroupTraining/12","Sobre que temas de ${TIX} recibio usted entrenamientos grupales como dias de campo o practicas grupales?/Ninguno de estos",NA,NA,NA,NA,0,0,1,0,0,0,0,0,0,1,0,0,NA,NA,NA,NA,NA,NA,NA,NA,NA,NA,0,1,NA,"tech_repeat",NA,NA,NA,NA,NA,NA,NA,NA,NA,NA
"dummies","interventions",NA,"typeofGroupTraining/12_tec","Sobre que temas de ${TIX} recibio usted entrenamientos grupales como dias de campo o practicas grupales?/Ninguno de estos",NA,NA,NA,NA,0,0,1,0,NA,NA,NA,NA,NA,NA,NA,NA,NA,NA,NA,NA,NA,NA,NA,NA,NA,NA,0,1,NA,NA,NA,NA,NA,NA,NA,NA,NA,NA,NA,NA
"dummies","interventions",NA,"typeofGroupTraining/13","Sobre que temas de ${TIX} recibio usted entrenamientos grupales como dias de campo o practicas grupales?/Emplea metodos para el control de plagas",NA,NA,NA,NA,0,0,1,0,0,0,0,0,0,1,0,0,NA,NA,NA,NA,NA,NA,NA,NA,NA,NA,0,1,NA,"tech_repeat",NA,NA,NA,NA,NA,NA,NA,NA,NA,NA
"dummies","interventions",NA,"typeofGroupTraining/13_tec","Sobre que temas de ${TIX} recibio usted entrenamientos grupales como dias de campo o practicas grupales?/Emplea metodos para el control de plagas",NA,NA,NA,NA,0,0,1,0,NA,NA,NA,NA,NA,NA,NA,NA,NA,NA,NA,NA,NA,NA,NA,NA,NA,NA,0,1,NA,NA,NA,NA,NA,NA,NA,NA,NA,NA,NA,NA
"dummies","interventions",NA,"typeofGroupTraining/14","Sobre que temas de ${TIX} recibio usted entrenamientos grupales como dias de campo o practicas grupales?/Emplea metodos para el control de enfermedades",NA,NA,NA,NA,0,0,1,0,0,0,0,0,0,1,0,0,NA,NA,NA,NA,NA,NA,NA,NA,NA,NA,0,1,NA,"tech_repeat",NA,NA,NA,NA,NA,NA,NA,NA,NA,NA
"dummies","interventions",NA,"typeofGroupTraining/14_tec","Sobre que temas de ${TIX} recibio usted entrenamientos grupales como dias de campo o practicas grupales?/Emplea metodos para el control de enfermedades",NA,NA,NA,NA,0,0,1,0,NA,NA,NA,NA,NA,NA,NA,NA,NA,NA,NA,NA,NA,NA,NA,NA,NA,NA,0,1,NA,NA,NA,NA,NA,NA,NA,NA,NA,NA,NA,NA
"dummies","interventions",NA,"typeofGroupTraining/15","Sobre que temas de ${TIX} recibio usted entrenamientos grupales como dias de campo o practicas grupales?/Utiliza productos autorizados por SENASA",NA,NA,NA,NA,0,0,1,0,0,0,0,0,0,1,0,0,NA,NA,NA,NA,NA,NA,NA,NA,NA,NA,0,1,NA,"tech_repeat",NA,NA,NA,NA,NA,NA,NA,NA,NA,NA
"dummies","interventions",NA,"typeofGroupTraining/15_tec","Sobre que temas de ${TIX} recibio usted entrenamientos grupales como dias de campo o practicas grupales?/Utiliza productos autorizados por SENASA",NA,NA,NA,NA,0,0,1,0,NA,NA,NA,NA,NA,NA,NA,NA,NA,NA,NA,NA,NA,NA,NA,NA,NA,NA,0,1,NA,NA,NA,NA,NA,NA,NA,NA,NA,NA,NA,NA
"dummies","interventions",NA,"typeofGroupTraining/16","Sobre que temas de ${TIX} recibio usted entrenamientos grupales como dias de campo o practicas grupales?/Ninguno de estos",NA,NA,NA,NA,0,0,1,0,0,0,0,0,0,1,0,0,NA,NA,NA,NA,NA,NA,NA,NA,NA,NA,0,1,NA,"tech_repeat",NA,NA,NA,NA,NA,NA,NA,NA,NA,NA
"dummies","interventions",NA,"typeofGroupTraining/16_tec","Sobre que temas de ${TIX} recibio usted entrenamientos grupales como dias de campo o practicas grupales?/Ninguno de estos",NA,NA,NA,NA,0,0,1,0,NA,NA,NA,NA,NA,NA,NA,NA,NA,NA,NA,NA,NA,NA,NA,NA,NA,NA,0,1,NA,NA,NA,NA,NA,NA,NA,NA,NA,NA,NA,NA
"dummies","interventions",NA,"typeofGroupTraining/17","Sobre que temas de ${TIX} recibio usted entrenamientos grupales como dias de campo o practicas grupales?/Seleccion de semillas",NA,NA,NA,NA,0,0,1,0,0,0,0,0,0,1,0,0,NA,NA,NA,NA,NA,NA,NA,NA,NA,NA,0,1,NA,"tech_repeat",NA,NA,NA,NA,NA,NA,NA,NA,NA,NA
"dummies","interventions",NA,"typeofGroupTraining/17_tec","Sobre que temas de ${TIX} recibio usted entrenamientos grupales como dias de campo o practicas grupales?/Seleccion de semillas",NA,NA,NA,NA,0,0,1,0,NA,NA,NA,NA,NA,NA,NA,NA,NA,NA,NA,NA,NA,NA,NA,NA,NA,NA,0,1,NA,NA,NA,NA,NA,NA,NA,NA,NA,NA,NA,NA
"dummies","interventions",NA,"typeofGroupTraining/18","Sobre que temas de ${TIX} recibio usted entrenamientos grupales como dias de campo o practicas grupales?/Desinfeccion del sustrato",NA,NA,NA,NA,0,0,1,0,0,0,0,0,0,1,0,0,NA,NA,NA,NA,NA,NA,NA,NA,NA,NA,0,1,NA,"tech_repeat",NA,NA,NA,NA,NA,NA,NA,NA,NA,NA
"dummies","interventions",NA,"typeofGroupTraining/18_tec","Sobre que temas de ${TIX} recibio usted entrenamientos grupales como dias de campo o practicas grupales?/Desinfeccion del sustrato",NA,NA,NA,NA,0,0,1,0,NA,NA,NA,NA,NA,NA,NA,NA,NA,NA,NA,NA,NA,NA,NA,NA,NA,NA,0,1,NA,NA,NA,NA,NA,NA,NA,NA,NA,NA,NA,NA
"dummies","interventions",NA,"typeofGroupTraining/19","Sobre que temas de ${TIX} recibio usted entrenamientos grupales como dias de campo o practicas grupales?/Aclareo de plantas",NA,NA,NA,NA,0,0,1,0,0,0,0,0,0,1,0,0,NA,NA,NA,NA,NA,NA,NA,NA,NA,NA,0,1,NA,"tech_repeat",NA,NA,NA,NA,NA,NA,NA,NA,NA,NA
"dummies","interventions",NA,"typeofGroupTraining/19_tec","Sobre que temas de ${TIX} recibio usted entrenamientos grupales como dias de campo o practicas grupales?/Aclareo de plantas",NA,NA,NA,NA,0,0,1,0,NA,NA,NA,NA,NA,NA,NA,NA,NA,NA,NA,NA,NA,NA,NA,NA,NA,NA,0,1,NA,NA,NA,NA,NA,NA,NA,NA,NA,NA,NA,NA
"dummies","interventions",NA,"typeofGroupTraining/2","Sobre que temas de ${TIX} recibio usted entrenamientos grupales como dias de campo o practicas grupales?/Fertilizacion basada en analisis del suelo",NA,NA,NA,NA,0,0,1,0,0,0,0,0,0,1,0,0,NA,NA,NA,NA,NA,NA,NA,NA,NA,NA,0,1,NA,"tech_repeat",NA,NA,NA,NA,NA,NA,NA,NA,NA,NA
"dummies","interventions",NA,"typeofGroupTraining/2_tec","Sobre que temas de ${TIX} recibio usted entrenamientos grupales como dias de campo o practicas grupales?/Fertilizacion basada en analisis del suelo",NA,NA,NA,NA,0,0,1,0,NA,NA,NA,NA,NA,NA,NA,NA,NA,NA,NA,NA,NA,NA,NA,NA,NA,NA,0,1,NA,NA,NA,NA,NA,NA,NA,NA,NA,NA,NA,NA
"dummies","interventions",NA,"typeofGroupTraining/20","Sobre que temas de ${TIX} recibio usted entrenamientos grupales como dias de campo o practicas grupales?/Ninguno de estos",NA,NA,NA,NA,0,0,1,0,0,0,0,0,0,1,0,0,NA,NA,NA,NA,NA,NA,NA,NA,NA,NA,0,1,NA,"tech_repeat",NA,NA,NA,NA,NA,NA,NA,NA,NA,NA
"dummies","interventions",NA,"typeofGroupTraining/20_tec","Sobre que temas de ${TIX} recibio usted entrenamientos grupales como dias de campo o practicas grupales?/Ninguno de estos",NA,NA,NA,NA,0,0,1,0,NA,NA,NA,NA,NA,NA,NA,NA,NA,NA,NA,NA,NA,NA,NA,NA,NA,NA,0,1,NA,NA,NA,NA,NA,NA,NA,NA,NA,NA,NA,NA
"dummies","interventions",NA,"typeofGroupTraining/21","Sobre que temas de ${TIX} recibio usted entrenamientos grupales como dias de campo o practicas grupales?/25-50 de sombra dependiendo de la temperatura",NA,NA,NA,NA,0,0,1,0,0,0,0,0,0,1,0,0,NA,NA,NA,NA,NA,NA,NA,NA,NA,NA,0,1,NA,"tech_repeat",NA,NA,NA,NA,NA,NA,NA,NA,NA,NA
"dummies","interventions",NA,"typeofGroupTraining/21_tec","Sobre que temas de ${TIX} recibio usted entrenamientos grupales como dias de campo o practicas grupales?/25-50 de sombra dependiendo de la temperatura",NA,NA,NA,NA,0,0,1,0,NA,NA,NA,NA,NA,NA,NA,NA,NA,NA,NA,NA,NA,NA,NA,NA,NA,NA,0,1,NA,NA,NA,NA,NA,NA,NA,NA,NA,NA,NA,NA
"dummies","interventions",NA,"typeofGroupTraining/22","Sobre que temas de ${TIX} recibio usted entrenamientos grupales como dias de campo o practicas grupales?/Manejo de tejidos y poda de arboles de sombra",NA,NA,NA,NA,0,0,1,0,0,0,0,0,0,1,0,0,NA,NA,NA,NA,NA,NA,NA,NA,NA,NA,0,1,NA,"tech_repeat",NA,NA,NA,NA,NA,NA,NA,NA,NA,NA
"dummies","interventions",NA,"typeofGroupTraining/22_tec","Sobre que temas de ${TIX} recibio usted entrenamientos grupales como dias de campo o practicas grupales?/Manejo de tejidos y poda de arboles de sombra",NA,NA,NA,NA,0,0,1,0,NA,NA,NA,NA,NA,NA,NA,NA,NA,NA,NA,NA,NA,NA,NA,NA,NA,NA,0,1,NA,NA,NA,NA,NA,NA,NA,NA,NA,NA,NA,NA
"dummies","interventions",NA,"typeofGroupTraining/23","Sobre que temas de ${TIX} recibio usted entrenamientos grupales como dias de campo o practicas grupales?/Ninguno de estos",NA,NA,NA,NA,0,0,1,0,0,0,0,0,0,1,0,0,NA,NA,NA,NA,NA,NA,NA,NA,NA,NA,0,1,NA,"tech_repeat",NA,NA,NA,NA,NA,NA,NA,NA,NA,NA
"dummies","interventions",NA,"typeofGroupTraining/23_tec","Sobre que temas de ${TIX} recibio usted entrenamientos grupales como dias de campo o practicas grupales?/Ninguno de estos",NA,NA,NA,NA,0,0,1,0,NA,NA,NA,NA,NA,NA,NA,NA,NA,NA,NA,NA,NA,NA,NA,NA,NA,NA,0,1,NA,NA,NA,NA,NA,NA,NA,NA,NA,NA,NA,NA
"dummies","interventions",NA,"typeofGroupTraining/24","Sobre que temas de ${TIX} recibio usted entrenamientos grupales como dias de campo o practicas grupales?/Barreras vivas",NA,NA,NA,NA,0,0,1,0,0,0,0,0,0,1,0,0,NA,NA,NA,NA,NA,NA,NA,NA,NA,NA,0,1,NA,"tech_repeat",NA,NA,NA,NA,NA,NA,NA,NA,NA,NA
"dummies","interventions",NA,"typeofGroupTraining/24_tec","Sobre que temas de ${TIX} recibio usted entrenamientos grupales como dias de campo o practicas grupales?/Barreras vivas",NA,NA,NA,NA,0,0,1,0,NA,NA,NA,NA,NA,NA,NA,NA,NA,NA,NA,NA,NA,NA,NA,NA,NA,NA,0,1,NA,NA,NA,NA,NA,NA,NA,NA,NA,NA,NA,NA
"dummies","interventions",NA,"typeofGroupTraining/25","Sobre que temas de ${TIX} recibio usted entrenamientos grupales como dias de campo o practicas grupales?/Barreras muertas",NA,NA,NA,NA,0,0,1,0,0,0,0,0,0,1,0,0,NA,NA,NA,NA,NA,NA,NA,NA,NA,NA,0,1,NA,"tech_repeat",NA,NA,NA,NA,NA,NA,NA,NA,NA,NA
"dummies","interventions",NA,"typeofGroupTraining/25_tec","Sobre que temas de ${TIX} recibio usted entrenamientos grupales como dias de campo o practicas grupales?/Barreras muertas",NA,NA,NA,NA,0,0,1,0,NA,NA,NA,NA,NA,NA,NA,NA,NA,NA,NA,NA,NA,NA,NA,NA,NA,NA,0,1,NA,NA,NA,NA,NA,NA,NA,NA,NA,NA,NA,NA
"dummies","interventions",NA,"typeofGroupTraining/26","Sobre que temas de ${TIX} recibio usted entrenamientos grupales como dias de campo o practicas grupales?/Cobertura de suelo",NA,NA,NA,NA,0,0,1,0,0,0,0,0,0,1,0,0,NA,NA,NA,NA,NA,NA,NA,NA,NA,NA,0,1,NA,"tech_repeat",NA,NA,NA,NA,NA,NA,NA,NA,NA,NA
"dummies","interventions",NA,"typeofGroupTraining/26_tec","Sobre que temas de ${TIX} recibio usted entrenamientos grupales como dias de campo o practicas grupales?/Cobertura de suelo",NA,NA,NA,NA,0,0,1,0,NA,NA,NA,NA,NA,NA,NA,NA,NA,NA,NA,NA,NA,NA,NA,NA,NA,NA,0,1,NA,NA,NA,NA,NA,NA,NA,NA,NA,NA,NA,NA
"dummies","interventions",NA,"typeofGroupTraining/27","Sobre que temas de ${TIX} recibio usted entrenamientos grupales como dias de campo o practicas grupales?/Diques",NA,NA,NA,NA,0,0,1,0,0,0,0,0,0,1,0,0,NA,NA,NA,NA,NA,NA,NA,NA,NA,NA,0,1,NA,"tech_repeat",NA,NA,NA,NA,NA,NA,NA,NA,NA,NA
"dummies","interventions",NA,"typeofGroupTraining/27_tec","Sobre que temas de ${TIX} recibio usted entrenamientos grupales como dias de campo o practicas grupales?/Diques",NA,NA,NA,NA,0,0,1,0,NA,NA,NA,NA,NA,NA,NA,NA,NA,NA,NA,NA,NA,NA,NA,NA,NA,NA,0,1,NA,NA,NA,NA,NA,NA,NA,NA,NA,NA,NA,NA
"dummies","interventions",NA,"typeofGroupTraining/28","Sobre que temas de ${TIX} recibio usted entrenamientos grupales como dias de campo o practicas grupales?/Zanjas",NA,NA,NA,NA,0,0,1,0,0,0,0,0,0,1,0,0,NA,NA,NA,NA,NA,NA,NA,NA,NA,NA,0,1,NA,"tech_repeat",NA,NA,NA,NA,NA,NA,NA,NA,NA,NA
"dummies","interventions",NA,"typeofGroupTraining/28_tec","Sobre que temas de ${TIX} recibio usted entrenamientos grupales como dias de campo o practicas grupales?/Zanjas",NA,NA,NA,NA,0,0,1,0,NA,NA,NA,NA,NA,NA,NA,NA,NA,NA,NA,NA,NA,NA,NA,NA,NA,NA,0,1,NA,NA,NA,NA,NA,NA,NA,NA,NA,NA,NA,NA
"dummies","interventions",NA,"typeofGroupTraining/29","Sobre que temas de ${TIX} recibio usted entrenamientos grupales como dias de campo o practicas grupales?/Curvas a nivel",NA,NA,NA,NA,0,0,1,0,0,0,0,0,0,1,0,0,NA,NA,NA,NA,NA,NA,NA,NA,NA,NA,0,1,NA,"tech_repeat",NA,NA,NA,NA,NA,NA,NA,NA,NA,NA
"dummies","interventions",NA,"typeofGroupTraining/29_tec","Sobre que temas de ${TIX} recibio usted entrenamientos grupales como dias de campo o practicas grupales?/Curvas a nivel",NA,NA,NA,NA,0,0,1,0,NA,NA,NA,NA,NA,NA,NA,NA,NA,NA,NA,NA,NA,NA,NA,NA,NA,NA,0,1,NA,NA,NA,NA,NA,NA,NA,NA,NA,NA,NA,NA
"dummies","interventions",NA,"typeofGroupTraining/3","Sobre que temas de ${TIX} recibio usted entrenamientos grupales como dias de campo o practicas grupales?/Dosis ajustada a la edad de la planta",NA,NA,NA,NA,0,0,1,0,0,0,0,0,0,1,0,0,NA,NA,NA,NA,NA,NA,NA,NA,NA,NA,0,1,NA,"tech_repeat",NA,NA,NA,NA,NA,NA,NA,NA,NA,NA
"dummies","interventions",NA,"typeofGroupTraining/3_tec","Sobre que temas de ${TIX} recibio usted entrenamientos grupales como dias de campo o practicas grupales?/Dosis ajustada a la edad de la planta",NA,NA,NA,NA,0,0,1,0,NA,NA,NA,NA,NA,NA,NA,NA,NA,NA,NA,NA,NA,NA,NA,NA,NA,NA,0,1,NA,NA,NA,NA,NA,NA,NA,NA,NA,NA,NA,NA
"dummies","interventions",NA,"typeofGroupTraining/30","Sobre que temas de ${TIX} recibio usted entrenamientos grupales como dias de campo o practicas grupales?/Hierbas estabilizadoras",NA,NA,NA,NA,0,0,1,0,0,0,0,0,0,1,0,0,NA,NA,NA,NA,NA,NA,NA,NA,NA,NA,0,1,NA,"tech_repeat",NA,NA,NA,NA,NA,NA,NA,NA,NA,NA
"dummies","interventions",NA,"typeofGroupTraining/30_tec","Sobre que temas de ${TIX} recibio usted entrenamientos grupales como dias de campo o practicas grupales?/Hierbas estabilizadoras",NA,NA,NA,NA,0,0,1,0,NA,NA,NA,NA,NA,NA,NA,NA,NA,NA,NA,NA,NA,NA,NA,NA,NA,NA,0,1,NA,NA,NA,NA,NA,NA,NA,NA,NA,NA,NA,NA
"dummies","interventions",NA,"typeofGroupTraining/31","Sobre que temas de ${TIX} recibio usted entrenamientos grupales como dias de campo o practicas grupales?/Ninguno de estos",NA,NA,NA,NA,0,0,1,0,0,0,0,0,0,1,0,0,NA,NA,NA,NA,NA,NA,NA,NA,NA,NA,0,1,NA,"tech_repeat",NA,NA,NA,NA,NA,NA,NA,NA,NA,NA
"dummies","interventions",NA,"typeofGroupTraining/31_tec","Sobre que temas de ${TIX} recibio usted entrenamientos grupales como dias de campo o practicas grupales?/Ninguno de estos",NA,NA,NA,NA,0,0,1,0,NA,NA,NA,NA,NA,NA,NA,NA,NA,NA,NA,NA,NA,NA,NA,NA,NA,NA,0,1,NA,NA,NA,NA,NA,NA,NA,NA,NA,NA,NA,NA
"dummies","interventions",NA,"typeofGroupTraining/32","Sobre que temas de ${TIX} recibio usted entrenamientos grupales como dias de campo o practicas grupales?/Resiembra",NA,NA,NA,NA,0,0,1,0,0,0,0,0,0,1,0,0,NA,NA,NA,NA,NA,NA,NA,NA,NA,NA,0,1,NA,"tech_repeat",NA,NA,NA,NA,NA,NA,NA,NA,NA,NA
"dummies","interventions",NA,"typeofGroupTraining/32_tec","Sobre que temas de ${TIX} recibio usted entrenamientos grupales como dias de campo o practicas grupales?/Resiembra",NA,NA,NA,NA,0,0,1,0,NA,NA,NA,NA,NA,NA,NA,NA,NA,NA,NA,NA,NA,NA,NA,NA,NA,NA,0,1,NA,NA,NA,NA,NA,NA,NA,NA,NA,NA,NA,NA
"dummies","interventions",NA,"typeofGroupTraining/33","Sobre que temas de ${TIX} recibio usted entrenamientos grupales como dias de campo o practicas grupales?/Recepa",NA,NA,NA,NA,0,0,1,0,0,0,0,0,0,1,0,0,NA,NA,NA,NA,NA,NA,NA,NA,NA,NA,0,1,NA,"tech_repeat",NA,NA,NA,NA,NA,NA,NA,NA,NA,NA
"dummies","interventions",NA,"typeofGroupTraining/33_tec","Sobre que temas de ${TIX} recibio usted entrenamientos grupales como dias de campo o practicas grupales?/Recepa",NA,NA,NA,NA,0,0,1,0,NA,NA,NA,NA,NA,NA,NA,NA,NA,NA,NA,NA,NA,NA,NA,NA,NA,NA,0,1,NA,NA,NA,NA,NA,NA,NA,NA,NA,NA,NA,NA
"dummies","interventions",NA,"typeofGroupTraining/34","Sobre que temas de ${TIX} recibio usted entrenamientos grupales como dias de campo o practicas grupales?/Sustituir plantas muertas (falla fisica)",NA,NA,NA,NA,0,0,1,0,0,0,0,0,0,1,0,0,NA,NA,NA,NA,NA,NA,NA,NA,NA,NA,0,1,NA,"tech_repeat",NA,NA,NA,NA,NA,NA,NA,NA,NA,NA
"dummies","interventions",NA,"typeofGroupTraining/34_tec","Sobre que temas de ${TIX} recibio usted entrenamientos grupales como dias de campo o practicas grupales?/Sustituir plantas muertas (falla fisica)",NA,NA,NA,NA,0,0,1,0,NA,NA,NA,NA,NA,NA,NA,NA,NA,NA,NA,NA,NA,NA,NA,NA,NA,NA,0,1,NA,NA,NA,NA,NA,NA,NA,NA,NA,NA,NA,NA
"dummies","interventions",NA,"typeofGroupTraining/35","Sobre que temas de ${TIX} recibio usted entrenamientos grupales como dias de campo o practicas grupales?/Siembra nueva",NA,NA,NA,NA,0,0,1,0,0,0,0,0,0,1,0,0,NA,NA,NA,NA,NA,NA,NA,NA,NA,NA,0,1,NA,"tech_repeat",NA,NA,NA,NA,NA,NA,NA,NA,NA,NA
"dummies","interventions",NA,"typeofGroupTraining/35_tec","Sobre que temas de ${TIX} recibio usted entrenamientos grupales como dias de campo o practicas grupales?/Siembra nueva",NA,NA,NA,NA,0,0,1,0,NA,NA,NA,NA,NA,NA,NA,NA,NA,NA,NA,NA,NA,NA,NA,NA,NA,NA,0,1,NA,NA,NA,NA,NA,NA,NA,NA,NA,NA,NA,NA
"dummies","interventions",NA,"typeofGroupTraining/36","Sobre que temas de ${TIX} recibio usted entrenamientos grupales como dias de campo o practicas grupales?/Ninguno de estos",NA,NA,NA,NA,0,0,1,0,0,0,0,0,0,1,0,0,NA,NA,NA,NA,NA,NA,NA,NA,NA,NA,0,1,NA,"tech_repeat",NA,NA,NA,NA,NA,NA,NA,NA,NA,NA
"dummies","interventions",NA,"typeofGroupTraining/36_tec","Sobre que temas de ${TIX} recibio usted entrenamientos grupales como dias de campo o practicas grupales?/Ninguno de estos",NA,NA,NA,NA,0,0,1,0,NA,NA,NA,NA,NA,NA,NA,NA,NA,NA,NA,NA,NA,NA,NA,NA,NA,NA,0,1,NA,NA,NA,NA,NA,NA,NA,NA,NA,NA,NA,NA
"dummies","interventions",NA,"typeofGroupTraining/37","Sobre que temas de ${TIX} recibio usted entrenamientos grupales como dias de campo o practicas grupales?/Poda alta",NA,NA,NA,NA,0,0,1,0,0,0,0,0,0,1,0,0,NA,NA,NA,NA,NA,NA,NA,NA,NA,NA,0,1,NA,"tech_repeat",NA,NA,NA,NA,NA,NA,NA,NA,NA,NA
"dummies","interventions",NA,"typeofGroupTraining/37_tec","Sobre que temas de ${TIX} recibio usted entrenamientos grupales como dias de campo o practicas grupales?/Poda alta",NA,NA,NA,NA,0,0,1,0,NA,NA,NA,NA,NA,NA,NA,NA,NA,NA,NA,NA,NA,NA,NA,NA,NA,NA,0,1,NA,NA,NA,NA,NA,NA,NA,NA,NA,NA,NA,NA
"dummies","interventions",NA,"typeofGroupTraining/38","Sobre que temas de ${TIX} recibio usted entrenamientos grupales como dias de campo o practicas grupales?/Poda baja",NA,NA,NA,NA,0,0,1,0,0,0,0,0,0,1,0,0,NA,NA,NA,NA,NA,NA,NA,NA,NA,NA,0,1,NA,"tech_repeat",NA,NA,NA,NA,NA,NA,NA,NA,NA,NA
"dummies","interventions",NA,"typeofGroupTraining/38_tec","Sobre que temas de ${TIX} recibio usted entrenamientos grupales como dias de campo o practicas grupales?/Poda baja",NA,NA,NA,NA,0,0,1,0,NA,NA,NA,NA,NA,NA,NA,NA,NA,NA,NA,NA,NA,NA,NA,NA,NA,NA,0,1,NA,NA,NA,NA,NA,NA,NA,NA,NA,NA,NA,NA
"dummies","interventions",NA,"typeofGroupTraining/39","Sobre que temas de ${TIX} recibio usted entrenamientos grupales como dias de campo o practicas grupales?/Deshije",NA,NA,NA,NA,0,0,1,0,0,0,0,0,0,1,0,0,NA,NA,NA,NA,NA,NA,NA,NA,NA,NA,0,1,NA,"tech_repeat",NA,NA,NA,NA,NA,NA,NA,NA,NA,NA
"dummies","interventions",NA,"typeofGroupTraining/39_tec","Sobre que temas de ${TIX} recibio usted entrenamientos grupales como dias de campo o practicas grupales?/Deshije",NA,NA,NA,NA,0,0,1,0,NA,NA,NA,NA,NA,NA,NA,NA,NA,NA,NA,NA,NA,NA,NA,NA,NA,NA,0,1,NA,NA,NA,NA,NA,NA,NA,NA,NA,NA,NA,NA
"dummies","interventions",NA,"typeofGroupTraining/4","Sobre que temas de ${TIX} recibio usted entrenamientos grupales como dias de campo o practicas grupales?/Fertilizacion aplicada durante la temporada de lluvias",NA,NA,NA,NA,0,0,1,0,0,0,0,0,0,1,0,0,NA,NA,NA,NA,NA,NA,NA,NA,NA,NA,0,1,NA,"tech_repeat",NA,NA,NA,NA,NA,NA,NA,NA,NA,NA
"dummies","interventions",NA,"typeofGroupTraining/4_tec","Sobre que temas de ${TIX} recibio usted entrenamientos grupales como dias de campo o practicas grupales?/Fertilizacion aplicada durante la temporada de lluvias",NA,NA,NA,NA,0,0,1,0,NA,NA,NA,NA,NA,NA,NA,NA,NA,NA,NA,NA,NA,NA,NA,NA,NA,NA,0,1,NA,NA,NA,NA,NA,NA,NA,NA,NA,NA,NA,NA
"dummies","interventions",NA,"typeofGroupTraining/40","Sobre que temas de ${TIX} recibio usted entrenamientos grupales como dias de campo o practicas grupales?/Descope",NA,NA,NA,NA,0,0,1,0,0,0,0,0,0,1,0,0,NA,NA,NA,NA,NA,NA,NA,NA,NA,NA,0,1,NA,"tech_repeat",NA,NA,NA,NA,NA,NA,NA,NA,NA,NA
"dummies","interventions",NA,"typeofGroupTraining/40_tec","Sobre que temas de ${TIX} recibio usted entrenamientos grupales como dias de campo o practicas grupales?/Descope",NA,NA,NA,NA,0,0,1,0,NA,NA,NA,NA,NA,NA,NA,NA,NA,NA,NA,NA,NA,NA,NA,NA,NA,NA,0,1,NA,NA,NA,NA,NA,NA,NA,NA,NA,NA,NA,NA
"dummies","interventions",NA,"typeofGroupTraining/41","Sobre que temas de ${TIX} recibio usted entrenamientos grupales como dias de campo o practicas grupales?/Ninguno de estos",NA,NA,NA,NA,0,0,1,0,0,0,0,0,0,1,0,0,NA,NA,NA,NA,NA,NA,NA,NA,NA,NA,0,1,NA,"tech_repeat",NA,NA,NA,NA,NA,NA,NA,NA,NA,NA
"dummies","interventions",NA,"typeofGroupTraining/41_tec","Sobre que temas de ${TIX} recibio usted entrenamientos grupales como dias de campo o practicas grupales?/Ninguno de estos",NA,NA,NA,NA,0,0,1,0,NA,NA,NA,NA,NA,NA,NA,NA,NA,NA,NA,NA,NA,NA,NA,NA,NA,NA,0,1,NA,NA,NA,NA,NA,NA,NA,NA,NA,NA,NA,NA
"dummies","interventions",NA,"typeofGroupTraining/42","Sobre que temas de ${TIX} recibio usted entrenamientos grupales como dias de campo o practicas grupales?/Registro de practica",NA,NA,NA,NA,0,0,1,0,0,0,0,0,0,1,0,0,NA,NA,NA,NA,NA,NA,NA,NA,NA,NA,0,1,NA,"tech_repeat",NA,NA,NA,NA,NA,NA,NA,NA,NA,NA
"dummies","interventions",NA,"typeofGroupTraining/42_tec","Sobre que temas de ${TIX} recibio usted entrenamientos grupales como dias de campo o practicas grupales?/Registro de practica",NA,NA,NA,NA,0,0,1,0,NA,NA,NA,NA,NA,NA,NA,NA,NA,NA,NA,NA,NA,NA,NA,NA,NA,NA,0,1,NA,NA,NA,NA,NA,NA,NA,NA,NA,NA,NA,NA
"dummies","interventions",NA,"typeofGroupTraining/43","Sobre que temas de ${TIX} recibio usted entrenamientos grupales como dias de campo o practicas grupales?/Planillas",NA,NA,NA,NA,0,0,1,0,0,0,0,0,0,1,0,0,NA,NA,NA,NA,NA,NA,NA,NA,NA,NA,0,1,NA,"tech_repeat",NA,NA,NA,NA,NA,NA,NA,NA,NA,NA
"dummies","interventions",NA,"typeofGroupTraining/43_tec","Sobre que temas de ${TIX} recibio usted entrenamientos grupales como dias de campo o practicas grupales?/Planillas",NA,NA,NA,NA,0,0,1,0,NA,NA,NA,NA,NA,NA,NA,NA,NA,NA,NA,NA,NA,NA,NA,NA,NA,NA,0,1,NA,NA,NA,NA,NA,NA,NA,NA,NA,NA,NA,NA
"dummies","interventions",NA,"typeofGroupTraining/44","Sobre que temas de ${TIX} recibio usted entrenamientos grupales como dias de campo o practicas grupales?/Gestion contable",NA,NA,NA,NA,0,0,1,0,0,0,0,0,0,1,0,0,NA,NA,NA,NA,NA,NA,NA,NA,NA,NA,0,1,NA,"tech_repeat",NA,NA,NA,NA,NA,NA,NA,NA,NA,NA
"dummies","interventions",NA,"typeofGroupTraining/44_tec","Sobre que temas de ${TIX} recibio usted entrenamientos grupales como dias de campo o practicas grupales?/Gestion contable",NA,NA,NA,NA,0,0,1,0,NA,NA,NA,NA,NA,NA,NA,NA,NA,NA,NA,NA,NA,NA,NA,NA,NA,NA,0,1,NA,NA,NA,NA,NA,NA,NA,NA,NA,NA,NA,NA
"dummies","interventions",NA,"typeofGroupTraining/45","Sobre que temas de ${TIX} recibio usted entrenamientos grupales como dias de campo o practicas grupales?/Planes de inversion",NA,NA,NA,NA,0,0,1,0,0,0,0,0,0,1,0,0,NA,NA,NA,NA,NA,NA,NA,NA,NA,NA,0,1,NA,"tech_repeat",NA,NA,NA,NA,NA,NA,NA,NA,NA,NA
"dummies","interventions",NA,"typeofGroupTraining/45_tec","Sobre que temas de ${TIX} recibio usted entrenamientos grupales como dias de campo o practicas grupales?/Planes de inversion",NA,NA,NA,NA,0,0,1,0,NA,NA,NA,NA,NA,NA,NA,NA,NA,NA,NA,NA,NA,NA,NA,NA,NA,NA,0,1,NA,NA,NA,NA,NA,NA,NA,NA,NA,NA,NA,NA
"dummies","interventions",NA,"typeofGroupTraining/46","Sobre que temas de ${TIX} recibio usted entrenamientos grupales como dias de campo o practicas grupales?/Ninguno de estos",NA,NA,NA,NA,0,0,1,0,0,0,0,0,0,1,0,0,NA,NA,NA,NA,NA,NA,NA,NA,NA,NA,0,1,NA,"tech_repeat",NA,NA,NA,NA,NA,NA,NA,NA,NA,NA
"dummies","interventions",NA,"typeofGroupTraining/46_tec","Sobre que temas de ${TIX} recibio usted entrenamientos grupales como dias de campo o practicas grupales?/Ninguno de estos",NA,NA,NA,NA,0,0,1,0,NA,NA,NA,NA,NA,NA,NA,NA,NA,NA,NA,NA,NA,NA,NA,NA,NA,NA,0,1,NA,NA,NA,NA,NA,NA,NA,NA,NA,NA,NA,NA
"dummies","interventions",NA,"typeofGroupTraining/47","Sobre que temas de ${TIX} recibio usted entrenamientos grupales como dias de campo o practicas grupales?/Calibracion",NA,NA,NA,NA,0,0,1,0,0,0,0,0,0,1,0,0,NA,NA,NA,NA,NA,NA,NA,NA,NA,NA,0,1,NA,"tech_repeat",NA,NA,NA,NA,NA,NA,NA,NA,NA,NA
"dummies","interventions",NA,"typeofGroupTraining/47_tec","Sobre que temas de ${TIX} recibio usted entrenamientos grupales como dias de campo o practicas grupales?/Calibracion",NA,NA,NA,NA,0,0,1,0,NA,NA,NA,NA,NA,NA,NA,NA,NA,NA,NA,NA,NA,NA,NA,NA,NA,NA,0,1,NA,NA,NA,NA,NA,NA,NA,NA,NA,NA,NA,NA
"dummies","interventions",NA,"typeofGroupTraining/48","Sobre que temas de ${TIX} recibio usted entrenamientos grupales como dias de campo o practicas grupales?/Catacion",NA,NA,NA,NA,0,0,1,0,0,0,0,0,0,1,0,0,NA,NA,NA,NA,NA,NA,NA,NA,NA,NA,0,1,NA,"tech_repeat",NA,NA,NA,NA,NA,NA,NA,NA,NA,NA
"dummies","interventions",NA,"typeofGroupTraining/48_tec","Sobre que temas de ${TIX} recibio usted entrenamientos grupales como dias de campo o practicas grupales?/Catacion",NA,NA,NA,NA,0,0,1,0,NA,NA,NA,NA,NA,NA,NA,NA,NA,NA,NA,NA,NA,NA,NA,NA,NA,NA,0,1,NA,NA,NA,NA,NA,NA,NA,NA,NA,NA,NA,NA
"dummies","interventions",NA,"typeofGroupTraining/49","Sobre que temas de ${TIX} recibio usted entrenamientos grupales como dias de campo o practicas grupales?/Control cosecha",NA,NA,NA,NA,0,0,1,0,0,0,0,0,0,1,0,0,NA,NA,NA,NA,NA,NA,NA,NA,NA,NA,0,1,NA,"tech_repeat",NA,NA,NA,NA,NA,NA,NA,NA,NA,NA
"dummies","interventions",NA,"typeofGroupTraining/49_tec","Sobre que temas de ${TIX} recibio usted entrenamientos grupales como dias de campo o practicas grupales?/Control cosecha",NA,NA,NA,NA,0,0,1,0,NA,NA,NA,NA,NA,NA,NA,NA,NA,NA,NA,NA,NA,NA,NA,NA,NA,NA,0,1,NA,NA,NA,NA,NA,NA,NA,NA,NA,NA,NA,NA
"dummies","interventions",NA,"typeofGroupTraining/5","Sobre que temas de ${TIX} recibio usted entrenamientos grupales como dias de campo o practicas grupales?/Fertilizacion basada en las previsiones de cosecha",NA,NA,NA,NA,0,0,1,0,0,0,0,0,0,1,0,0,NA,NA,NA,NA,NA,NA,NA,NA,NA,NA,0,1,NA,"tech_repeat",NA,NA,NA,NA,NA,NA,NA,NA,NA,NA
"dummies","interventions",NA,"typeofGroupTraining/5_tec","Sobre que temas de ${TIX} recibio usted entrenamientos grupales como dias de campo o practicas grupales?/Fertilizacion basada en las previsiones de cosecha",NA,NA,NA,NA,0,0,1,0,NA,NA,NA,NA,NA,NA,NA,NA,NA,NA,NA,NA,NA,NA,NA,NA,NA,NA,0,1,NA,NA,NA,NA,NA,NA,NA,NA,NA,NA,NA,NA
"dummies","interventions",NA,"typeofGroupTraining/50","Sobre que temas de ${TIX} recibio usted entrenamientos grupales como dias de campo o practicas grupales?/Separacion granos cosecha",NA,NA,NA,NA,0,0,1,0,0,0,0,0,0,1,0,0,NA,NA,NA,NA,NA,NA,NA,NA,NA,NA,0,1,NA,"tech_repeat",NA,NA,NA,NA,NA,NA,NA,NA,NA,NA
"dummies","interventions",NA,"typeofGroupTraining/50_tec","Sobre que temas de ${TIX} recibio usted entrenamientos grupales como dias de campo o practicas grupales?/Separacion granos cosecha",NA,NA,NA,NA,0,0,1,0,NA,NA,NA,NA,NA,NA,NA,NA,NA,NA,NA,NA,NA,NA,NA,NA,NA,NA,0,1,NA,NA,NA,NA,NA,NA,NA,NA,NA,NA,NA,NA
"dummies","interventions",NA,"typeofGroupTraining/51","Sobre que temas de ${TIX} recibio usted entrenamientos grupales como dias de campo o practicas grupales?/Mejora de proceso",NA,NA,NA,NA,0,0,1,0,0,0,0,0,0,1,0,0,NA,NA,NA,NA,NA,NA,NA,NA,NA,NA,0,1,NA,"tech_repeat",NA,NA,NA,NA,NA,NA,NA,NA,NA,NA
"dummies","interventions",NA,"typeofGroupTraining/51_tec","Sobre que temas de ${TIX} recibio usted entrenamientos grupales como dias de campo o practicas grupales?/Mejora de proceso",NA,NA,NA,NA,0,0,1,0,NA,NA,NA,NA,NA,NA,NA,NA,NA,NA,NA,NA,NA,NA,NA,NA,NA,NA,0,1,NA,NA,NA,NA,NA,NA,NA,NA,NA,NA,NA,NA
"dummies","interventions",NA,"typeofGroupTraining/52","Sobre que temas de ${TIX} recibio usted entrenamientos grupales como dias de campo o practicas grupales?/Siembra nueva variedad",NA,NA,NA,NA,0,0,1,0,0,0,0,0,0,1,0,0,NA,NA,NA,NA,NA,NA,NA,NA,NA,NA,0,1,NA,"tech_repeat",NA,NA,NA,NA,NA,NA,NA,NA,NA,NA
"dummies","interventions",NA,"typeofGroupTraining/52_tec","Sobre que temas de ${TIX} recibio usted entrenamientos grupales como dias de campo o practicas grupales?/Siembra nueva variedad",NA,NA,NA,NA,0,0,1,0,NA,NA,NA,NA,NA,NA,NA,NA,NA,NA,NA,NA,NA,NA,NA,NA,NA,NA,0,1,NA,NA,NA,NA,NA,NA,NA,NA,NA,NA,NA,NA
"dummies","interventions",NA,"typeofGroupTraining/53","Sobre que temas de ${TIX} recibio usted entrenamientos grupales como dias de campo o practicas grupales?/Ninguno de estos",NA,NA,NA,NA,0,0,1,0,0,0,0,0,0,1,0,0,NA,NA,NA,NA,NA,NA,NA,NA,NA,NA,0,1,NA,"tech_repeat",NA,NA,NA,NA,NA,NA,NA,NA,NA,NA
"dummies","interventions",NA,"typeofGroupTraining/53_tec","Sobre que temas de ${TIX} recibio usted entrenamientos grupales como dias de campo o practicas grupales?/Ninguno de estos",NA,NA,NA,NA,0,0,1,0,NA,NA,NA,NA,NA,NA,NA,NA,NA,NA,NA,NA,NA,NA,NA,NA,NA,NA,0,1,NA,NA,NA,NA,NA,NA,NA,NA,NA,NA,NA,NA
"dummies","interventions",NA,"typeofGroupTraining/54","Sobre que temas de ${TIX} recibio usted entrenamientos grupales como dias de campo o practicas grupales?/Poda de bandolas (poda sanitaria)",NA,NA,NA,NA,0,0,1,0,0,0,0,0,0,1,0,0,NA,NA,NA,NA,NA,NA,NA,NA,NA,NA,0,1,NA,"tech_repeat",NA,NA,NA,NA,NA,NA,NA,NA,NA,NA
"dummies","interventions",NA,"typeofGroupTraining/54_tec","Sobre que temas de ${TIX} recibio usted entrenamientos grupales como dias de campo o practicas grupales?/Poda de bandolas (poda sanitaria)",NA,NA,NA,NA,0,0,1,0,NA,NA,NA,NA,NA,NA,NA,NA,NA,NA,NA,NA,NA,NA,NA,NA,NA,NA,0,1,NA,NA,NA,NA,NA,NA,NA,NA,NA,NA,NA,NA
"dummies","interventions",NA,"typeofGroupTraining/56","Sobre que temas de ${TIX} recibio usted entrenamientos grupales como dias de campo o practicas grupales?/Otros",NA,NA,NA,NA,0,0,1,0,0,0,0,0,0,1,0,0,NA,NA,NA,NA,NA,NA,NA,NA,NA,NA,0,1,NA,"tech_repeat",NA,NA,NA,NA,NA,NA,NA,NA,NA,NA
"dummies","interventions",NA,"typeofGroupTraining/56_tec","Sobre que temas de ${TIX} recibio usted entrenamientos grupales como dias de campo o practicas grupales?/Otros",NA,NA,NA,NA,0,0,1,0,NA,NA,NA,NA,NA,NA,NA,NA,NA,NA,NA,NA,NA,NA,NA,NA,NA,NA,0,1,NA,NA,NA,NA,NA,NA,NA,NA,NA,NA,NA,NA
"dummies","interventions",NA,"typeofGroupTraining/6","Sobre que temas de ${TIX} recibio usted entrenamientos grupales como dias de campo o practicas grupales?/Uso de abono organico para reducir el coste",NA,NA,NA,NA,0,0,1,0,0,0,0,0,0,1,0,0,NA,NA,NA,NA,NA,NA,NA,NA,NA,NA,0,1,NA,"tech_repeat",NA,NA,NA,NA,NA,NA,NA,NA,NA,NA
"dummies","interventions",NA,"typeofGroupTraining/6_tec","Sobre que temas de ${TIX} recibio usted entrenamientos grupales como dias de campo o practicas grupales?/Uso de abono organico para reducir el coste",NA,NA,NA,NA,0,0,1,0,NA,NA,NA,NA,NA,NA,NA,NA,NA,NA,NA,NA,NA,NA,NA,NA,NA,NA,0,1,NA,NA,NA,NA,NA,NA,NA,NA,NA,NA,NA,NA
"dummies","interventions",NA,"typeofGroupTraining/7","Sobre que temas de ${TIX} recibio usted entrenamientos grupales como dias de campo o practicas grupales?/Ninguno de estos",NA,NA,NA,NA,0,0,1,0,0,0,0,0,0,1,0,0,NA,NA,NA,NA,NA,NA,NA,NA,NA,NA,0,1,NA,"tech_repeat",NA,NA,NA,NA,NA,NA,NA,NA,NA,NA
"dummies","interventions",NA,"typeofGroupTraining/7_tec","Sobre que temas de ${TIX} recibio usted entrenamientos grupales como dias de campo o practicas grupales?/Ninguno de estos",NA,NA,NA,NA,0,0,1,0,NA,NA,NA,NA,NA,NA,NA,NA,NA,NA,NA,NA,NA,NA,NA,NA,NA,NA,0,1,NA,NA,NA,NA,NA,NA,NA,NA,NA,NA,NA,NA
"dummies","interventions",NA,"typeofGroupTraining/8","Sobre que temas de ${TIX} recibio usted entrenamientos grupales como dias de campo o practicas grupales?/Densidad de plantacion 3000-4000 plantas/mz",NA,NA,NA,NA,0,0,1,0,0,0,0,0,0,1,0,0,NA,NA,NA,NA,NA,NA,NA,NA,NA,NA,0,1,NA,"tech_repeat",NA,NA,NA,NA,NA,NA,NA,NA,NA,NA
"dummies","interventions",NA,"typeofGroupTraining/8_tec","Sobre que temas de ${TIX} recibio usted entrenamientos grupales como dias de campo o practicas grupales?/Densidad de plantacion 3000-4000 plantas/mz",NA,NA,NA,NA,0,0,1,0,NA,NA,NA,NA,NA,NA,NA,NA,NA,NA,NA,NA,NA,NA,NA,NA,NA,NA,0,1,NA,NA,NA,NA,NA,NA,NA,NA,NA,NA,NA,NA
"dummies","interventions",NA,"typeofGroupTraining/9","Sobre que temas de ${TIX} recibio usted entrenamientos grupales como dias de campo o practicas grupales?/Renovacion de plantas enfermas y agotadas (plantas de mas de 20 anos)",NA,NA,NA,NA,0,0,1,0,0,0,0,0,0,1,0,0,NA,NA,NA,NA,NA,NA,NA,NA,NA,NA,0,1,NA,"tech_repeat",NA,NA,NA,NA,NA,NA,NA,NA,NA,NA
"dummies","interventions",NA,"typeofGroupTraining/9_tec","Sobre que temas de ${TIX} recibio usted entrenamientos grupales como dias de campo o practicas grupales?/Renovacion de plantas enfermas y agotadas (plantas de mas de 20 anos)",NA,NA,NA,NA,0,0,1,0,NA,NA,NA,NA,NA,NA,NA,NA,NA,NA,NA,NA,NA,NA,NA,NA,NA,NA,0,1,NA,NA,NA,NA,NA,NA,NA,NA,NA,NA,NA,NA
"select_one","tenancy_house","C10","typeOfHousingOccupied","La vivienda que ocupa actualmente este hogar es propia prestada o alquilada?",TRUE,NA,NA,NA,0,0,0,1,NA,NA,NA,NA,NA,NA,NA,NA,NA,NA,NA,NA,NA,NA,NA,NA,NA,NA,1,1,NA,NA,NA,NA,NA,NA,NA,NA,NA,NA,NA,NA
"dummies","tenancy_house",NA,"typeOfHousingOccupied_alquilada","La vivienda que ocupa actualmente este hogar es /Alquilada",NA,NA,NA,NA,0,0,1,0,NA,NA,NA,NA,NA,NA,NA,NA,NA,NA,NA,NA,NA,NA,NA,NA,NA,NA,1,1,NA,NA,NA,NA,NA,NA,NA,NA,NA,NA,NA,NA
"dummies","tenancy_house",NA,"typeOfHousingOccupied_familiar","La vivienda que ocupa actualmente este hogar es /De un familiar",NA,NA,NA,NA,0,0,1,0,NA,NA,NA,NA,NA,NA,NA,NA,NA,NA,NA,NA,NA,NA,NA,NA,NA,NA,1,1,NA,NA,NA,NA,NA,NA,NA,NA,NA,NA,NA,NA
"dummies","tenancy_house",NA,"typeOfHousingOccupied_otra","La vivienda que ocupa actualmente este hogar es /Otra",NA,NA,NA,NA,0,0,1,0,NA,NA,NA,NA,NA,NA,NA,NA,NA,NA,NA,NA,NA,NA,NA,NA,NA,NA,1,1,NA,NA,NA,NA,NA,NA,NA,NA,NA,NA,NA,NA
"dummies","tenancy_house",NA,"typeOfHousingOccupied_prestada","La vivienda que ocupa actualmente este hogar es /Prestada",NA,NA,NA,NA,0,0,1,0,NA,NA,NA,NA,NA,NA,NA,NA,NA,NA,NA,NA,NA,NA,NA,NA,NA,NA,1,1,NA,NA,NA,NA,NA,NA,NA,NA,NA,NA,NA,NA
"dummies","tenancy_house",NA,"typeOfHousingOccupied_propia","La vivienda que ocupa actualmente este hogar es /Propia",NA,NA,NA,NA,0,0,1,0,NA,NA,NA,NA,NA,NA,NA,NA,NA,NA,NA,NA,NA,NA,NA,NA,NA,NA,1,1,NA,NA,NA,NA,NA,NA,NA,NA,NA,NA,NA,NA
"select_multiple","b3","B3","typeOfSupportFromIntermediary","Que tipo de apoyo o recursos ha recibido de parte del intermediario?",TRUE,NA,NA,NA,0,0,0,2,NA,NA,NA,NA,NA,NA,NA,NA,NA,NA,NA,NA,NA,NA,NA,NA,NA,NA,1,0,NA,NA,NA,NA,NA,NA,NA,NA,NA,NA,NA,NA
"select_multiple","b3",NA,"typeOfSupportFromIntermediary/coffee_loans","Que tipo de apoyo o recursos ha recibido de parte del intermediario?/Prestamos para el cafe o anticipos",NA,NA,NA,NA,0,0,1,0,NA,NA,NA,NA,NA,NA,NA,NA,NA,NA,NA,NA,NA,NA,NA,NA,NA,NA,1,0,NA,NA,NA,NA,NA,NA,NA,NA,NA,NA,NA,NA
"select_multiple","b3",NA,"typeOfSupportFromIntermediary/inputs","Que tipo de apoyo o recursos ha recibido de parte del intermediario?/Insumos o apoyo en especie",NA,NA,NA,NA,0,0,1,0,NA,NA,NA,NA,NA,NA,NA,NA,NA,NA,NA,NA,NA,NA,NA,NA,NA,NA,1,0,NA,NA,NA,NA,NA,NA,NA,NA,NA,NA,NA,NA
"select_multiple","b3",NA,"typeOfSupportFromIntermediary/no_answer","Que tipo de apoyo o recursos ha recibido de parte del intermediario?/Sin respuesta",NA,NA,NA,NA,0,0,1,0,NA,NA,NA,NA,NA,NA,NA,NA,NA,NA,NA,NA,NA,NA,NA,NA,NA,NA,0,0,NA,NA,NA,NA,NA,NA,NA,NA,NA,NA,NA,NA
"select_multiple","b3",NA,"typeOfSupportFromIntermediary/none","Que tipo de apoyo o recursos ha recibido de parte del intermediario?/Ninguno",NA,NA,NA,NA,0,0,1,0,NA,NA,NA,NA,NA,NA,NA,NA,NA,NA,NA,NA,NA,NA,NA,NA,NA,NA,1,0,NA,NA,NA,NA,NA,NA,NA,NA,NA,NA,NA,NA
"select_multiple","b3",NA,"typeOfSupportFromIntermediary/personal_loans","Que tipo de apoyo o recursos ha recibido de parte del intermediario?/Prestamos personales",NA,NA,NA,NA,0,0,1,0,NA,NA,NA,NA,NA,NA,NA,NA,NA,NA,NA,NA,NA,NA,NA,NA,NA,NA,1,0,NA,NA,NA,NA,NA,NA,NA,NA,NA,NA,NA,NA
"select_multiple","b3",NA,"typeOfSupportFromIntermediary/technical_assistance","Que tipo de apoyo o recursos ha recibido de parte del intermediario?/Asistencia Tecnica",NA,NA,NA,NA,0,0,1,0,NA,NA,NA,NA,NA,NA,NA,NA,NA,NA,NA,NA,NA,NA,NA,NA,NA,NA,1,0,NA,NA,NA,NA,NA,NA,NA,NA,NA,NA,NA,NA
"select_multiple","interventions",NA,"typeOfTechnicalAssistance","Sobre que practicas relacionadas a ${TIX} recibio usted asistencia tecnica individual?",TRUE,"${receivedTechnicalAssistance} = 'indiv' or ${receivedTechnicalAssistance} = 'both'","not((selected(${typeOfTechnicalAssistance}, '7') or selected(${typeOfTechnicalAssistance}, '12') or selected(${typeOfTechnicalAssistance}, '16') or selected(${typeOfTechnicalAssistance}, '20') or selected(${typeOfTechnicalAssistance}, '23') or selected(${typeOfTechnicalAssistance}, '31') or selected(${typeOfTechnicalAssistance}, '36') or selected(${typeOfTechnicalAssistance}, '41') or selected(${typeOfTechnicalAssistance}, '46') or selected(${typeOfTechnicalAssistance}, '53')) and count-selected(${typeOfTechnicalAssistance}) > 1)",NA,0,0,0,2,0,0,0,0,0,0,0,0,NA,NA,NA,NA,NA,NA,NA,NA,NA,NA,0,1,NA,"tech_repeat",NA,NA,NA,NA,NA,NA,NA,NA,NA,NA
"dummies","interventions",NA,"typeOfTechnicalAssistance/1","Sobre que practicas relacionadas a ${TIX} recibio usted asistencia tecnica individual?/Minimo 3 fertilizaciones al ano",NA,NA,NA,NA,0,0,1,0,0,0,0,0,0,1,0,0,NA,NA,NA,NA,NA,NA,NA,NA,NA,NA,0,1,NA,"tech_repeat",NA,NA,NA,NA,NA,NA,NA,NA,NA,NA
"dummies","interventions",NA,"typeOfTechnicalAssistance/1_tec","Sobre que practicas relacionadas a ${TIX} recibio usted asistencia tecnica individual?/Minimo 3 fertilizaciones al ano",NA,NA,NA,NA,0,0,1,0,NA,NA,NA,NA,NA,NA,NA,NA,NA,NA,NA,NA,NA,NA,NA,NA,NA,NA,0,1,NA,NA,NA,NA,NA,NA,NA,NA,NA,NA,NA,NA
"dummies","interventions",NA,"typeOfTechnicalAssistance/10","Sobre que practicas relacionadas a ${TIX} recibio usted asistencia tecnica individual?/Aplicacion de practicas agricolas climaticamente inteligentes que incluyan acolchado sombra a corto plazo arboles perennes diversificacion",NA,NA,NA,NA,0,0,1,0,0,0,0,0,0,1,0,0,NA,NA,NA,NA,NA,NA,NA,NA,NA,NA,0,1,NA,"tech_repeat",NA,NA,NA,NA,NA,NA,NA,NA,NA,NA
"dummies","interventions",NA,"typeOfTechnicalAssistance/10_tec","Sobre que practicas relacionadas a ${TIX} recibio usted asistencia tecnica individual?/Aplicacion de practicas agricolas climaticamente inteligentes que incluyan acolchado sombra a corto plazo arboles perennes diversificacion",NA,NA,NA,NA,0,0,1,0,NA,NA,NA,NA,NA,NA,NA,NA,NA,NA,NA,NA,NA,NA,NA,NA,NA,NA,0,1,NA,NA,NA,NA,NA,NA,NA,NA,NA,NA,NA,NA
"dummies","interventions",NA,"typeOfTechnicalAssistance/11","Sobre que practicas relacionadas a ${TIX} recibio usted asistencia tecnica individual?/Conocimiento de la variedad y el origen del material de plantacion",NA,NA,NA,NA,0,0,1,0,0,0,0,0,0,1,0,0,NA,NA,NA,NA,NA,NA,NA,NA,NA,NA,0,1,NA,"tech_repeat",NA,NA,NA,NA,NA,NA,NA,NA,NA,NA
"dummies","interventions",NA,"typeOfTechnicalAssistance/11_tec","Sobre que practicas relacionadas a ${TIX} recibio usted asistencia tecnica individual?/Conocimiento de la variedad y el origen del material de plantacion",NA,NA,NA,NA,0,0,1,0,NA,NA,NA,NA,NA,NA,NA,NA,NA,NA,NA,NA,NA,NA,NA,NA,NA,NA,0,1,NA,NA,NA,NA,NA,NA,NA,NA,NA,NA,NA,NA
"dummies","interventions",NA,"typeOfTechnicalAssistance/12","Sobre que practicas relacionadas a ${TIX} recibio usted asistencia tecnica individual?/Ninguno de estos",NA,NA,NA,NA,0,0,1,0,0,0,0,0,0,1,0,0,NA,NA,NA,NA,NA,NA,NA,NA,NA,NA,0,1,NA,"tech_repeat",NA,NA,NA,NA,NA,NA,NA,NA,NA,NA
"dummies","interventions",NA,"typeOfTechnicalAssistance/12_tec","Sobre que practicas relacionadas a ${TIX} recibio usted asistencia tecnica individual?/Ninguno de estos",NA,NA,NA,NA,0,0,1,0,NA,NA,NA,NA,NA,NA,NA,NA,NA,NA,NA,NA,NA,NA,NA,NA,NA,NA,0,1,NA,NA,NA,NA,NA,NA,NA,NA,NA,NA,NA,NA
"dummies","interventions",NA,"typeOfTechnicalAssistance/13","Sobre que practicas relacionadas a ${TIX} recibio usted asistencia tecnica individual?/Emplea metodos para el control de plagas",NA,NA,NA,NA,0,0,1,0,0,0,0,0,0,1,0,0,NA,NA,NA,NA,NA,NA,NA,NA,NA,NA,0,1,NA,"tech_repeat",NA,NA,NA,NA,NA,NA,NA,NA,NA,NA
"dummies","interventions",NA,"typeOfTechnicalAssistance/13_tec","Sobre que practicas relacionadas a ${TIX} recibio usted asistencia tecnica individual?/Emplea metodos para el control de plagas",NA,NA,NA,NA,0,0,1,0,NA,NA,NA,NA,NA,NA,NA,NA,NA,NA,NA,NA,NA,NA,NA,NA,NA,NA,0,1,NA,NA,NA,NA,NA,NA,NA,NA,NA,NA,NA,NA
"dummies","interventions",NA,"typeOfTechnicalAssistance/14","Sobre que practicas relacionadas a ${TIX} recibio usted asistencia tecnica individual?/Emplea metodos para el control de enfermedades",NA,NA,NA,NA,0,0,1,0,0,0,0,0,0,1,0,0,NA,NA,NA,NA,NA,NA,NA,NA,NA,NA,0,1,NA,"tech_repeat",NA,NA,NA,NA,NA,NA,NA,NA,NA,NA
"dummies","interventions",NA,"typeOfTechnicalAssistance/14_tec","Sobre que practicas relacionadas a ${TIX} recibio usted asistencia tecnica individual?/Emplea metodos para el control de enfermedades",NA,NA,NA,NA,0,0,1,0,NA,NA,NA,NA,NA,NA,NA,NA,NA,NA,NA,NA,NA,NA,NA,NA,NA,NA,0,1,NA,NA,NA,NA,NA,NA,NA,NA,NA,NA,NA,NA
"dummies","interventions",NA,"typeOfTechnicalAssistance/15","Sobre que practicas relacionadas a ${TIX} recibio usted asistencia tecnica individual?/Utiliza productos autorizados por SENASA",NA,NA,NA,NA,0,0,1,0,0,0,0,0,0,1,0,0,NA,NA,NA,NA,NA,NA,NA,NA,NA,NA,0,1,NA,"tech_repeat",NA,NA,NA,NA,NA,NA,NA,NA,NA,NA
"dummies","interventions",NA,"typeOfTechnicalAssistance/15_tec","Sobre que practicas relacionadas a ${TIX} recibio usted asistencia tecnica individual?/Utiliza productos autorizados por SENASA",NA,NA,NA,NA,0,0,1,0,NA,NA,NA,NA,NA,NA,NA,NA,NA,NA,NA,NA,NA,NA,NA,NA,NA,NA,0,1,NA,NA,NA,NA,NA,NA,NA,NA,NA,NA,NA,NA
"dummies","interventions",NA,"typeOfTechnicalAssistance/16","Sobre que practicas relacionadas a ${TIX} recibio usted asistencia tecnica individual?/Ninguno de estos",NA,NA,NA,NA,0,0,1,0,0,0,0,0,0,1,0,0,NA,NA,NA,NA,NA,NA,NA,NA,NA,NA,0,1,NA,"tech_repeat",NA,NA,NA,NA,NA,NA,NA,NA,NA,NA
"dummies","interventions",NA,"typeOfTechnicalAssistance/16_tec","Sobre que practicas relacionadas a ${TIX} recibio usted asistencia tecnica individual?/Ninguno de estos",NA,NA,NA,NA,0,0,1,0,NA,NA,NA,NA,NA,NA,NA,NA,NA,NA,NA,NA,NA,NA,NA,NA,NA,NA,0,1,NA,NA,NA,NA,NA,NA,NA,NA,NA,NA,NA,NA
"dummies","interventions",NA,"typeOfTechnicalAssistance/17","Sobre que practicas relacionadas a ${TIX} recibio usted asistencia tecnica individual?/Seleccion de semillas",NA,NA,NA,NA,0,0,1,0,0,0,0,0,0,1,0,0,NA,NA,NA,NA,NA,NA,NA,NA,NA,NA,0,1,NA,"tech_repeat",NA,NA,NA,NA,NA,NA,NA,NA,NA,NA
"dummies","interventions",NA,"typeOfTechnicalAssistance/17_tec","Sobre que practicas relacionadas a ${TIX} recibio usted asistencia tecnica individual?/Seleccion de semillas",NA,NA,NA,NA,0,0,1,0,NA,NA,NA,NA,NA,NA,NA,NA,NA,NA,NA,NA,NA,NA,NA,NA,NA,NA,0,1,NA,NA,NA,NA,NA,NA,NA,NA,NA,NA,NA,NA
"dummies","interventions",NA,"typeOfTechnicalAssistance/18","Sobre que practicas relacionadas a ${TIX} recibio usted asistencia tecnica individual?/Desinfeccion del sustrato",NA,NA,NA,NA,0,0,1,0,0,0,0,0,0,1,0,0,NA,NA,NA,NA,NA,NA,NA,NA,NA,NA,0,1,NA,"tech_repeat",NA,NA,NA,NA,NA,NA,NA,NA,NA,NA
"dummies","interventions",NA,"typeOfTechnicalAssistance/18_tec","Sobre que practicas relacionadas a ${TIX} recibio usted asistencia tecnica individual?/Desinfeccion del sustrato",NA,NA,NA,NA,0,0,1,0,NA,NA,NA,NA,NA,NA,NA,NA,NA,NA,NA,NA,NA,NA,NA,NA,NA,NA,0,1,NA,NA,NA,NA,NA,NA,NA,NA,NA,NA,NA,NA
"dummies","interventions",NA,"typeOfTechnicalAssistance/19","Sobre que practicas relacionadas a ${TIX} recibio usted asistencia tecnica individual?/Aclareo de plantas",NA,NA,NA,NA,0,0,1,0,0,0,0,0,0,1,0,0,NA,NA,NA,NA,NA,NA,NA,NA,NA,NA,0,1,NA,"tech_repeat",NA,NA,NA,NA,NA,NA,NA,NA,NA,NA
"dummies","interventions",NA,"typeOfTechnicalAssistance/19_tec","Sobre que practicas relacionadas a ${TIX} recibio usted asistencia tecnica individual?/Aclareo de plantas",NA,NA,NA,NA,0,0,1,0,NA,NA,NA,NA,NA,NA,NA,NA,NA,NA,NA,NA,NA,NA,NA,NA,NA,NA,0,1,NA,NA,NA,NA,NA,NA,NA,NA,NA,NA,NA,NA
"dummies","interventions",NA,"typeOfTechnicalAssistance/2","Sobre que practicas relacionadas a ${TIX} recibio usted asistencia tecnica individual?/Fertilizacion basada en analisis del suelo",NA,NA,NA,NA,0,0,1,0,0,0,0,0,0,1,0,0,NA,NA,NA,NA,NA,NA,NA,NA,NA,NA,0,1,NA,"tech_repeat",NA,NA,NA,NA,NA,NA,NA,NA,NA,NA
"dummies","interventions",NA,"typeOfTechnicalAssistance/2_tec","Sobre que practicas relacionadas a ${TIX} recibio usted asistencia tecnica individual?/Fertilizacion basada en analisis del suelo",NA,NA,NA,NA,0,0,1,0,NA,NA,NA,NA,NA,NA,NA,NA,NA,NA,NA,NA,NA,NA,NA,NA,NA,NA,0,1,NA,NA,NA,NA,NA,NA,NA,NA,NA,NA,NA,NA
"dummies","interventions",NA,"typeOfTechnicalAssistance/20","Sobre que practicas relacionadas a ${TIX} recibio usted asistencia tecnica individual?/Ninguno de estos",NA,NA,NA,NA,0,0,1,0,0,0,0,0,0,1,0,0,NA,NA,NA,NA,NA,NA,NA,NA,NA,NA,0,1,NA,"tech_repeat",NA,NA,NA,NA,NA,NA,NA,NA,NA,NA
"dummies","interventions",NA,"typeOfTechnicalAssistance/20_tec","Sobre que practicas relacionadas a ${TIX} recibio usted asistencia tecnica individual?/Ninguno de estos",NA,NA,NA,NA,0,0,1,0,NA,NA,NA,NA,NA,NA,NA,NA,NA,NA,NA,NA,NA,NA,NA,NA,NA,NA,0,1,NA,NA,NA,NA,NA,NA,NA,NA,NA,NA,NA,NA
"dummies","interventions",NA,"typeOfTechnicalAssistance/21","Sobre que practicas relacionadas a ${TIX} recibio usted asistencia tecnica individual?/25-50 de sombra dependiendo de la temperatura",NA,NA,NA,NA,0,0,1,0,0,0,0,0,0,1,0,0,NA,NA,NA,NA,NA,NA,NA,NA,NA,NA,0,1,NA,"tech_repeat",NA,NA,NA,NA,NA,NA,NA,NA,NA,NA
"dummies","interventions",NA,"typeOfTechnicalAssistance/21_tec","Sobre que practicas relacionadas a ${TIX} recibio usted asistencia tecnica individual?/25-50 de sombra dependiendo de la temperatura",NA,NA,NA,NA,0,0,1,0,NA,NA,NA,NA,NA,NA,NA,NA,NA,NA,NA,NA,NA,NA,NA,NA,NA,NA,0,1,NA,NA,NA,NA,NA,NA,NA,NA,NA,NA,NA,NA
"dummies","interventions",NA,"typeOfTechnicalAssistance/22","Sobre que practicas relacionadas a ${TIX} recibio usted asistencia tecnica individual?/Manejo de tejidos y poda de arboles de sombra",NA,NA,NA,NA,0,0,1,0,0,0,0,0,0,1,0,0,NA,NA,NA,NA,NA,NA,NA,NA,NA,NA,0,1,NA,"tech_repeat",NA,NA,NA,NA,NA,NA,NA,NA,NA,NA
"dummies","interventions",NA,"typeOfTechnicalAssistance/22_tec","Sobre que practicas relacionadas a ${TIX} recibio usted asistencia tecnica individual?/Manejo de tejidos y poda de arboles de sombra",NA,NA,NA,NA,0,0,1,0,NA,NA,NA,NA,NA,NA,NA,NA,NA,NA,NA,NA,NA,NA,NA,NA,NA,NA,0,1,NA,NA,NA,NA,NA,NA,NA,NA,NA,NA,NA,NA
"dummies","interventions",NA,"typeOfTechnicalAssistance/23","Sobre que practicas relacionadas a ${TIX} recibio usted asistencia tecnica individual?/Ninguno de estos",NA,NA,NA,NA,0,0,1,0,0,0,0,0,0,1,0,0,NA,NA,NA,NA,NA,NA,NA,NA,NA,NA,0,1,NA,"tech_repeat",NA,NA,NA,NA,NA,NA,NA,NA,NA,NA
"dummies","interventions",NA,"typeOfTechnicalAssistance/23_tec","Sobre que practicas relacionadas a ${TIX} recibio usted asistencia tecnica individual?/Ninguno de estos",NA,NA,NA,NA,0,0,1,0,NA,NA,NA,NA,NA,NA,NA,NA,NA,NA,NA,NA,NA,NA,NA,NA,NA,NA,0,1,NA,NA,NA,NA,NA,NA,NA,NA,NA,NA,NA,NA
"dummies","interventions",NA,"typeOfTechnicalAssistance/24","Sobre que practicas relacionadas a ${TIX} recibio usted asistencia tecnica individual?/Barreras vivas",NA,NA,NA,NA,0,0,1,0,0,0,0,0,0,1,0,0,NA,NA,NA,NA,NA,NA,NA,NA,NA,NA,0,1,NA,"tech_repeat",NA,NA,NA,NA,NA,NA,NA,NA,NA,NA
"dummies","interventions",NA,"typeOfTechnicalAssistance/24_tec","Sobre que practicas relacionadas a ${TIX} recibio usted asistencia tecnica individual?/Barreras vivas",NA,NA,NA,NA,0,0,1,0,NA,NA,NA,NA,NA,NA,NA,NA,NA,NA,NA,NA,NA,NA,NA,NA,NA,NA,0,1,NA,NA,NA,NA,NA,NA,NA,NA,NA,NA,NA,NA
"dummies","interventions",NA,"typeOfTechnicalAssistance/25","Sobre que practicas relacionadas a ${TIX} recibio usted asistencia tecnica individual?/Barreras muertas",NA,NA,NA,NA,0,0,1,0,0,0,0,0,0,1,0,0,NA,NA,NA,NA,NA,NA,NA,NA,NA,NA,0,1,NA,"tech_repeat",NA,NA,NA,NA,NA,NA,NA,NA,NA,NA
"dummies","interventions",NA,"typeOfTechnicalAssistance/25_tec","Sobre que practicas relacionadas a ${TIX} recibio usted asistencia tecnica individual?/Barreras muertas",NA,NA,NA,NA,0,0,1,0,NA,NA,NA,NA,NA,NA,NA,NA,NA,NA,NA,NA,NA,NA,NA,NA,NA,NA,0,1,NA,NA,NA,NA,NA,NA,NA,NA,NA,NA,NA,NA
"dummies","interventions",NA,"typeOfTechnicalAssistance/26","Sobre que practicas relacionadas a ${TIX} recibio usted asistencia tecnica individual?/Cobertura de suelo",NA,NA,NA,NA,0,0,1,0,0,0,0,0,0,1,0,0,NA,NA,NA,NA,NA,NA,NA,NA,NA,NA,0,1,NA,"tech_repeat",NA,NA,NA,NA,NA,NA,NA,NA,NA,NA
"dummies","interventions",NA,"typeOfTechnicalAssistance/26_tec","Sobre que practicas relacionadas a ${TIX} recibio usted asistencia tecnica individual?/Cobertura de suelo",NA,NA,NA,NA,0,0,1,0,NA,NA,NA,NA,NA,NA,NA,NA,NA,NA,NA,NA,NA,NA,NA,NA,NA,NA,0,1,NA,NA,NA,NA,NA,NA,NA,NA,NA,NA,NA,NA
"dummies","interventions",NA,"typeOfTechnicalAssistance/27","Sobre que practicas relacionadas a ${TIX} recibio usted asistencia tecnica individual?/Diques",NA,NA,NA,NA,0,0,1,0,0,0,0,0,0,1,0,0,NA,NA,NA,NA,NA,NA,NA,NA,NA,NA,0,1,NA,"tech_repeat",NA,NA,NA,NA,NA,NA,NA,NA,NA,NA
"dummies","interventions",NA,"typeOfTechnicalAssistance/27_tec","Sobre que practicas relacionadas a ${TIX} recibio usted asistencia tecnica individual?/Diques",NA,NA,NA,NA,0,0,1,0,NA,NA,NA,NA,NA,NA,NA,NA,NA,NA,NA,NA,NA,NA,NA,NA,NA,NA,0,1,NA,NA,NA,NA,NA,NA,NA,NA,NA,NA,NA,NA
"dummies","interventions",NA,"typeOfTechnicalAssistance/28","Sobre que practicas relacionadas a ${TIX} recibio usted asistencia tecnica individual?/Zanjas",NA,NA,NA,NA,0,0,1,0,0,0,0,0,0,1,0,0,NA,NA,NA,NA,NA,NA,NA,NA,NA,NA,0,1,NA,"tech_repeat",NA,NA,NA,NA,NA,NA,NA,NA,NA,NA
"dummies","interventions",NA,"typeOfTechnicalAssistance/28_tec","Sobre que practicas relacionadas a ${TIX} recibio usted asistencia tecnica individual?/Zanjas",NA,NA,NA,NA,0,0,1,0,NA,NA,NA,NA,NA,NA,NA,NA,NA,NA,NA,NA,NA,NA,NA,NA,NA,NA,0,1,NA,NA,NA,NA,NA,NA,NA,NA,NA,NA,NA,NA
"dummies","interventions",NA,"typeOfTechnicalAssistance/29","Sobre que practicas relacionadas a ${TIX} recibio usted asistencia tecnica individual?/Curvas a nivel",NA,NA,NA,NA,0,0,1,0,0,0,0,0,0,1,0,0,NA,NA,NA,NA,NA,NA,NA,NA,NA,NA,0,1,NA,"tech_repeat",NA,NA,NA,NA,NA,NA,NA,NA,NA,NA
"dummies","interventions",NA,"typeOfTechnicalAssistance/29_tec","Sobre que practicas relacionadas a ${TIX} recibio usted asistencia tecnica individual?/Curvas a nivel",NA,NA,NA,NA,0,0,1,0,NA,NA,NA,NA,NA,NA,NA,NA,NA,NA,NA,NA,NA,NA,NA,NA,NA,NA,0,1,NA,NA,NA,NA,NA,NA,NA,NA,NA,NA,NA,NA
"dummies","interventions",NA,"typeOfTechnicalAssistance/3","Sobre que practicas relacionadas a ${TIX} recibio usted asistencia tecnica individual?/Dosis ajustada a la edad de la planta",NA,NA,NA,NA,0,0,1,0,0,0,0,0,0,1,0,0,NA,NA,NA,NA,NA,NA,NA,NA,NA,NA,0,1,NA,"tech_repeat",NA,NA,NA,NA,NA,NA,NA,NA,NA,NA
"dummies","interventions",NA,"typeOfTechnicalAssistance/3_tec","Sobre que practicas relacionadas a ${TIX} recibio usted asistencia tecnica individual?/Dosis ajustada a la edad de la planta",NA,NA,NA,NA,0,0,1,0,NA,NA,NA,NA,NA,NA,NA,NA,NA,NA,NA,NA,NA,NA,NA,NA,NA,NA,0,1,NA,NA,NA,NA,NA,NA,NA,NA,NA,NA,NA,NA
"dummies","interventions",NA,"typeOfTechnicalAssistance/30","Sobre que practicas relacionadas a ${TIX} recibio usted asistencia tecnica individual?/Hierbas estabilizadoras",NA,NA,NA,NA,0,0,1,0,0,0,0,0,0,1,0,0,NA,NA,NA,NA,NA,NA,NA,NA,NA,NA,0,1,NA,"tech_repeat",NA,NA,NA,NA,NA,NA,NA,NA,NA,NA
"dummies","interventions",NA,"typeOfTechnicalAssistance/30_tec","Sobre que practicas relacionadas a ${TIX} recibio usted asistencia tecnica individual?/Hierbas estabilizadoras",NA,NA,NA,NA,0,0,1,0,NA,NA,NA,NA,NA,NA,NA,NA,NA,NA,NA,NA,NA,NA,NA,NA,NA,NA,0,1,NA,NA,NA,NA,NA,NA,NA,NA,NA,NA,NA,NA
"dummies","interventions",NA,"typeOfTechnicalAssistance/31","Sobre que practicas relacionadas a ${TIX} recibio usted asistencia tecnica individual?/Ninguno de estos",NA,NA,NA,NA,0,0,1,0,0,0,0,0,0,1,0,0,NA,NA,NA,NA,NA,NA,NA,NA,NA,NA,0,1,NA,"tech_repeat",NA,NA,NA,NA,NA,NA,NA,NA,NA,NA
"dummies","interventions",NA,"typeOfTechnicalAssistance/31_tec","Sobre que practicas relacionadas a ${TIX} recibio usted asistencia tecnica individual?/Ninguno de estos",NA,NA,NA,NA,0,0,1,0,NA,NA,NA,NA,NA,NA,NA,NA,NA,NA,NA,NA,NA,NA,NA,NA,NA,NA,0,1,NA,NA,NA,NA,NA,NA,NA,NA,NA,NA,NA,NA
"dummies","interventions",NA,"typeOfTechnicalAssistance/32","Sobre que practicas relacionadas a ${TIX} recibio usted asistencia tecnica individual?/Resiembra",NA,NA,NA,NA,0,0,1,0,0,0,0,0,0,1,0,0,NA,NA,NA,NA,NA,NA,NA,NA,NA,NA,0,1,NA,"tech_repeat",NA,NA,NA,NA,NA,NA,NA,NA,NA,NA
"dummies","interventions",NA,"typeOfTechnicalAssistance/32_tec","Sobre que practicas relacionadas a ${TIX} recibio usted asistencia tecnica individual?/Resiembra",NA,NA,NA,NA,0,0,1,0,NA,NA,NA,NA,NA,NA,NA,NA,NA,NA,NA,NA,NA,NA,NA,NA,NA,NA,0,1,NA,NA,NA,NA,NA,NA,NA,NA,NA,NA,NA,NA
"dummies","interventions",NA,"typeOfTechnicalAssistance/33","Sobre que practicas relacionadas a ${TIX} recibio usted asistencia tecnica individual?/Recepa",NA,NA,NA,NA,0,0,1,0,0,0,0,0,0,1,0,0,NA,NA,NA,NA,NA,NA,NA,NA,NA,NA,0,1,NA,"tech_repeat",NA,NA,NA,NA,NA,NA,NA,NA,NA,NA
"dummies","interventions",NA,"typeOfTechnicalAssistance/33_tec","Sobre que practicas relacionadas a ${TIX} recibio usted asistencia tecnica individual?/Recepa",NA,NA,NA,NA,0,0,1,0,NA,NA,NA,NA,NA,NA,NA,NA,NA,NA,NA,NA,NA,NA,NA,NA,NA,NA,0,1,NA,NA,NA,NA,NA,NA,NA,NA,NA,NA,NA,NA
"dummies","interventions",NA,"typeOfTechnicalAssistance/34","Sobre que practicas relacionadas a ${TIX} recibio usted asistencia tecnica individual?/Sustituir plantas muertas (falla fisica)",NA,NA,NA,NA,0,0,1,0,0,0,0,0,0,1,0,0,NA,NA,NA,NA,NA,NA,NA,NA,NA,NA,0,1,NA,"tech_repeat",NA,NA,NA,NA,NA,NA,NA,NA,NA,NA
"dummies","interventions",NA,"typeOfTechnicalAssistance/34_tec","Sobre que practicas relacionadas a ${TIX} recibio usted asistencia tecnica individual?/Sustituir plantas muertas (falla fisica)",NA,NA,NA,NA,0,0,1,0,NA,NA,NA,NA,NA,NA,NA,NA,NA,NA,NA,NA,NA,NA,NA,NA,NA,NA,0,1,NA,NA,NA,NA,NA,NA,NA,NA,NA,NA,NA,NA
"dummies","interventions",NA,"typeOfTechnicalAssistance/35","Sobre que practicas relacionadas a ${TIX} recibio usted asistencia tecnica individual?/Siembra nueva",NA,NA,NA,NA,0,0,1,0,0,0,0,0,0,1,0,0,NA,NA,NA,NA,NA,NA,NA,NA,NA,NA,0,1,NA,"tech_repeat",NA,NA,NA,NA,NA,NA,NA,NA,NA,NA
"dummies","interventions",NA,"typeOfTechnicalAssistance/35_tec","Sobre que practicas relacionadas a ${TIX} recibio usted asistencia tecnica individual?/Siembra nueva",NA,NA,NA,NA,0,0,1,0,NA,NA,NA,NA,NA,NA,NA,NA,NA,NA,NA,NA,NA,NA,NA,NA,NA,NA,0,1,NA,NA,NA,NA,NA,NA,NA,NA,NA,NA,NA,NA
"dummies","interventions",NA,"typeOfTechnicalAssistance/36","Sobre que practicas relacionadas a ${TIX} recibio usted asistencia tecnica individual?/Ninguno de estos",NA,NA,NA,NA,0,0,1,0,0,0,0,0,0,1,0,0,NA,NA,NA,NA,NA,NA,NA,NA,NA,NA,0,1,NA,"tech_repeat",NA,NA,NA,NA,NA,NA,NA,NA,NA,NA
"dummies","interventions",NA,"typeOfTechnicalAssistance/36_tec","Sobre que practicas relacionadas a ${TIX} recibio usted asistencia tecnica individual?/Ninguno de estos",NA,NA,NA,NA,0,0,1,0,NA,NA,NA,NA,NA,NA,NA,NA,NA,NA,NA,NA,NA,NA,NA,NA,NA,NA,0,1,NA,NA,NA,NA,NA,NA,NA,NA,NA,NA,NA,NA
"dummies","interventions",NA,"typeOfTechnicalAssistance/37","Sobre que practicas relacionadas a ${TIX} recibio usted asistencia tecnica individual?/Poda alta",NA,NA,NA,NA,0,0,1,0,0,0,0,0,0,1,0,0,NA,NA,NA,NA,NA,NA,NA,NA,NA,NA,0,1,NA,"tech_repeat",NA,NA,NA,NA,NA,NA,NA,NA,NA,NA
"dummies","interventions",NA,"typeOfTechnicalAssistance/37_tec","Sobre que practicas relacionadas a ${TIX} recibio usted asistencia tecnica individual?/Poda alta",NA,NA,NA,NA,0,0,1,0,NA,NA,NA,NA,NA,NA,NA,NA,NA,NA,NA,NA,NA,NA,NA,NA,NA,NA,0,1,NA,NA,NA,NA,NA,NA,NA,NA,NA,NA,NA,NA
"dummies","interventions",NA,"typeOfTechnicalAssistance/38","Sobre que practicas relacionadas a ${TIX} recibio usted asistencia tecnica individual?/Poda baja",NA,NA,NA,NA,0,0,1,0,0,0,0,0,0,1,0,0,NA,NA,NA,NA,NA,NA,NA,NA,NA,NA,0,1,NA,"tech_repeat",NA,NA,NA,NA,NA,NA,NA,NA,NA,NA
"dummies","interventions",NA,"typeOfTechnicalAssistance/38_tec","Sobre que practicas relacionadas a ${TIX} recibio usted asistencia tecnica individual?/Poda baja",NA,NA,NA,NA,0,0,1,0,NA,NA,NA,NA,NA,NA,NA,NA,NA,NA,NA,NA,NA,NA,NA,NA,NA,NA,0,1,NA,NA,NA,NA,NA,NA,NA,NA,NA,NA,NA,NA
"dummies","interventions",NA,"typeOfTechnicalAssistance/39","Sobre que practicas relacionadas a ${TIX} recibio usted asistencia tecnica individual?/Deshije",NA,NA,NA,NA,0,0,1,0,0,0,0,0,0,1,0,0,NA,NA,NA,NA,NA,NA,NA,NA,NA,NA,0,1,NA,"tech_repeat",NA,NA,NA,NA,NA,NA,NA,NA,NA,NA
"dummies","interventions",NA,"typeOfTechnicalAssistance/39_tec","Sobre que practicas relacionadas a ${TIX} recibio usted asistencia tecnica individual?/Deshije",NA,NA,NA,NA,0,0,1,0,NA,NA,NA,NA,NA,NA,NA,NA,NA,NA,NA,NA,NA,NA,NA,NA,NA,NA,0,1,NA,NA,NA,NA,NA,NA,NA,NA,NA,NA,NA,NA
"dummies","interventions",NA,"typeOfTechnicalAssistance/4","Sobre que practicas relacionadas a ${TIX} recibio usted asistencia tecnica individual?/Fertilizacion aplicada durante la temporada de lluvias",NA,NA,NA,NA,0,0,1,0,0,0,0,0,0,1,0,0,NA,NA,NA,NA,NA,NA,NA,NA,NA,NA,0,1,NA,"tech_repeat",NA,NA,NA,NA,NA,NA,NA,NA,NA,NA
"dummies","interventions",NA,"typeOfTechnicalAssistance/4_tec","Sobre que practicas relacionadas a ${TIX} recibio usted asistencia tecnica individual?/Fertilizacion aplicada durante la temporada de lluvias",NA,NA,NA,NA,0,0,1,0,NA,NA,NA,NA,NA,NA,NA,NA,NA,NA,NA,NA,NA,NA,NA,NA,NA,NA,0,1,NA,NA,NA,NA,NA,NA,NA,NA,NA,NA,NA,NA
"dummies","interventions",NA,"typeOfTechnicalAssistance/40","Sobre que practicas relacionadas a ${TIX} recibio usted asistencia tecnica individual?/Descope",NA,NA,NA,NA,0,0,1,0,0,0,0,0,0,1,0,0,NA,NA,NA,NA,NA,NA,NA,NA,NA,NA,0,1,NA,"tech_repeat",NA,NA,NA,NA,NA,NA,NA,NA,NA,NA
"dummies","interventions",NA,"typeOfTechnicalAssistance/40_tec","Sobre que practicas relacionadas a ${TIX} recibio usted asistencia tecnica individual?/Descope",NA,NA,NA,NA,0,0,1,0,NA,NA,NA,NA,NA,NA,NA,NA,NA,NA,NA,NA,NA,NA,NA,NA,NA,NA,0,1,NA,NA,NA,NA,NA,NA,NA,NA,NA,NA,NA,NA
"dummies","interventions",NA,"typeOfTechnicalAssistance/41","Sobre que practicas relacionadas a ${TIX} recibio usted asistencia tecnica individual?/Ninguno de estos",NA,NA,NA,NA,0,0,1,0,0,0,0,0,0,1,0,0,NA,NA,NA,NA,NA,NA,NA,NA,NA,NA,0,1,NA,"tech_repeat",NA,NA,NA,NA,NA,NA,NA,NA,NA,NA
"dummies","interventions",NA,"typeOfTechnicalAssistance/41_tec","Sobre que practicas relacionadas a ${TIX} recibio usted asistencia tecnica individual?/Ninguno de estos",NA,NA,NA,NA,0,0,1,0,NA,NA,NA,NA,NA,NA,NA,NA,NA,NA,NA,NA,NA,NA,NA,NA,NA,NA,0,1,NA,NA,NA,NA,NA,NA,NA,NA,NA,NA,NA,NA
"dummies","interventions",NA,"typeOfTechnicalAssistance/42","Sobre que practicas relacionadas a ${TIX} recibio usted asistencia tecnica individual?/Registro de practica",NA,NA,NA,NA,0,0,1,0,0,0,0,0,0,1,0,0,NA,NA,NA,NA,NA,NA,NA,NA,NA,NA,0,1,NA,"tech_repeat",NA,NA,NA,NA,NA,NA,NA,NA,NA,NA
"dummies","interventions",NA,"typeOfTechnicalAssistance/42_tec","Sobre que practicas relacionadas a ${TIX} recibio usted asistencia tecnica individual?/Registro de practica",NA,NA,NA,NA,0,0,1,0,NA,NA,NA,NA,NA,NA,NA,NA,NA,NA,NA,NA,NA,NA,NA,NA,NA,NA,0,1,NA,NA,NA,NA,NA,NA,NA,NA,NA,NA,NA,NA
"dummies","interventions",NA,"typeOfTechnicalAssistance/43","Sobre que practicas relacionadas a ${TIX} recibio usted asistencia tecnica individual?/Planillas",NA,NA,NA,NA,0,0,1,0,0,0,0,0,0,1,0,0,NA,NA,NA,NA,NA,NA,NA,NA,NA,NA,0,1,NA,"tech_repeat",NA,NA,NA,NA,NA,NA,NA,NA,NA,NA
"dummies","interventions",NA,"typeOfTechnicalAssistance/43_tec","Sobre que practicas relacionadas a ${TIX} recibio usted asistencia tecnica individual?/Planillas",NA,NA,NA,NA,0,0,1,0,NA,NA,NA,NA,NA,NA,NA,NA,NA,NA,NA,NA,NA,NA,NA,NA,NA,NA,0,1,NA,NA,NA,NA,NA,NA,NA,NA,NA,NA,NA,NA
"dummies","interventions",NA,"typeOfTechnicalAssistance/44","Sobre que practicas relacionadas a ${TIX} recibio usted asistencia tecnica individual?/Gestion contable",NA,NA,NA,NA,0,0,1,0,0,0,0,0,0,1,0,0,NA,NA,NA,NA,NA,NA,NA,NA,NA,NA,0,1,NA,"tech_repeat",NA,NA,NA,NA,NA,NA,NA,NA,NA,NA
"dummies","interventions",NA,"typeOfTechnicalAssistance/44_tec","Sobre que practicas relacionadas a ${TIX} recibio usted asistencia tecnica individual?/Gestion contable",NA,NA,NA,NA,0,0,1,0,NA,NA,NA,NA,NA,NA,NA,NA,NA,NA,NA,NA,NA,NA,NA,NA,NA,NA,0,1,NA,NA,NA,NA,NA,NA,NA,NA,NA,NA,NA,NA
"dummies","interventions",NA,"typeOfTechnicalAssistance/45","Sobre que practicas relacionadas a ${TIX} recibio usted asistencia tecnica individual?/Planes de inversion",NA,NA,NA,NA,0,0,1,0,0,0,0,0,0,1,0,0,NA,NA,NA,NA,NA,NA,NA,NA,NA,NA,0,1,NA,"tech_repeat",NA,NA,NA,NA,NA,NA,NA,NA,NA,NA
"dummies","interventions",NA,"typeOfTechnicalAssistance/45_tec","Sobre que practicas relacionadas a ${TIX} recibio usted asistencia tecnica individual?/Planes de inversion",NA,NA,NA,NA,0,0,1,0,NA,NA,NA,NA,NA,NA,NA,NA,NA,NA,NA,NA,NA,NA,NA,NA,NA,NA,0,1,NA,NA,NA,NA,NA,NA,NA,NA,NA,NA,NA,NA
"dummies","interventions",NA,"typeOfTechnicalAssistance/46","Sobre que practicas relacionadas a ${TIX} recibio usted asistencia tecnica individual?/Ninguno de estos",NA,NA,NA,NA,0,0,1,0,0,0,0,0,0,1,0,0,NA,NA,NA,NA,NA,NA,NA,NA,NA,NA,0,1,NA,"tech_repeat",NA,NA,NA,NA,NA,NA,NA,NA,NA,NA
"dummies","interventions",NA,"typeOfTechnicalAssistance/46_tec","Sobre que practicas relacionadas a ${TIX} recibio usted asistencia tecnica individual?/Ninguno de estos",NA,NA,NA,NA,0,0,1,0,NA,NA,NA,NA,NA,NA,NA,NA,NA,NA,NA,NA,NA,NA,NA,NA,NA,NA,0,1,NA,NA,NA,NA,NA,NA,NA,NA,NA,NA,NA,NA
"dummies","interventions",NA,"typeOfTechnicalAssistance/47","Sobre que practicas relacionadas a ${TIX} recibio usted asistencia tecnica individual?/Calibracion",NA,NA,NA,NA,0,0,1,0,0,0,0,0,0,1,0,0,NA,NA,NA,NA,NA,NA,NA,NA,NA,NA,0,1,NA,"tech_repeat",NA,NA,NA,NA,NA,NA,NA,NA,NA,NA
"dummies","interventions",NA,"typeOfTechnicalAssistance/47_tec","Sobre que practicas relacionadas a ${TIX} recibio usted asistencia tecnica individual?/Calibracion",NA,NA,NA,NA,0,0,1,0,NA,NA,NA,NA,NA,NA,NA,NA,NA,NA,NA,NA,NA,NA,NA,NA,NA,NA,0,1,NA,NA,NA,NA,NA,NA,NA,NA,NA,NA,NA,NA
"dummies","interventions",NA,"typeOfTechnicalAssistance/48","Sobre que practicas relacionadas a ${TIX} recibio usted asistencia tecnica individual?/Catacion",NA,NA,NA,NA,0,0,1,0,0,0,0,0,0,1,0,0,NA,NA,NA,NA,NA,NA,NA,NA,NA,NA,0,1,NA,"tech_repeat",NA,NA,NA,NA,NA,NA,NA,NA,NA,NA
"dummies","interventions",NA,"typeOfTechnicalAssistance/48_tec","Sobre que practicas relacionadas a ${TIX} recibio usted asistencia tecnica individual?/Catacion",NA,NA,NA,NA,0,0,1,0,NA,NA,NA,NA,NA,NA,NA,NA,NA,NA,NA,NA,NA,NA,NA,NA,NA,NA,0,1,NA,NA,NA,NA,NA,NA,NA,NA,NA,NA,NA,NA
"dummies","interventions",NA,"typeOfTechnicalAssistance/49","Sobre que practicas relacionadas a ${TIX} recibio usted asistencia tecnica individual?/Control cosecha",NA,NA,NA,NA,0,0,1,0,0,0,0,0,0,1,0,0,NA,NA,NA,NA,NA,NA,NA,NA,NA,NA,0,1,NA,"tech_repeat",NA,NA,NA,NA,NA,NA,NA,NA,NA,NA
"dummies","interventions",NA,"typeOfTechnicalAssistance/49_tec","Sobre que practicas relacionadas a ${TIX} recibio usted asistencia tecnica individual?/Control cosecha",NA,NA,NA,NA,0,0,1,0,NA,NA,NA,NA,NA,NA,NA,NA,NA,NA,NA,NA,NA,NA,NA,NA,NA,NA,0,1,NA,NA,NA,NA,NA,NA,NA,NA,NA,NA,NA,NA
"dummies","interventions",NA,"typeOfTechnicalAssistance/5","Sobre que practicas relacionadas a ${TIX} recibio usted asistencia tecnica individual?/Fertilizacion basada en las previsiones de cosecha",NA,NA,NA,NA,0,0,1,0,0,0,0,0,0,1,0,0,NA,NA,NA,NA,NA,NA,NA,NA,NA,NA,0,1,NA,"tech_repeat",NA,NA,NA,NA,NA,NA,NA,NA,NA,NA
"dummies","interventions",NA,"typeOfTechnicalAssistance/5_tec","Sobre que practicas relacionadas a ${TIX} recibio usted asistencia tecnica individual?/Fertilizacion basada en las previsiones de cosecha",NA,NA,NA,NA,0,0,1,0,NA,NA,NA,NA,NA,NA,NA,NA,NA,NA,NA,NA,NA,NA,NA,NA,NA,NA,0,1,NA,NA,NA,NA,NA,NA,NA,NA,NA,NA,NA,NA
"dummies","interventions",NA,"typeOfTechnicalAssistance/50","Sobre que practicas relacionadas a ${TIX} recibio usted asistencia tecnica individual?/Separacion granos cosecha",NA,NA,NA,NA,0,0,1,0,0,0,0,0,0,1,0,0,NA,NA,NA,NA,NA,NA,NA,NA,NA,NA,0,1,NA,"tech_repeat",NA,NA,NA,NA,NA,NA,NA,NA,NA,NA
"dummies","interventions",NA,"typeOfTechnicalAssistance/50_tec","Sobre que practicas relacionadas a ${TIX} recibio usted asistencia tecnica individual?/Separacion granos cosecha",NA,NA,NA,NA,0,0,1,0,NA,NA,NA,NA,NA,NA,NA,NA,NA,NA,NA,NA,NA,NA,NA,NA,NA,NA,0,1,NA,NA,NA,NA,NA,NA,NA,NA,NA,NA,NA,NA
"dummies","interventions",NA,"typeOfTechnicalAssistance/51","Sobre que practicas relacionadas a ${TIX} recibio usted asistencia tecnica individual?/Mejora de proceso",NA,NA,NA,NA,0,0,1,0,0,0,0,0,0,1,0,0,NA,NA,NA,NA,NA,NA,NA,NA,NA,NA,0,1,NA,"tech_repeat",NA,NA,NA,NA,NA,NA,NA,NA,NA,NA
"dummies","interventions",NA,"typeOfTechnicalAssistance/51_tec","Sobre que practicas relacionadas a ${TIX} recibio usted asistencia tecnica individual?/Mejora de proceso",NA,NA,NA,NA,0,0,1,0,NA,NA,NA,NA,NA,NA,NA,NA,NA,NA,NA,NA,NA,NA,NA,NA,NA,NA,0,1,NA,NA,NA,NA,NA,NA,NA,NA,NA,NA,NA,NA
"dummies","interventions",NA,"typeOfTechnicalAssistance/52","Sobre que practicas relacionadas a ${TIX} recibio usted asistencia tecnica individual?/Siembra nueva variedad",NA,NA,NA,NA,0,0,1,0,0,0,0,0,0,1,0,0,NA,NA,NA,NA,NA,NA,NA,NA,NA,NA,0,1,NA,"tech_repeat",NA,NA,NA,NA,NA,NA,NA,NA,NA,NA
"dummies","interventions",NA,"typeOfTechnicalAssistance/52_tec","Sobre que practicas relacionadas a ${TIX} recibio usted asistencia tecnica individual?/Siembra nueva variedad",NA,NA,NA,NA,0,0,1,0,NA,NA,NA,NA,NA,NA,NA,NA,NA,NA,NA,NA,NA,NA,NA,NA,NA,NA,0,1,NA,NA,NA,NA,NA,NA,NA,NA,NA,NA,NA,NA
"dummies","interventions",NA,"typeOfTechnicalAssistance/53","Sobre que practicas relacionadas a ${TIX} recibio usted asistencia tecnica individual?/Ninguno de estos",NA,NA,NA,NA,0,0,1,0,0,0,0,0,0,1,0,0,NA,NA,NA,NA,NA,NA,NA,NA,NA,NA,0,1,NA,"tech_repeat",NA,NA,NA,NA,NA,NA,NA,NA,NA,NA
"dummies","interventions",NA,"typeOfTechnicalAssistance/53_tec","Sobre que practicas relacionadas a ${TIX} recibio usted asistencia tecnica individual?/Ninguno de estos",NA,NA,NA,NA,0,0,1,0,NA,NA,NA,NA,NA,NA,NA,NA,NA,NA,NA,NA,NA,NA,NA,NA,NA,NA,0,1,NA,NA,NA,NA,NA,NA,NA,NA,NA,NA,NA,NA
"dummies","interventions",NA,"typeOfTechnicalAssistance/54","Sobre que practicas relacionadas a ${TIX} recibio usted asistencia tecnica individual?/Poda de bandolas (poda sanitaria)",NA,NA,NA,NA,0,0,1,0,0,0,0,0,0,1,0,0,NA,NA,NA,NA,NA,NA,NA,NA,NA,NA,0,1,NA,"tech_repeat",NA,NA,NA,NA,NA,NA,NA,NA,NA,NA
"dummies","interventions",NA,"typeOfTechnicalAssistance/54_tec","Sobre que practicas relacionadas a ${TIX} recibio usted asistencia tecnica individual?/Poda de bandolas (poda sanitaria)",NA,NA,NA,NA,0,0,1,0,NA,NA,NA,NA,NA,NA,NA,NA,NA,NA,NA,NA,NA,NA,NA,NA,NA,NA,0,1,NA,NA,NA,NA,NA,NA,NA,NA,NA,NA,NA,NA
"dummies","interventions",NA,"typeOfTechnicalAssistance/56","Sobre que practicas relacionadas a ${TIX} recibio usted asistencia tecnica individual?/Otros",NA,NA,NA,NA,0,0,1,0,0,0,0,0,0,1,0,0,NA,NA,NA,NA,NA,NA,NA,NA,NA,NA,0,1,NA,"tech_repeat",NA,NA,NA,NA,NA,NA,NA,NA,NA,NA
"dummies","interventions",NA,"typeOfTechnicalAssistance/56_tec","Sobre que practicas relacionadas a ${TIX} recibio usted asistencia tecnica individual?/Otros",NA,NA,NA,NA,0,0,1,0,NA,NA,NA,NA,NA,NA,NA,NA,NA,NA,NA,NA,NA,NA,NA,NA,NA,NA,0,1,NA,NA,NA,NA,NA,NA,NA,NA,NA,NA,NA,NA
"dummies","interventions",NA,"typeOfTechnicalAssistance/6","Sobre que practicas relacionadas a ${TIX} recibio usted asistencia tecnica individual?/Uso de abono organico para reducir el coste",NA,NA,NA,NA,0,0,1,0,0,0,0,0,0,1,0,0,NA,NA,NA,NA,NA,NA,NA,NA,NA,NA,0,1,NA,"tech_repeat",NA,NA,NA,NA,NA,NA,NA,NA,NA,NA
"dummies","interventions",NA,"typeOfTechnicalAssistance/6_tec","Sobre que practicas relacionadas a ${TIX} recibio usted asistencia tecnica individual?/Uso de abono organico para reducir el coste",NA,NA,NA,NA,0,0,1,0,NA,NA,NA,NA,NA,NA,NA,NA,NA,NA,NA,NA,NA,NA,NA,NA,NA,NA,0,1,NA,NA,NA,NA,NA,NA,NA,NA,NA,NA,NA,NA
"dummies","interventions",NA,"typeOfTechnicalAssistance/7","Sobre que practicas relacionadas a ${TIX} recibio usted asistencia tecnica individual?/Ninguno de estos",NA,NA,NA,NA,0,0,1,0,0,0,0,0,0,1,0,0,NA,NA,NA,NA,NA,NA,NA,NA,NA,NA,0,1,NA,"tech_repeat",NA,NA,NA,NA,NA,NA,NA,NA,NA,NA
"dummies","interventions",NA,"typeOfTechnicalAssistance/7_tec","Sobre que practicas relacionadas a ${TIX} recibio usted asistencia tecnica individual?/Ninguno de estos",NA,NA,NA,NA,0,0,1,0,NA,NA,NA,NA,NA,NA,NA,NA,NA,NA,NA,NA,NA,NA,NA,NA,NA,NA,0,1,NA,NA,NA,NA,NA,NA,NA,NA,NA,NA,NA,NA
"dummies","interventions",NA,"typeOfTechnicalAssistance/8","Sobre que practicas relacionadas a ${TIX} recibio usted asistencia tecnica individual?/Densidad de plantacion 3000-4000 plantas/mz",NA,NA,NA,NA,0,0,1,0,0,0,0,0,0,1,0,0,NA,NA,NA,NA,NA,NA,NA,NA,NA,NA,0,1,NA,"tech_repeat",NA,NA,NA,NA,NA,NA,NA,NA,NA,NA
"dummies","interventions",NA,"typeOfTechnicalAssistance/8_tec","Sobre que practicas relacionadas a ${TIX} recibio usted asistencia tecnica individual?/Densidad de plantacion 3000-4000 plantas/mz",NA,NA,NA,NA,0,0,1,0,NA,NA,NA,NA,NA,NA,NA,NA,NA,NA,NA,NA,NA,NA,NA,NA,NA,NA,0,1,NA,NA,NA,NA,NA,NA,NA,NA,NA,NA,NA,NA
"dummies","interventions",NA,"typeOfTechnicalAssistance/9","Sobre que practicas relacionadas a ${TIX} recibio usted asistencia tecnica individual?/Renovacion de plantas enfermas y agotadas (plantas de mas de 20 anos)",NA,NA,NA,NA,0,0,1,0,0,0,0,0,0,1,0,0,NA,NA,NA,NA,NA,NA,NA,NA,NA,NA,0,1,NA,"tech_repeat",NA,NA,NA,NA,NA,NA,NA,NA,NA,NA
"dummies","interventions",NA,"typeOfTechnicalAssistance/9_tec","Sobre que practicas relacionadas a ${TIX} recibio usted asistencia tecnica individual?/Renovacion de plantas enfermas y agotadas (plantas de mas de 20 anos)",NA,NA,NA,NA,0,0,1,0,NA,NA,NA,NA,NA,NA,NA,NA,NA,NA,NA,NA,NA,NA,NA,NA,NA,NA,0,1,NA,NA,NA,NA,NA,NA,NA,NA,NA,NA,NA,NA
"select_multiple","interventions",NA,"typeOfTechnicalAssistance_tec","Sobre que practicas relacionadas a ${TIX} recibio usted asistencia tecnica individual?",NA,NA,NA,NA,0,0,1,0,NA,NA,NA,NA,NA,NA,NA,NA,NA,NA,NA,NA,NA,NA,NA,NA,NA,NA,0,0,NA,NA,NA,NA,NA,NA,NA,NA,NA,NA,NA,NA
"integer",NA,"J9","usedCreditInCoffee","Cuantas de esas deudas fueron destinadas (completamente o una parte) al manejo de cafe?",NA,"${accessedCreditOrLoan}>0",".>=0 and  .<=${accessedCreditOrLoan}",NA,0,1,0,0,NA,NA,NA,NA,NA,NA,NA,NA,NA,NA,NA,NA,NA,NA,NA,NA,NA,NA,0,1,NA,NA,NA,NA,NA,NA,NA,NA,NA,NA,NA,NA
"select_one","snn",NA,"usedGroupTrainingKnowledgeForCropDecisions","Utilizo el conocimiento adquirido en los entrenamientos grupales como dias de campo o practicas grupales para tomar decisiones sobre sus cultivos de cafe?",TRUE,"${assisGroup} = 'Y'",NA,NA,0,0,1,0,NA,NA,NA,NA,NA,NA,NA,NA,NA,NA,NA,NA,NA,NA,NA,NA,NA,NA,0,1,NA,NA,NA,NA,NA,NA,NA,NA,NA,NA,NA,NA
"select_one","snn",NA,"usedTechnicalAssistanceKnowledgeForCropDecisions","Utilizo el conocimiento adquirido de la asistencia tecnica individual para tomar decisiones sobre sus cultivos de cafe?",TRUE,"${assisIndiv} = 'Y'",NA,NA,0,0,1,0,NA,NA,NA,NA,NA,NA,NA,NA,NA,NA,NA,NA,NA,NA,NA,NA,NA,NA,0,1,NA,NA,NA,NA,NA,NA,NA,NA,NA,NA,NA,NA
"select_one","snn","D4","usesWhatsAppForMessages","Con ese telefono envia y/o recibe mensajes a traves de WhatsApp?",TRUE,"${hasSmartphone} = 'Y'",NA,NA,0,0,1,0,NA,NA,NA,NA,NA,NA,NA,NA,NA,NA,NA,NA,NA,NA,NA,NA,NA,NA,1,1,NA,NA,NA,NA,NA,NA,NA,NA,NA,NA,NA,NA
"select_multiple","varieties","E38","varietiesPlanted","Que variedades tuvo sembradas en su finca en la cosecha del 2023/2024?",TRUE,NA,NA,NA,0,0,0,2,NA,NA,NA,NA,NA,NA,NA,NA,NA,NA,NA,NA,NA,NA,NA,NA,NA,NA,1,1,NA,NA,NA,NA,NA,NA,NA,NA,NA,NA,NA,NA
"dummies","varieties",NA,"varietiesPlanted/anacafe","Que variedades tuvo sembradas en su finca en la cosecha del 2023/2024?/Anacafe 14",NA,NA,NA,NA,0,0,1,0,NA,NA,NA,NA,NA,NA,NA,NA,NA,NA,NA,NA,NA,NA,NA,NA,NA,NA,1,1,NA,NA,NA,NA,NA,NA,NA,NA,NA,NA,NA,NA
"dummies","varieties",NA,"varietiesPlanted/borbon","Que variedades tuvo sembradas en su finca en la cosecha del 2023/2024?/Borbon",NA,NA,NA,NA,0,0,1,0,NA,NA,NA,NA,NA,NA,NA,NA,NA,NA,NA,NA,NA,NA,NA,NA,NA,NA,1,1,NA,NA,NA,NA,NA,NA,NA,NA,NA,NA,NA,NA
"dummies","varieties",NA,"varietiesPlanted/catuai","Que variedades tuvo sembradas en su finca en la cosecha del 2023/2024?/Catuai",NA,NA,NA,NA,0,0,1,0,NA,NA,NA,NA,NA,NA,NA,NA,NA,NA,NA,NA,NA,NA,NA,NA,NA,NA,1,1,NA,NA,NA,NA,NA,NA,NA,NA,NA,NA,NA,NA
"dummies","varieties",NA,"varietiesPlanted/caturra","Que variedades tuvo sembradas en su finca en la cosecha del 2023/2024?/Caturra",NA,NA,NA,NA,0,0,1,0,NA,NA,NA,NA,NA,NA,NA,NA,NA,NA,NA,NA,NA,NA,NA,NA,NA,NA,1,1,NA,NA,NA,NA,NA,NA,NA,NA,NA,NA,NA,NA
"dummies","varieties",NA,"varietiesPlanted/geisha","Que variedades tuvo sembradas en su finca en la cosecha del 2023/2024?/Geisha",NA,NA,NA,NA,0,0,1,0,NA,NA,NA,NA,NA,NA,NA,NA,NA,NA,NA,NA,NA,NA,NA,NA,NA,NA,0,1,NA,NA,NA,NA,NA,NA,NA,NA,NA,NA,NA,NA
"dummies","varieties",NA,"varietiesPlanted/ihcafe90","Que variedades tuvo sembradas en su finca en la cosecha del 2023/2024?/Ihcafe 90",NA,NA,NA,NA,0,0,1,0,NA,NA,NA,NA,NA,NA,NA,NA,NA,NA,NA,NA,NA,NA,NA,NA,NA,NA,1,1,NA,NA,NA,NA,NA,NA,NA,NA,NA,NA,NA,NA
"dummies","varieties",NA,"varietiesPlanted/lempira","Que variedades tuvo sembradas en su finca en la cosecha del 2023/2024?/Lempira",NA,NA,NA,NA,0,0,1,0,NA,NA,NA,NA,NA,NA,NA,NA,NA,NA,NA,NA,NA,NA,NA,NA,NA,NA,1,1,NA,NA,NA,NA,NA,NA,NA,NA,NA,NA,NA,NA
"dummies","varieties",NA,"varietiesPlanted/mundo","Que variedades tuvo sembradas en su finca en la cosecha del 2023/2024?/Mundo Novo",NA,NA,NA,NA,0,0,1,0,NA,NA,NA,NA,NA,NA,NA,NA,NA,NA,NA,NA,NA,NA,NA,NA,NA,NA,0,1,NA,NA,NA,NA,NA,NA,NA,NA,NA,NA,NA,NA
"dummies","varieties",NA,"varietiesPlanted/obata","Que variedades tuvo sembradas en su finca en la cosecha del 2023/2024?/Obata",NA,NA,NA,NA,0,0,1,0,NA,NA,NA,NA,NA,NA,NA,NA,NA,NA,NA,NA,NA,NA,NA,NA,NA,NA,1,1,NA,NA,NA,NA,NA,NA,NA,NA,NA,NA,NA,NA
"dummies","varieties",NA,"varietiesPlanted/other1","Que variedades tuvo sembradas en su finca en la cosecha del 2023/2024?/Otra variedad 1",NA,NA,NA,NA,0,0,1,0,NA,NA,NA,NA,NA,NA,NA,NA,NA,NA,NA,NA,NA,NA,NA,NA,NA,NA,1,1,NA,NA,NA,NA,NA,NA,NA,NA,NA,NA,NA,NA
"dummies","varieties",NA,"varietiesPlanted/other2","Que variedades tuvo sembradas en su finca en la cosecha del 2023/2024?/Otra variedad 2",NA,NA,NA,NA,0,0,1,0,NA,NA,NA,NA,NA,NA,NA,NA,NA,NA,NA,NA,NA,NA,NA,NA,NA,NA,1,1,NA,NA,NA,NA,NA,NA,NA,NA,NA,NA,NA,NA
"dummies","varieties",NA,"varietiesPlanted/other3","Que variedades tuvo sembradas en su finca en la cosecha del 2023/2024?/Otra variedad 3",NA,NA,NA,NA,0,0,1,0,NA,NA,NA,NA,NA,NA,NA,NA,NA,NA,NA,NA,NA,NA,NA,NA,NA,NA,0,1,NA,NA,NA,NA,NA,NA,NA,NA,NA,NA,NA,NA
"dummies","varieties",NA,"varietiesPlanted/pacamara","Que variedades tuvo sembradas en su finca en la cosecha del 2023/2024?/Pacamara",NA,NA,NA,NA,0,0,1,0,NA,NA,NA,NA,NA,NA,NA,NA,NA,NA,NA,NA,NA,NA,NA,NA,NA,NA,1,1,NA,NA,NA,NA,NA,NA,NA,NA,NA,NA,NA,NA
"dummies","varieties",NA,"varietiesPlanted/pacas","Que variedades tuvo sembradas en su finca en la cosecha del 2023/2024?/Pacas",NA,NA,NA,NA,0,0,1,0,NA,NA,NA,NA,NA,NA,NA,NA,NA,NA,NA,NA,NA,NA,NA,NA,NA,NA,1,1,NA,NA,NA,NA,NA,NA,NA,NA,NA,NA,NA,NA
"dummies","varieties",NA,"varietiesPlanted/parainema","Que variedades tuvo sembradas en su finca en la cosecha del 2023/2024?/Parainema",NA,NA,NA,NA,0,0,1,0,NA,NA,NA,NA,NA,NA,NA,NA,NA,NA,NA,NA,NA,NA,NA,NA,NA,NA,1,1,NA,NA,NA,NA,NA,NA,NA,NA,NA,NA,NA,NA
"dummies","varieties",NA,"varietiesPlanted/sarchi","Que variedades tuvo sembradas en su finca en la cosecha del 2023/2024?/Villa Sarchi",NA,NA,NA,NA,0,0,1,0,NA,NA,NA,NA,NA,NA,NA,NA,NA,NA,NA,NA,NA,NA,NA,NA,NA,NA,1,1,NA,NA,NA,NA,NA,NA,NA,NA,NA,NA,NA,NA
"dummies","varieties",NA,"varietiesPlanted/typica","Que variedades tuvo sembradas en su finca en la cosecha del 2023/2024?/Typica",NA,NA,NA,NA,0,0,1,0,NA,NA,NA,NA,NA,NA,NA,NA,NA,NA,NA,NA,NA,NA,NA,NA,NA,NA,1,1,NA,NA,NA,NA,NA,NA,NA,NA,NA,NA,NA,NA
"select_one","varieties","VARR","varietyName","Identificador de variedad",TRUE,NA,NA,NA,0,0,0,0,0,0,0,0,0,0,0,0,NA,NA,NA,NA,NA,NA,NA,NA,NA,NA,1,1,"repeatvar","repeatvar",NA,NA,NA,NA,NA,NA,NA,NA,NA,NA
"dummies","varieties",NA,"varietyName_anacafe","Identificador de variedad/Anacafe 14",NA,NA,NA,NA,0,0,0,0,0,0,0,0,0,0,0,0,NA,NA,NA,NA,NA,NA,NA,NA,NA,NA,0,0,"repeatvar","repeatvar",NA,NA,NA,NA,NA,NA,NA,NA,NA,NA
"dummies","varieties",NA,"varietyName_borbon","Identificador de variedad/Borbon",NA,NA,NA,NA,0,0,0,0,0,0,0,0,0,0,0,0,NA,NA,NA,NA,NA,NA,NA,NA,NA,NA,0,0,"repeatvar","repeatvar",NA,NA,NA,NA,NA,NA,NA,NA,NA,NA
"dummies","varieties",NA,"varietyName_catuai","Identificador de variedad/Catuai",NA,NA,NA,NA,0,0,0,0,0,0,0,0,0,0,0,0,NA,NA,NA,NA,NA,NA,NA,NA,NA,NA,0,0,"repeatvar","repeatvar",NA,NA,NA,NA,NA,NA,NA,NA,NA,NA
"dummies","varieties",NA,"varietyName_caturra","Identificador de variedad/Caturra",NA,NA,NA,NA,0,0,0,0,0,0,0,0,0,0,0,0,NA,NA,NA,NA,NA,NA,NA,NA,NA,NA,0,0,"repeatvar","repeatvar",NA,NA,NA,NA,NA,NA,NA,NA,NA,NA
"dummies","varieties",NA,"varietyName_geisha","Identificador de variedad/Geisha",NA,NA,NA,NA,0,0,0,0,0,0,0,0,0,0,0,0,NA,NA,NA,NA,NA,NA,NA,NA,NA,NA,0,0,"repeatvar","repeatvar",NA,NA,NA,NA,NA,NA,NA,NA,NA,NA
"dummies","varieties",NA,"varietyName_ihcafe90","Identificador de variedad/Ihcafe 90",NA,NA,NA,NA,0,0,0,0,0,0,0,0,0,0,0,0,NA,NA,NA,NA,NA,NA,NA,NA,NA,NA,0,0,"repeatvar","repeatvar",NA,NA,NA,NA,NA,NA,NA,NA,NA,NA
"dummies","varieties",NA,"varietyName_lempira","Identificador de variedad/Lempira",NA,NA,NA,NA,0,0,0,0,0,0,0,0,0,0,0,0,NA,NA,NA,NA,NA,NA,NA,NA,NA,NA,0,0,"repeatvar","repeatvar",NA,NA,NA,NA,NA,NA,NA,NA,NA,NA
"dummies","varieties",NA,"varietyName_mundo","Identificador de variedad/Mundo Novo",NA,NA,NA,NA,0,0,0,0,0,0,0,0,0,0,0,0,NA,NA,NA,NA,NA,NA,NA,NA,NA,NA,0,0,"repeatvar","repeatvar",NA,NA,NA,NA,NA,NA,NA,NA,NA,NA
"dummies","varieties",NA,"varietyName_obata","Identificador de variedad/Obata",NA,NA,NA,NA,0,0,0,0,0,0,0,0,0,0,0,0,NA,NA,NA,NA,NA,NA,NA,NA,NA,NA,0,0,"repeatvar","repeatvar",NA,NA,NA,NA,NA,NA,NA,NA,NA,NA
"dummies","varieties",NA,"varietyName_other1","Identificador de variedad/Otra variedad 1",NA,NA,NA,NA,0,0,0,0,0,0,0,0,0,0,0,0,NA,NA,NA,NA,NA,NA,NA,NA,NA,NA,0,0,"repeatvar","repeatvar",NA,NA,NA,NA,NA,NA,NA,NA,NA,NA
"dummies","varieties",NA,"varietyName_other2","Identificador de variedad/Otra variedad 2",NA,NA,NA,NA,0,0,0,0,0,0,0,0,0,0,0,0,NA,NA,NA,NA,NA,NA,NA,NA,NA,NA,0,0,"repeatvar","repeatvar",NA,NA,NA,NA,NA,NA,NA,NA,NA,NA
"dummies","varieties",NA,"varietyName_other3","Identificador de variedad/Otra variedad 3",NA,NA,NA,NA,0,0,0,0,0,0,0,0,0,0,0,0,NA,NA,NA,NA,NA,NA,NA,NA,NA,NA,0,0,"repeatvar","repeatvar",NA,NA,NA,NA,NA,NA,NA,NA,NA,NA
"dummies","varieties",NA,"varietyName_pacamara","Identificador de variedad/Pacamara",NA,NA,NA,NA,0,0,0,0,0,0,0,0,0,0,0,0,NA,NA,NA,NA,NA,NA,NA,NA,NA,NA,0,0,"repeatvar","repeatvar",NA,NA,NA,NA,NA,NA,NA,NA,NA,NA
"dummies","varieties",NA,"varietyName_pacas","Identificador de variedad/Pacas",NA,NA,NA,NA,0,0,0,0,0,0,0,0,0,0,0,0,NA,NA,NA,NA,NA,NA,NA,NA,NA,NA,0,0,"repeatvar","repeatvar",NA,NA,NA,NA,NA,NA,NA,NA,NA,NA
"dummies","varieties",NA,"varietyName_parainema","Identificador de variedad/Parainema",NA,NA,NA,NA,0,0,0,0,0,0,0,0,0,0,0,0,NA,NA,NA,NA,NA,NA,NA,NA,NA,NA,0,0,"repeatvar","repeatvar",NA,NA,NA,NA,NA,NA,NA,NA,NA,NA
"dummies","varieties",NA,"varietyName_sarchi","Identificador de variedad/Villa Sarchi",NA,NA,NA,NA,0,0,0,0,0,0,0,0,0,0,0,0,NA,NA,NA,NA,NA,NA,NA,NA,NA,NA,0,0,"repeatvar","repeatvar",NA,NA,NA,NA,NA,NA,NA,NA,NA,NA
"dummies","varieties",NA,"varietyName_typica","Identificador de variedad/Typica",NA,NA,NA,NA,0,0,0,0,0,0,0,0,0,0,0,0,NA,NA,NA,NA,NA,NA,NA,NA,NA,NA,0,0,"repeatvar","repeatvar",NA,NA,NA,NA,NA,NA,NA,NA,NA,NA
"calculate",NA,NA,"versionID","Version de la encuesta",NA,NA,".<=6",NA,0,1,0,0,NA,NA,NA,NA,NA,NA,NA,NA,NA,NA,NA,NA,NA,NA,NA,NA,NA,NA,0,1,NA,NA,NA,NA,NA,NA,NA,NA,NA,NA,NA,NA
"select_one","vinc","vinc","vinc","Cual es el vinculo de la persona encuestada con el productor de la finca?",TRUE,"selected(${isProducerReplacement}, 'N') or selected(${producerCheck}, 'N')",NA,NA,0,0,0,1,NA,NA,NA,NA,NA,NA,NA,NA,NA,NA,NA,NA,NA,NA,NA,NA,NA,NA,0,1,NA,NA,17,NA,NA,NA,NA,NA,NA,NA,NA,NA
"dummies",NA,NA,"vinc_1","Cual es el vinculo de la persona encuestada con el productor de la finca?/Pareja",NA,NA,NA,NA,0,0,1,0,NA,NA,NA,NA,NA,NA,NA,NA,NA,NA,NA,NA,NA,NA,NA,NA,NA,NA,0,1,NA,NA,NA,NA,NA,NA,NA,NA,NA,NA,NA,NA
"dummies",NA,NA,"vinc_2","Cual es el vinculo de la persona encuestada con el productor de la finca?/Hija/Hijo",NA,NA,NA,NA,0,0,1,0,NA,NA,NA,NA,NA,NA,NA,NA,NA,NA,NA,NA,NA,NA,NA,NA,NA,NA,0,1,NA,NA,NA,NA,NA,NA,NA,NA,NA,NA,NA,NA
"dummies",NA,NA,"vinc_3","Cual es el vinculo de la persona encuestada con el productor de la finca?/Familiar",NA,NA,NA,NA,0,0,1,0,NA,NA,NA,NA,NA,NA,NA,NA,NA,NA,NA,NA,NA,NA,NA,NA,NA,NA,0,1,NA,NA,NA,NA,NA,NA,NA,NA,NA,NA,NA,NA
"dummies",NA,NA,"vinc_4","Cual es el vinculo de la persona encuestada con el productor de la finca?/Trabajador",NA,NA,NA,NA,0,0,1,0,NA,NA,NA,NA,NA,NA,NA,NA,NA,NA,NA,NA,NA,NA,NA,NA,NA,NA,0,1,NA,NA,NA,NA,NA,NA,NA,NA,NA,NA,NA,NA
"dummies",NA,NA,"vinc_5","Cual es el vinculo de la persona encuestada con el productor de la finca?/Amigo",NA,NA,NA,NA,0,0,1,0,NA,NA,NA,NA,NA,NA,NA,NA,NA,NA,NA,NA,NA,NA,NA,NA,NA,NA,0,1,NA,NA,NA,NA,NA,NA,NA,NA,NA,NA,NA,NA
"dummies",NA,NA,"vinc_6","Cual es el vinculo de la persona encuestada con el productor de la finca?/Otro",NA,NA,NA,NA,0,0,1,0,NA,NA,NA,NA,NA,NA,NA,NA,NA,NA,NA,NA,NA,NA,NA,NA,NA,NA,0,1,NA,NA,NA,NA,NA,NA,NA,NA,NA,NA,NA,NA
"select_one","vinc","vinc","VINC","Cual es el vinculo de la persona encuestada con el productor de la finca?",TRUE,"selected(${isProducerReplacement}, 'N') or selected(${producerCheck}, 'N')",NA,NA,0,0,0,1,NA,NA,NA,NA,NA,NA,NA,NA,NA,NA,NA,NA,NA,NA,NA,NA,NA,NA,1,0,NA,NA,17,NA,NA,NA,NA,NA,NA,NA,NA,NA
"dummies",NA,NA,"VINC_1","Cual es el vinculo de la persona encuestada con el productor de la finca?/Pareja",NA,NA,NA,NA,0,0,1,0,NA,NA,NA,NA,NA,NA,NA,NA,NA,NA,NA,NA,NA,NA,NA,NA,NA,NA,1,0,NA,NA,NA,NA,NA,NA,NA,NA,NA,NA,NA,NA
"dummies",NA,NA,"VINC_2","Cual es el vinculo de la persona encuestada con el productor de la finca?/Hija/Hijo",NA,NA,NA,NA,0,0,1,0,NA,NA,NA,NA,NA,NA,NA,NA,NA,NA,NA,NA,NA,NA,NA,NA,NA,NA,1,0,NA,NA,NA,NA,NA,NA,NA,NA,NA,NA,NA,NA
"dummies",NA,NA,"VINC_3","Cual es el vinculo de la persona encuestada con el productor de la finca?/Familiar",NA,NA,NA,NA,0,0,1,0,NA,NA,NA,NA,NA,NA,NA,NA,NA,NA,NA,NA,NA,NA,NA,NA,NA,NA,1,0,NA,NA,NA,NA,NA,NA,NA,NA,NA,NA,NA,NA
"dummies",NA,NA,"VINC_4","Cual es el vinculo de la persona encuestada con el productor de la finca?/Trabajador",NA,NA,NA,NA,0,0,1,0,NA,NA,NA,NA,NA,NA,NA,NA,NA,NA,NA,NA,NA,NA,NA,NA,NA,NA,1,0,NA,NA,NA,NA,NA,NA,NA,NA,NA,NA,NA,NA
"select_multiple","control_weed","E32","weedControlMethodUsed","Como realizo el control de malezas para la cosecha 2023/2024?",TRUE,NA,"not(selected(${weedControlMethodUse}, 'no_control') and count-selected(${weedControlMethodUse})>1)",NA,0,0,0,2,NA,NA,NA,NA,NA,NA,NA,NA,NA,NA,NA,NA,NA,NA,NA,NA,NA,NA,1,1,NA,NA,NA,NA,NA,NA,NA,NA,NA,NA,NA,NA
"dummies","control_weed",NA,"weedControlMethodUsed/chapeadora","Como realizo el control de malezas para la cosecha 2023/2024?/Chapeadora",NA,NA,NA,NA,0,0,1,0,NA,NA,NA,NA,NA,NA,NA,NA,NA,NA,NA,NA,NA,NA,NA,NA,NA,NA,1,1,NA,NA,NA,NA,NA,NA,NA,NA,NA,NA,NA,NA
"dummies","control_weed",NA,"weedControlMethodUsed/herbicida","Como realizo el control de malezas para la cosecha 2023/2024?/Herbicidas",NA,NA,NA,NA,0,0,1,0,NA,NA,NA,NA,NA,NA,NA,NA,NA,NA,NA,NA,NA,NA,NA,NA,NA,NA,1,1,NA,NA,NA,NA,NA,NA,NA,NA,NA,NA,NA,NA
"dummies","control_weed",NA,"weedControlMethodUsed/manual","Como realizo el control de malezas para la cosecha 2023/2024?/Manual (machete u otra herramienta)",NA,NA,NA,NA,0,0,1,0,NA,NA,NA,NA,NA,NA,NA,NA,NA,NA,NA,NA,NA,NA,NA,NA,NA,NA,1,1,NA,NA,NA,NA,NA,NA,NA,NA,NA,NA,NA,NA
"dummies","control_weed",NA,"weedControlMethodUsed/no_control","Como realizo el control de malezas para la cosecha 2023/2024?/No hizo control de malezas",NA,NA,NA,NA,0,0,1,0,NA,NA,NA,NA,NA,NA,NA,NA,NA,NA,NA,NA,NA,NA,NA,NA,NA,NA,1,1,NA,NA,NA,NA,NA,NA,NA,NA,NA,NA,NA,NA
"select_one","indigenous",NA,"whichIndigenous","A que pueblo pertenece?",TRUE,"${identifyIndigenous} = 'Y'",NA,NA,0,0,0,1,NA,NA,NA,NA,NA,NA,NA,NA,NA,NA,NA,NA,NA,NA,NA,NA,NA,NA,0,1,NA,NA,NA,NA,NA,NA,NA,NA,NA,NA,NA,NA
"dummies","indigenous",NA,"whichIndigenous_garifuna","A que grupo pertenece?/Garifuna",NA,NA,NA,NA,0,0,1,0,NA,NA,NA,NA,NA,NA,NA,NA,NA,NA,NA,NA,NA,NA,NA,NA,NA,NA,0,1,NA,NA,NA,NA,NA,NA,NA,NA,NA,NA,NA,NA
"dummies","indigenous",NA,"whichIndigenous_lenca","A que grupo pertenece?/Lenca",NA,NA,NA,NA,0,0,1,0,NA,NA,NA,NA,NA,NA,NA,NA,NA,NA,NA,NA,NA,NA,NA,NA,NA,NA,0,1,NA,NA,NA,NA,NA,NA,NA,NA,NA,NA,NA,NA
"dummies","indigenous",NA,"whichIndigenous_mayaChorti","A que grupo pertenece?/Maya-Chorti",NA,NA,NA,NA,0,0,1,0,NA,NA,NA,NA,NA,NA,NA,NA,NA,NA,NA,NA,NA,NA,NA,NA,NA,NA,0,1,NA,NA,NA,NA,NA,NA,NA,NA,NA,NA,NA,NA
"dummies","indigenous",NA,"whichIndigenous_miskito","A que grupo pertenece?/Miskito",NA,NA,NA,NA,0,0,1,0,NA,NA,NA,NA,NA,NA,NA,NA,NA,NA,NA,NA,NA,NA,NA,NA,NA,NA,0,1,NA,NA,NA,NA,NA,NA,NA,NA,NA,NA,NA,NA
"dummies","indigenous",NA,"whichIndigenous_nahua","A que grupo pertenece?/Nahua",NA,NA,NA,NA,0,0,1,0,NA,NA,NA,NA,NA,NA,NA,NA,NA,NA,NA,NA,NA,NA,NA,NA,NA,NA,0,1,NA,NA,NA,NA,NA,NA,NA,NA,NA,NA,NA,NA
"dummies","indigenous",NA,"whichIndigenous_other","A que grupo pertenece?/Otro/No se",NA,NA,NA,NA,0,0,1,0,NA,NA,NA,NA,NA,NA,NA,NA,NA,NA,NA,NA,NA,NA,NA,NA,NA,NA,0,1,NA,NA,NA,NA,NA,NA,NA,NA,NA,NA,NA,NA
"dummies","indigenous",NA,"whichIndigenous_pech","A que grupo pertenece?/Pech",NA,NA,NA,NA,0,0,1,0,NA,NA,NA,NA,NA,NA,NA,NA,NA,NA,NA,NA,NA,NA,NA,NA,NA,NA,0,1,NA,NA,NA,NA,NA,NA,NA,NA,NA,NA,NA,NA
"dummies","indigenous",NA,"whichIndigenous_tawahka","A que grupo pertenece?/Tawahka",NA,NA,NA,NA,0,0,1,0,NA,NA,NA,NA,NA,NA,NA,NA,NA,NA,NA,NA,NA,NA,NA,NA,NA,NA,0,1,NA,NA,NA,NA,NA,NA,NA,NA,NA,NA,NA,NA
"dummies","indigenous",NA,"whichIndigenous_tolupan","A que grupo pertenece?/Tolupan",NA,NA,NA,NA,0,0,1,0,NA,NA,NA,NA,NA,NA,NA,NA,NA,NA,NA,NA,NA,NA,NA,NA,NA,NA,0,1,NA,NA,NA,NA,NA,NA,NA,NA,NA,NA,NA,NA
"select_multiple","farm_labor","E14","whoWorkedOnLandLastHarvest","Quien trabajo en los lotes (terrenos o parcelas) que usted cultivo durante la cosecha pasada?",TRUE,NA,NA,NA,0,0,0,2,NA,NA,NA,NA,NA,NA,NA,NA,NA,NA,NA,NA,NA,NA,NA,NA,NA,NA,1,0,NA,NA,NA,NA,NA,NA,NA,NA,NA,NA,NA,NA
"select_multiple","farm_labor",NA,"whoWorkedOnLandLastHarvest/Hire_labour","Quien trabajo en los lotes (terrenos o parcelas) que usted cultivo durante la cosecha pasada?/Jornaleros (mano de obra contratada)",NA,NA,NA,NA,0,0,1,0,NA,NA,NA,NA,NA,NA,NA,NA,NA,NA,NA,NA,NA,NA,NA,NA,NA,NA,1,0,NA,NA,NA,NA,NA,NA,NA,NA,NA,NA,NA,NA
"select_multiple","farm_labor",NA,"whoWorkedOnLandLastHarvest/Household","Quien trabajo en los lotes (terrenos o parcelas) que usted cultivo durante la cosecha pasada?/Miembros del hogar",NA,NA,NA,NA,0,0,1,0,NA,NA,NA,NA,NA,NA,NA,NA,NA,NA,NA,NA,NA,NA,NA,NA,NA,NA,1,0,NA,NA,NA,NA,NA,NA,NA,NA,NA,NA,NA,NA
"select_multiple","farm_labor",NA,"whoWorkedOnLandLastHarvest/no_answer","Quien trabajo en los lotes (terrenos o parcelas) que usted cultivo durante la cosecha pasada?/Sin respuesta",NA,NA,NA,NA,0,0,1,0,NA,NA,NA,NA,NA,NA,NA,NA,NA,NA,NA,NA,NA,NA,NA,NA,NA,NA,1,0,NA,NA,NA,NA,NA,NA,NA,NA,NA,NA,NA,NA
"select_multiple","farm_labor",NA,"whoWorkedOnLandLastHarvest/Reciprocal","Quien trabajo en los lotes (terrenos o parcelas) que usted cultivo durante la cosecha pasada?/Acuerdos de trabajo (intercambio de jornales) con la familia, amigos o vecinos",NA,NA,NA,NA,0,0,1,0,NA,NA,NA,NA,NA,NA,NA,NA,NA,NA,NA,NA,NA,NA,NA,NA,NA,NA,1,0,NA,NA,NA,NA,NA,NA,NA,NA,NA,NA,NA,NA
"select_one","snn","D6","willingToReceiveWhatsAppUpdates","Estaria dispuesto a recibir actualizaciones e informacion del proyecto via whatsapp?",TRUE,"${usesWhatsAppForMessages} = 'Y'",NA,NA,0,0,1,0,NA,NA,NA,NA,NA,NA,NA,NA,NA,NA,NA,NA,NA,NA,NA,NA,NA,NA,1,1,NA,NA,NA,NA,NA,NA,NA,NA,NA,NA,NA,NA
"select_multiple","women_desired_prt_mgmt",NA,"womenDesiredParticipationInCoffeeManagement","En que decisiones del manejo del cultivo de cafe le gustaria participar mas activamente?",TRUE,NA,"not(selected(${womenDesiredParticipationInCoffeeManagement}, 'unknown') and count-selected(${womenDesiredParticipationInCoffeeManagement})>1)",NA,0,0,0,2,NA,NA,NA,NA,NA,NA,NA,NA,NA,NA,NA,NA,NA,NA,NA,NA,NA,NA,0,1,NA,NA,NA,NA,NA,NA,NA,NA,NA,NA,NA,NA
"dummies","women_desired_prt_mgmt",NA,"womenDesiredParticipationInCoffeeManagement/Alreadyparticipate","En que decisiones del manejo del cultivo de cafe le gustaria participar mas activamente? /Ya participo activamente en todas las decisiones sobre cafe",NA,NA,NA,NA,0,0,1,0,NA,NA,NA,NA,NA,NA,NA,NA,NA,NA,NA,NA,NA,NA,NA,NA,NA,NA,0,1,NA,NA,NA,NA,NA,NA,NA,NA,NA,NA,NA,NA
"dummies","women_desired_prt_mgmt",NA,"womenDesiredParticipationInCoffeeManagement/Coffeequality","En que decisiones del manejo del cultivo de cafe le gustaria participar mas activamente? /Calidad del cafe",NA,NA,NA,NA,0,0,1,0,NA,NA,NA,NA,NA,NA,NA,NA,NA,NA,NA,NA,NA,NA,NA,NA,NA,NA,0,1,NA,NA,NA,NA,NA,NA,NA,NA,NA,NA,NA,NA
"dummies","women_desired_prt_mgmt",NA,"womenDesiredParticipationInCoffeeManagement/Cupdefects","En que decisiones del manejo del cultivo de cafe le gustaria participar mas activamente? /Defectos en taza",NA,NA,NA,NA,0,0,1,0,NA,NA,NA,NA,NA,NA,NA,NA,NA,NA,NA,NA,NA,NA,NA,NA,NA,NA,0,1,NA,NA,NA,NA,NA,NA,NA,NA,NA,NA,NA,NA
"dummies","women_desired_prt_mgmt",NA,"womenDesiredParticipationInCoffeeManagement/Deforestation","En que decisiones del manejo del cultivo de cafe le gustaria participar mas activamente? /Deforestacion",NA,NA,NA,NA,0,0,1,0,NA,NA,NA,NA,NA,NA,NA,NA,NA,NA,NA,NA,NA,NA,NA,NA,NA,NA,0,1,NA,NA,NA,NA,NA,NA,NA,NA,NA,NA,NA,NA
"dummies","women_desired_prt_mgmt",NA,"womenDesiredParticipationInCoffeeManagement/Fermentation","En que decisiones del manejo del cultivo de cafe le gustaria participar mas activamente? /Fermentacion",NA,NA,NA,NA,0,0,1,0,NA,NA,NA,NA,NA,NA,NA,NA,NA,NA,NA,NA,NA,NA,NA,NA,NA,NA,0,1,NA,NA,NA,NA,NA,NA,NA,NA,NA,NA,NA,NA
"dummies","women_desired_prt_mgmt",NA,"womenDesiredParticipationInCoffeeManagement/Fertilization","En que decisiones del manejo del cultivo de cafe le gustaria participar mas activamente? /Fertilizacion",NA,NA,NA,NA,0,0,1,0,NA,NA,NA,NA,NA,NA,NA,NA,NA,NA,NA,NA,NA,NA,NA,NA,NA,NA,0,1,NA,NA,NA,NA,NA,NA,NA,NA,NA,NA,NA,NA
"dummies","women_desired_prt_mgmt",NA,"womenDesiredParticipationInCoffeeManagement/Goodprocessingpractices","En que decisiones del manejo del cultivo de cafe le gustaria participar mas activamente? /Buenas practicas de beneficiado",NA,NA,NA,NA,0,0,1,0,NA,NA,NA,NA,NA,NA,NA,NA,NA,NA,NA,NA,NA,NA,NA,NA,NA,NA,0,1,NA,NA,NA,NA,NA,NA,NA,NA,NA,NA,NA,NA
"dummies","women_desired_prt_mgmt",NA,"womenDesiredParticipationInCoffeeManagement/Harvestmanagement","En que decisiones del manejo del cultivo de cafe le gustaria participar mas activamente? /Manejo de cosecha",NA,NA,NA,NA,0,0,1,0,NA,NA,NA,NA,NA,NA,NA,NA,NA,NA,NA,NA,NA,NA,NA,NA,NA,NA,0,1,NA,NA,NA,NA,NA,NA,NA,NA,NA,NA,NA,NA
"dummies","women_desired_prt_mgmt",NA,"womenDesiredParticipationInCoffeeManagement/other","En que decisiones del manejo del cultivo de cafe le gustaria participar mas activamente? /Otro",NA,NA,NA,NA,0,0,1,0,NA,NA,NA,NA,NA,NA,NA,NA,NA,NA,NA,NA,NA,NA,NA,NA,NA,NA,0,1,NA,NA,NA,NA,NA,NA,NA,NA,NA,NA,NA,NA
"dummies","women_desired_prt_mgmt",NA,"womenDesiredParticipationInCoffeeManagement/Pestanddiseasecontrol","En que decisiones del manejo del cultivo de cafe le gustaria participar mas activamente? /Control de plagas y enfermedades",NA,NA,NA,NA,0,0,1,0,NA,NA,NA,NA,NA,NA,NA,NA,NA,NA,NA,NA,NA,NA,NA,NA,NA,NA,0,1,NA,NA,NA,NA,NA,NA,NA,NA,NA,NA,NA,NA
"dummies","women_desired_prt_mgmt",NA,"womenDesiredParticipationInCoffeeManagement/Postharvesthandling","En que decisiones del manejo del cultivo de cafe le gustaria participar mas activamente? /Manejo de postcosecha",NA,NA,NA,NA,0,0,1,0,NA,NA,NA,NA,NA,NA,NA,NA,NA,NA,NA,NA,NA,NA,NA,NA,NA,NA,0,1,NA,NA,NA,NA,NA,NA,NA,NA,NA,NA,NA,NA
"dummies","women_desired_prt_mgmt",NA,"womenDesiredParticipationInCoffeeManagement/Responsibleuseofagrochemicals","En que decisiones del manejo del cultivo de cafe le gustaria participar mas activamente? /Uso responsable de agroquimicos",NA,NA,NA,NA,0,0,1,0,NA,NA,NA,NA,NA,NA,NA,NA,NA,NA,NA,NA,NA,NA,NA,NA,NA,NA,0,1,NA,NA,NA,NA,NA,NA,NA,NA,NA,NA,NA,NA
"dummies","women_desired_prt_mgmt",NA,"womenDesiredParticipationInCoffeeManagement/Ripeningscale","En que decisiones del manejo del cultivo de cafe le gustaria participar mas activamente? /Escala de maduracion",NA,NA,NA,NA,0,0,1,0,NA,NA,NA,NA,NA,NA,NA,NA,NA,NA,NA,NA,NA,NA,NA,NA,NA,NA,0,1,NA,NA,NA,NA,NA,NA,NA,NA,NA,NA,NA,NA
"dummies","women_desired_prt_mgmt",NA,"womenDesiredParticipationInCoffeeManagement/Saleofcoffee","En que decisiones del manejo del cultivo de cafe le gustaria participar mas activamente? /Venta del cafe",NA,NA,NA,NA,0,0,1,0,NA,NA,NA,NA,NA,NA,NA,NA,NA,NA,NA,NA,NA,NA,NA,NA,NA,NA,0,1,NA,NA,NA,NA,NA,NA,NA,NA,NA,NA,NA,NA
"dummies","women_desired_prt_mgmt",NA,"womenDesiredParticipationInCoffeeManagement/Soilmanagement","En que decisiones del manejo del cultivo de cafe le gustaria participar mas activamente? /Manejo del suelo",NA,NA,NA,NA,0,0,1,0,NA,NA,NA,NA,NA,NA,NA,NA,NA,NA,NA,NA,NA,NA,NA,NA,NA,NA,0,1,NA,NA,NA,NA,NA,NA,NA,NA,NA,NA,NA,NA
"dummies","women_desired_prt_mgmt",NA,"womenDesiredParticipationInCoffeeManagement/Tissuemanagement","En que decisiones del manejo del cultivo de cafe le gustaria participar mas activamente? /Manejo de tejidos",NA,NA,NA,NA,0,0,1,0,NA,NA,NA,NA,NA,NA,NA,NA,NA,NA,NA,NA,NA,NA,NA,NA,NA,NA,0,1,NA,NA,NA,NA,NA,NA,NA,NA,NA,NA,NA,NA
"dummies","women_desired_prt_mgmt",NA,"womenDesiredParticipationInCoffeeManagement/unknown","En que decisiones del manejo del cultivo de cafe le gustaria participar mas activamente? /No sabe",NA,NA,NA,NA,0,0,1,0,NA,NA,NA,NA,NA,NA,NA,NA,NA,NA,NA,NA,NA,NA,NA,NA,NA,NA,0,1,NA,NA,NA,NA,NA,NA,NA,NA,NA,NA,NA,NA
"select_one","women_participation_extent",NA,"womenParticipationInDecisions","Hasta que punto usted siente que puede participar en decisiones respecto al manejo del cafe si usted quiere hacerlo?",TRUE,NA,NA,NA,0,0,0,1,NA,NA,NA,NA,NA,NA,NA,NA,NA,NA,NA,NA,NA,NA,NA,NA,NA,NA,0,1,NA,NA,NA,NA,NA,NA,NA,NA,NA,NA,NA,NA
"dummies","women_participation_extent",NA,"womenParticipationInDecisions_alot","Hasta que punto usted siente que puede participar en decisiones respecto al manejo del cafe si usted quiere hacerlo?/Mucho",NA,NA,NA,NA,0,0,1,0,NA,NA,NA,NA,NA,NA,NA,NA,NA,NA,NA,NA,NA,NA,NA,NA,NA,NA,0,1,NA,NA,NA,NA,NA,NA,NA,NA,NA,NA,NA,NA
"dummies","women_participation_extent",NA,"womenParticipationInDecisions_little","Hasta que punto usted siente que puede participar en decisiones respecto al manejo del cafe si usted quiere hacerlo?/Poco",NA,NA,NA,NA,0,0,1,0,NA,NA,NA,NA,NA,NA,NA,NA,NA,NA,NA,NA,NA,NA,NA,NA,NA,NA,0,1,NA,NA,NA,NA,NA,NA,NA,NA,NA,NA,NA,NA
"dummies","women_participation_extent",NA,"womenParticipationInDecisions_moreorless","Hasta que punto usted siente que puede participar en decisiones respecto al manejo del cafe si usted quiere hacerlo?/Mas o menos",NA,NA,NA,NA,0,0,1,0,NA,NA,NA,NA,NA,NA,NA,NA,NA,NA,NA,NA,NA,NA,NA,NA,NA,NA,0,1,NA,NA,NA,NA,NA,NA,NA,NA,NA,NA,NA,NA
"dummies","women_participation_extent",NA,"womenParticipationInDecisions_none","Hasta que punto usted siente que puede participar en decisiones respecto al manejo del cafe si usted quiere hacerlo?/Nada",NA,NA,NA,NA,0,0,1,0,NA,NA,NA,NA,NA,NA,NA,NA,NA,NA,NA,NA,NA,NA,NA,NA,NA,NA,0,1,NA,NA,NA,NA,NA,NA,NA,NA,NA,NA,NA,NA
"select_one","snn",NA,"womenParticipationInGroupTraining","En general participaron las mujeres del hogar en los entrenamientos grupales?",TRUE,"${assisGroup} = 'Y'",NA,NA,0,0,1,0,NA,NA,NA,NA,NA,NA,NA,NA,NA,NA,NA,NA,NA,NA,NA,NA,NA,NA,0,1,NA,NA,NA,NA,NA,NA,NA,NA,NA,NA,NA,NA
"select_one","women_participation_extent",NA,"womenParticipationInIncomeDecisions","En que medida ha participado usted en las decisiones sobre el uso de los ingresos generados por la venta del cafe?",TRUE,NA,NA,NA,0,0,0,1,NA,NA,NA,NA,NA,NA,NA,NA,NA,NA,NA,NA,NA,NA,NA,NA,NA,NA,0,1,NA,NA,NA,NA,NA,NA,NA,NA,NA,NA,NA,NA
"dummies","women_participation_extent",NA,"womenParticipationInIncomeDecisions_alot","En que medida ha participado usted en las decisiones sobre el uso de los ingresos generados por la venta del cafe?/Mucho",NA,NA,NA,NA,0,0,1,0,NA,NA,NA,NA,NA,NA,NA,NA,NA,NA,NA,NA,NA,NA,NA,NA,NA,NA,0,1,NA,NA,NA,NA,NA,NA,NA,NA,NA,NA,NA,NA
"dummies","women_participation_extent",NA,"womenParticipationInIncomeDecisions_little","En que medida ha participado usted en las decisiones sobre el uso de los ingresos generados por la venta del cafe?/Poco",NA,NA,NA,NA,0,0,1,0,NA,NA,NA,NA,NA,NA,NA,NA,NA,NA,NA,NA,NA,NA,NA,NA,NA,NA,0,1,NA,NA,NA,NA,NA,NA,NA,NA,NA,NA,NA,NA
"dummies","women_participation_extent",NA,"womenParticipationInIncomeDecisions_moreorless","En que medida ha participado usted en las decisiones sobre el uso de los ingresos generados por la venta del cafe?/Mas o menos",NA,NA,NA,NA,0,0,1,0,NA,NA,NA,NA,NA,NA,NA,NA,NA,NA,NA,NA,NA,NA,NA,NA,NA,NA,0,1,NA,NA,NA,NA,NA,NA,NA,NA,NA,NA,NA,NA
"dummies","women_participation_extent",NA,"womenParticipationInIncomeDecisions_none","En que medida ha participado usted en las decisiones sobre el uso de los ingresos generados por la venta del cafe?/Nada",NA,NA,NA,NA,0,0,1,0,NA,NA,NA,NA,NA,NA,NA,NA,NA,NA,NA,NA,NA,NA,NA,NA,NA,NA,0,1,NA,NA,NA,NA,NA,NA,NA,NA,NA,NA,NA,NA
"select_one","snn",NA,"womenParticipationInTechnicalAssistance","En general participaron las mujeres del hogar en la asistencia tecnica?",TRUE,"${assisIndiv} = 'Y'",NA,NA,0,0,1,0,NA,NA,NA,NA,NA,NA,NA,NA,NA,NA,NA,NA,NA,NA,NA,NA,NA,NA,0,1,NA,NA,NA,NA,NA,NA,NA,NA,NA,NA,NA,NA
"select_one","work_away","C5","worksFrequentlyAwayFromHome","Usted o su pareja trabajan fuera del hogar por mas de tres meses al ano?",TRUE,NA,NA,NA,0,0,0,1,NA,NA,NA,NA,NA,NA,NA,NA,NA,NA,NA,NA,NA,NA,NA,NA,NA,NA,1,1,NA,NA,NA,NA,NA,NA,NA,NA,NA,NA,NA,NA
"dummies","work_away",NA,"worksFrequentlyAwayFromHome_no","Usted o su pareja trabajan fuera del hogar por mas de tres meses al ano? /Vivo/vivimos en el hogar",NA,NA,NA,NA,0,0,1,0,NA,NA,NA,NA,NA,NA,NA,NA,NA,NA,NA,NA,NA,NA,NA,NA,NA,NA,1,1,NA,NA,NA,NA,NA,NA,NA,NA,NA,NA,NA,NA
"dummies","work_away",NA,"worksFrequentlyAwayFromHome_no_answer","Usted o su pareja trabajan fuera del hogar por mas de tres meses al ano? /Sin respuesta",NA,NA,NA,NA,0,0,1,0,NA,NA,NA,NA,NA,NA,NA,NA,NA,NA,NA,NA,NA,NA,NA,NA,NA,NA,1,1,NA,NA,NA,NA,NA,NA,NA,NA,NA,NA,NA,NA
"dummies","work_away",NA,"worksFrequentlyAwayFromHome_yes_both","Usted o su pareja trabajan fuera del hogar por mas de tres meses al ano? /Mi conyuge y yo trabajamos en otro lugar por tres o mas meses en el ano",NA,NA,NA,NA,0,0,1,0,NA,NA,NA,NA,NA,NA,NA,NA,NA,NA,NA,NA,NA,NA,NA,NA,NA,NA,1,1,NA,NA,NA,NA,NA,NA,NA,NA,NA,NA,NA,NA
"dummies","work_away",NA,"worksFrequentlyAwayFromHome_yes_me","Usted o su pareja trabajan fuera del hogar por mas de tres meses al ano? /Trabajo en otro lugar por tres o mas meses en el ano",NA,NA,NA,NA,0,0,1,0,NA,NA,NA,NA,NA,NA,NA,NA,NA,NA,NA,NA,NA,NA,NA,NA,NA,NA,1,1,NA,NA,NA,NA,NA,NA,NA,NA,NA,NA,NA,NA
"dummies","work_away",NA,"worksFrequentlyAwayFromHome_yes_spouse","Usted o su pareja trabajan fuera del hogar por mas de tres meses al ano? /Mi conyuge trabaja en otro lugar por tres o mas meses en el ano",NA,NA,NA,NA,0,0,1,0,NA,NA,NA,NA,NA,NA,NA,NA,NA,NA,NA,NA,NA,NA,NA,NA,NA,NA,1,1,NA,NA,NA,NA,NA,NA,NA,NA,NA,NA,NA,NA
"select_one","months","I3","worstMonthForFoodAvailability","Cual es el peor mes del ano en terminos de disponibilidad de alimentos?",TRUE,"seasonsWithLessFoodAvailability == 'Si'",NA,NA,0,0,0,1,NA,NA,NA,NA,NA,NA,NA,NA,NA,NA,NA,NA,NA,NA,NA,NA,NA,NA,1,0,NA,NA,NA,NA,NA,NA,NA,NA,NA,NA,NA,NA
"select_one","months",NA,"worstMonthForFoodAvailability_apr","Cual es el peor mes del ano en terminos de disponibilidad de alimentos?/Abr",NA,NA,NA,NA,0,0,1,0,NA,NA,NA,NA,NA,NA,NA,NA,NA,NA,NA,NA,NA,NA,NA,NA,NA,NA,1,0,NA,NA,NA,NA,NA,NA,NA,NA,NA,NA,NA,NA
"select_one","months",NA,"worstMonthForFoodAvailability_aug","Cual es el peor mes del ano en terminos de disponibilidad de alimentos?/Ago",NA,NA,NA,NA,0,0,1,0,NA,NA,NA,NA,NA,NA,NA,NA,NA,NA,NA,NA,NA,NA,NA,NA,NA,NA,1,0,NA,NA,NA,NA,NA,NA,NA,NA,NA,NA,NA,NA
"select_one","months",NA,"worstMonthForFoodAvailability_dec","Cual es el peor mes del ano en terminos de disponibilidad de alimentos?/Dic",NA,NA,NA,NA,0,0,1,0,NA,NA,NA,NA,NA,NA,NA,NA,NA,NA,NA,NA,NA,NA,NA,NA,NA,NA,1,0,NA,NA,NA,NA,NA,NA,NA,NA,NA,NA,NA,NA
"select_one","months",NA,"worstMonthForFoodAvailability_feb","Cual es el peor mes del ano en terminos de disponibilidad de alimentos?/Feb",NA,NA,NA,NA,0,0,1,0,NA,NA,NA,NA,NA,NA,NA,NA,NA,NA,NA,NA,NA,NA,NA,NA,NA,NA,0,0,NA,NA,NA,NA,NA,NA,NA,NA,NA,NA,NA,NA
"select_one","months",NA,"worstMonthForFoodAvailability_jan","Cual es el peor mes del ano en terminos de disponibilidad de alimentos?/Ene",NA,NA,NA,NA,0,0,1,0,NA,NA,NA,NA,NA,NA,NA,NA,NA,NA,NA,NA,NA,NA,NA,NA,NA,NA,0,0,NA,NA,NA,NA,NA,NA,NA,NA,NA,NA,NA,NA
"select_one","months",NA,"worstMonthForFoodAvailability_jul","Cual es el peor mes del ano en terminos de disponibilidad de alimentos?/Jul",NA,NA,NA,NA,0,0,1,0,NA,NA,NA,NA,NA,NA,NA,NA,NA,NA,NA,NA,NA,NA,NA,NA,NA,NA,1,0,NA,NA,NA,NA,NA,NA,NA,NA,NA,NA,NA,NA
"select_one","months",NA,"worstMonthForFoodAvailability_jun","Cual es el peor mes del ano en terminos de disponibilidad de alimentos?/Jun",NA,NA,NA,NA,0,0,1,0,NA,NA,NA,NA,NA,NA,NA,NA,NA,NA,NA,NA,NA,NA,NA,NA,NA,NA,1,0,NA,NA,NA,NA,NA,NA,NA,NA,NA,NA,NA,NA
"select_one","months",NA,"worstMonthForFoodAvailability_mar","Cual es el peor mes del ano en terminos de disponibilidad de alimentos?/Mar",NA,NA,NA,NA,0,0,1,0,NA,NA,NA,NA,NA,NA,NA,NA,NA,NA,NA,NA,NA,NA,NA,NA,NA,NA,1,0,NA,NA,NA,NA,NA,NA,NA,NA,NA,NA,NA,NA
"select_one","months",NA,"worstMonthForFoodAvailability_may","Cual es el peor mes del ano en terminos de disponibilidad de alimentos?/May",NA,NA,NA,NA,0,0,1,0,NA,NA,NA,NA,NA,NA,NA,NA,NA,NA,NA,NA,NA,NA,NA,NA,NA,NA,1,0,NA,NA,NA,NA,NA,NA,NA,NA,NA,NA,NA,NA
"select_one","months",NA,"worstMonthForFoodAvailability_no_answer","Cual es el peor mes del ano en terminos de disponibilidad de alimentos?/Sin respuesta",NA,NA,NA,NA,0,0,1,0,NA,NA,NA,NA,NA,NA,NA,NA,NA,NA,NA,NA,NA,NA,NA,NA,NA,NA,1,0,NA,NA,NA,NA,NA,NA,NA,NA,NA,NA,NA,NA
"select_one","months",NA,"worstMonthForFoodAvailability_nov","Cual es el peor mes del ano en terminos de disponibilidad de alimentos?/Nov",NA,NA,NA,NA,0,0,1,0,NA,NA,NA,NA,NA,NA,NA,NA,NA,NA,NA,NA,NA,NA,NA,NA,NA,NA,1,0,NA,NA,NA,NA,NA,NA,NA,NA,NA,NA,NA,NA
"select_one","months",NA,"worstMonthForFoodAvailability_oct","Cual es el peor mes del ano en terminos de disponibilidad de alimentos?/Oct",NA,NA,NA,NA,0,0,1,0,NA,NA,NA,NA,NA,NA,NA,NA,NA,NA,NA,NA,NA,NA,NA,NA,NA,NA,1,0,NA,NA,NA,NA,NA,NA,NA,NA,NA,NA,NA,NA
"select_one","months",NA,"worstMonthForFoodAvailability_sep","Cual es el peor mes del ano en terminos de disponibilidad de alimentos?/Sep",NA,NA,NA,NA,0,0,1,0,NA,NA,NA,NA,NA,NA,NA,NA,NA,NA,NA,NA,NA,NA,NA,NA,NA,NA,1,0,NA,NA,NA,NA,NA,NA,NA,NA,NA,NA,NA,NA
"integer",NA,"E31","yearOfLastSoilAnalysis","En que ano realizo el ultimo analisis de suelo de su terreno?",TRUE,"selected(${decisionProcessForFertilizers}, 'soil_test')",".>=1980 and .<=2024",NA,0,1,0,0,NA,NA,NA,NA,NA,NA,NA,NA,NA,NA,NA,NA,NA,NA,NA,NA,NA,NA,1,1,NA,NA,NA,NA,NA,NA,NA,NA,NA,NA,NA,NA
"integer",NA,"B2","yearsExperienceInCoffeeFarming","Cuantos anos de experiencia tiene usted como caficultor?",TRUE,NA,".<${respondentAge}",NA,0,1,0,0,NA,NA,NA,NA,NA,NA,NA,NA,NA,NA,NA,NA,NA,NA,NA,NA,NA,NA,1,1,NA,NA,NA,NA,NA,NA,NA,NA,NA,NA,NA,NA
"Created",NA,NA,"yieldKgPerHa","Rendimiento. Kilogramos de café verde producidos por hectárea",NA,NA,NA,NA,1,0,0,0,NA,NA,NA,NA,NA,NA,NA,NA,NA,NA,NA,NA,NA,NA,NA,NA,NA,NA,1,1,NA,NA,NA,1,NA,NA,NA,NA,NA,NA,NA,NA
"Created",NA,NA,"densityPlantsPerHa","Densidad. Número de plantas sembradas por hectárea",NA,NA,NA,NA,1,0,0,0,NA,NA,NA,NA,NA,NA,NA,NA,NA,NA,NA,NA,NA,NA,NA,NA,NA,NA,1,1,NA,NA,NA,1,NA,NA,NA,NA,NA,NA,3,1
"Created",NA,NA,"time","Tiempo de la encuesta. 0 para baseline, 1 para endline",NA,NA,NA,NA,0,0,1,0,NA,NA,NA,NA,NA,NA,NA,NA,NA,NA,NA,NA,NA,NA,NA,NA,NA,NA,1,1,NA,NA,NA,NA,NA,NA,NA,NA,NA,TRUE,NA,NA
